# Blender 5.2.2 LTS
# www.blender.org
mtllib Untitled11.mtl
o Joy-Con_Golf_Club_Left_hand
v 0.852829 0.300121 0.334147
v -1.186846 0.286972 0.334147
v 0.846061 1.349955 0.559116
v -1.193614 1.336805 0.559116
v 0.846061 1.349955 -0.546396
v -1.193614 1.336805 -0.546396
v 0.852829 0.300121 -0.321427
v -1.186846 0.286972 -0.321427
v 0.809465 7.026552 -0.728537
v 0.852829 0.300121 -0.728538
v 0.669628 7.025650 -0.868378
v 0.552877 0.298187 -1.028497
v 0.509513 7.024618 -1.028496
v -0.901892 0.288809 -1.028497
v -0.945256 7.015240 -1.028496
v -0.827032 7.016001 -1.028496
v -0.793776 7.016216 -1.028496
v -0.758360 7.016443 -1.028496
v -0.029812 7.021141 -1.028496
v 0.077091 7.021830 -1.028496
v 0.187865 7.022545 -1.028496
v 0.302170 7.023281 -1.028496
v 0.419710 7.024038 -1.028496
v -1.063936 7.014475 -0.909814
v -1.186846 0.286972 -0.743537
v -1.230210 7.013403 -0.743536
v -1.230211 7.013403 0.756257
v -1.186846 0.286972 0.756256
v -1.063936 7.014475 0.922535
v -0.901892 0.288809 1.041217
v -0.945256 7.015240 1.041218
v -1.230211 7.013403 0.131612
v -1.257815 11.295282 -0.743535
v -1.257815 11.295282 0.756258
v -1.256110 12.256983 0.756258
v -0.972861 11.297121 1.041219
v -0.971162 12.254137 1.041219
v -0.839238 7.015923 1.041218
v -0.726818 17.031694 1.041219
v -0.807097 16.078054 1.041219
v -0.809087 7.016117 1.041218
v -0.630870 17.983889 1.041219
v -0.776889 7.016325 1.041218
v -0.519281 18.934389 1.041220
v -0.742949 7.016544 1.041218
v -0.392078 19.882921 1.041220
v 0.014519 7.021427 1.041218
v 0.115968 7.022081 1.041218
v -0.249299 20.829218 1.041220
v 0.220695 7.022757 1.041218
v -0.090980 21.773058 1.041220
v 0.509513 7.024618 1.041218
v 0.407991 22.772116 1.041220
v 0.676109 7.025692 0.874619
v 0.707943 22.774050 0.741262
v 0.707060 22.911081 0.750243
v 0.809465 7.026552 0.741260
v 0.809465 7.026552 0.090084
v 0.698700 24.207747 -0.728535
v 0.398748 24.205812 -1.028494
v 0.547896 24.335463 -0.875608
v 0.397701 24.368299 -1.024090
v 0.547070 24.463648 -0.866913
v 0.396658 24.530001 -1.010923
v 0.546247 24.591185 -0.852467
v 0.395623 24.690569 -0.989063
v 0.545431 24.717840 -0.832309
v 0.394598 24.849649 -0.958578
v 0.544621 24.843458 -0.806475
v 0.393584 25.006971 -0.919506
v 0.543818 24.967882 -0.774976
v 0.543025 25.090876 -0.737869
v 0.694052 24.928789 -0.630446
v 0.693152 25.068426 -0.587631
v 0.238378 23.490805 -1.028494
v 0.039472 22.487307 -1.028494
v -0.141766 21.480467 -1.028494
v -0.305282 20.470598 -1.028494
v -0.451023 19.458014 -1.028495
v -0.578947 18.443007 -1.028495
v -0.689011 17.425924 -1.028495
v -0.972860 11.297121 -1.028496
v -1.255436 12.320787 -0.743535
v -0.970466 12.320135 -1.028496
v -0.950091 13.342966 -1.028495
v -1.235078 13.346106 -0.743535
v -1.238592 13.218527 0.756258
v -0.911744 14.365267 -1.028495
v -1.196749 14.370901 -0.743535
v -0.855436 15.386744 -1.028495
v -0.781184 16.407057 -1.028495
v -1.140457 15.394876 -0.743535
v -1.066222 16.417696 -0.743534
v -0.974067 17.439074 -0.743534
v -0.864020 18.458654 -0.743534
v -0.953730 13.211000 1.041219
v -0.920569 14.167448 1.041219
v -1.205267 14.179667 0.756258
v -0.871687 15.123209 1.041219
v -1.156146 15.140108 0.756258
v -1.091241 16.099615 0.756259
v -1.010569 17.057943 0.756259
v -0.914150 18.014791 0.756259
v -0.802015 18.969942 0.756259
v -0.736113 19.476168 -0.743534
v -0.674191 19.923109 0.756259
v -0.590387 20.491266 -0.743534
v -0.530712 20.874052 0.756259
v -0.426888 21.503672 -0.743534
v -0.371618 21.822508 0.756259
v -0.245664 22.513056 -0.743533
v 0.082835 22.714167 1.041220
v -0.057059 22.741194 0.898740
v -0.050449 22.775343 0.899120
v -0.196953 22.768217 0.756260
v -0.182114 22.844744 0.759116
v -0.163827 22.938299 0.770471
v -0.046771 23.519098 -0.743533
v 0.407303 22.878839 1.048853
v 0.107038 22.839201 1.044416
v 0.120597 22.909285 1.054220
v 0.093660 22.770090 1.041220
v -0.044226 22.807417 0.900168
v -0.039341 22.856344 0.899122
v -0.087040 22.871893 0.850604
v -0.029962 22.904428 0.905146
v -0.077161 22.922434 0.857551
v -0.015069 22.980532 0.920164
v -0.061480 23.002298 0.874297
v -0.000269 23.055815 0.942081
v -0.045908 23.081156 0.898252
v 0.014236 23.129324 0.970685
v -0.030656 23.157980 0.929164
v 0.028262 23.200129 1.005629
v -0.015913 23.231859 0.966642
v 0.041621 23.267351 1.046553
v -0.001879 23.301851 1.010283
v 0.054133 23.330099 1.092785
v 0.011260 23.367083 1.059365
v 0.065649 23.387686 1.143403
v 0.023349 23.426859 1.112913
v 0.076328 23.440954 1.199041
v 0.034555 23.482080 1.171599
v 0.086266 23.490408 1.260650
v 0.044978 23.533278 1.236418
v 0.095257 23.535067 1.327723
v 0.054409 23.579439 1.306835
v 0.103095 23.573923 1.399406
v 0.062624 23.619555 1.381955
v 0.109624 23.606253 1.474782
v 0.069470 23.652925 1.460826
v 0.114763 23.631666 1.552792
v 0.074853 23.679113 1.542360
v 0.119772 23.637831 1.592288
v 0.070470 23.686502 1.547502
v 0.094787 23.662493 8.782299
v 0.014037 23.742216 1.500482
v -0.048610 23.804052 8.782299
v -0.048609 23.804052 1.451400
v -0.051180 24.202913 -0.743533
v -0.046772 23.519098 1.082715
v -0.060513 23.452456 1.017559
v 0.233775 24.204752 -1.028494
v 0.090449 24.335478 -0.882979
v 0.232727 24.367311 -1.024085
v 0.089603 24.466742 -0.873891
v 0.231683 24.529268 -1.010887
v 0.088760 24.597403 -0.858775
v 0.230645 24.690241 -0.988943
v 0.087924 24.727262 -0.837655
v 0.229616 24.849874 -0.958295
v 0.087093 24.856092 -0.810558
v 0.228598 25.007742 -0.919011
v 0.086271 24.983606 -0.777541
v 0.227596 25.163099 -0.871274
v 0.085460 25.109331 -0.738720
v 0.084662 25.233091 -0.694169
v -0.056771 25.070211 -0.601250
v -0.057661 25.208200 -0.550519
v -0.134739 22.887438 0.802086
v -0.145369 23.031946 0.790728
v -0.124360 22.940447 0.809955
v -0.127041 23.124125 0.820006
v -0.109129 23.213480 0.857982
v 0.686736 26.063597 0.010574
v 0.687438 25.954725 -0.087033
v 0.706192 23.045763 0.777035
v 0.696508 24.547731 0.758538
v 0.696341 24.573763 0.756260
v 0.406629 22.983389 1.071596
v 0.536499 26.103231 -0.155783
v 0.537143 26.003302 -0.240835
v 0.386234 26.146910 -0.315714
v 0.387052 26.020178 -0.417515
v 0.686069 26.167036 0.113947
v 0.535881 26.199106 -0.066241
v 0.385455 26.267881 -0.207262
v 0.697758 24.353975 -0.724571
v 0.696820 24.499514 -0.712721
v 0.690556 25.471132 -0.414649
v 0.689735 25.598448 -0.342747
v 0.539953 25.567545 -0.532603
v 0.541080 25.392656 -0.620024
v 0.389699 25.609575 -0.679731
v 0.390637 25.463961 -0.751865
v 0.688940 25.721727 -0.264022
v 0.538505 25.792048 -0.396832
v 0.539219 25.681334 -0.467316
v 0.388787 25.751032 -0.599840
v 0.688173 25.840670 -0.178654
v 0.537813 25.899488 -0.321255
v 0.387904 25.888021 -0.512368
v 0.134114 22.979231 1.070939
v 0.705353 23.175806 0.821177
v 0.696824 24.498774 0.776353
v 0.696671 24.522470 0.765305
v 0.405983 23.083628 1.108987
v 0.147375 23.047937 1.094524
v 0.160180 23.114340 1.124701
v 0.666514 24.547541 0.758538
v 0.666346 24.573572 0.756260
v 0.666677 24.522280 0.765305
v 0.696173 24.599813 0.758538
v 0.690514 25.477579 0.758539
v 0.690346 25.503618 0.756260
v 0.666178 24.599623 0.758538
v 0.685439 26.264803 0.222868
v 0.535290 26.290792 0.027649
v 0.384714 26.382807 -0.092402
v -0.107891 23.024073 0.828430
v 0.704559 23.298967 0.881916
v 0.697082 24.458883 0.809834
v 0.696962 24.477362 0.791349
v 0.405377 23.177534 1.160264
v 0.172327 23.177397 1.161155
v -0.075546 23.186628 0.887643
v -0.091548 23.106478 0.854424
v 0.666830 24.498583 0.776353
v 0.666968 24.477171 0.791348
v 0.404825 23.263186 1.224383
v 0.703823 23.413141 0.958211
v 0.183619 23.236109 1.203148
v 0.193943 23.289843 1.249948
v 0.697293 24.426065 0.880196
v 0.697249 24.432833 0.854943
v -0.091896 23.298780 0.904068
v -0.060089 23.263578 0.927654
v -0.075607 23.378813 0.957634
v 0.667087 24.458693 0.809834
v 0.697178 24.443880 0.831250
v 0.667183 24.443689 0.831249
v 0.404337 23.338831 1.300039
v 0.703157 23.516386 1.048757
v 0.203544 23.339880 1.302830
v 0.697308 24.423788 0.906239
v -0.045377 23.336355 0.974013
v 0.403924 23.402960 1.385692
v 0.702574 23.606943 1.152006
v 0.212312 23.385618 1.361730
v 0.220039 23.425985 1.426116
v 0.667298 24.425875 0.880196
v 0.667255 24.432642 0.854943
v 0.667313 24.423597 0.906239
v -0.031610 23.404066 1.025945
v 0.403594 23.454241 1.479599
v 0.702082 23.683233 1.266189
v 0.226521 23.459871 1.495079
v -0.018951 23.466032 1.082424
v 0.403352 23.491629 1.579847
v 0.701690 23.743979 1.389355
v 0.231644 23.486681 1.567370
v 0.235312 23.505884 1.641764
v 0.697307 24.423788 8.855142
v 0.701175 23.823881 1.791117
v 0.701174 23.823881 8.782299
v 0.160948 23.597181 1.634580
v 0.238182 23.520937 8.782299
v 0.166469 23.594156 8.853969
v 0.238141 23.527338 8.902160
v 0.166421 23.601450 8.925155
v 0.238017 23.546476 9.020452
v 0.166343 23.613577 8.995665
v 0.166234 23.630507 9.065229
v 0.094655 23.682871 8.981237
v 0.094553 23.698671 9.046100
v 0.022966 23.752184 8.966810
v 0.022872 23.766821 9.026968
v -0.048733 23.823126 8.960120
v -0.048885 23.846781 9.046495
v 0.403206 23.514360 1.684396
v 0.701406 23.788115 1.519395
v 0.237475 23.517225 1.716861
v -0.047344 23.607958 1.160269
v -0.007220 23.523191 1.144157
v -0.052702 24.439047 0.831249
v -0.052799 24.454050 0.809834
v 0.216209 23.542631 1.710589
v 0.224895 23.534044 1.728865
v 0.238183 23.520937 1.791117
v 0.403157 23.521997 1.791117
v 0.701233 23.814901 1.654084
v 0.237768 23.521353 1.780204
v 0.403156 23.521997 8.782299
v 0.552166 23.672941 8.782299
v 0.236541 23.522558 1.769403
v 0.234562 23.524515 1.758835
v 0.231903 23.527132 1.748524
v -0.052128 24.350039 -0.739543
v -0.052918 24.472528 0.791348
v -0.047846 23.685812 1.248377
v -0.037595 23.618982 1.187956
v 0.003692 23.576132 1.212187
v 0.013560 23.623812 1.285948
v -0.052631 24.427999 0.854943
v -0.052588 24.421232 0.880195
v 0.403114 23.528490 8.902302
v 0.477630 23.602133 8.880569
v 0.552138 23.677275 8.873549
v 0.626644 23.752420 8.866530
v 0.626568 23.764280 8.949930
v 0.701143 23.828653 8.870301
v 0.701052 23.842768 8.957201
v 0.402990 23.547747 9.020801
v 0.477541 23.615992 8.977868
v 0.552055 23.690145 8.963899
v 0.237813 23.578165 9.136132
v 0.165967 23.671846 9.185074
v 0.094305 23.737207 9.157840
v 0.022641 23.802572 9.130606
v -0.049096 23.879427 9.129895
v 0.402785 23.579424 9.136562
v 0.477394 23.638815 9.073421
v 0.551918 23.711336 9.052627
v 0.626441 23.783854 9.031832
v 0.237531 23.621885 9.247831
v 0.165611 23.727160 9.299059
v 0.093972 23.788771 9.264118
v 0.022333 23.850405 9.229177
v -0.049362 23.920702 9.209299
v 0.402503 23.623167 9.248354
v 0.477190 23.670401 9.166451
v 0.551729 23.740671 9.139011
v 0.626267 23.810938 9.111572
v 0.700902 23.865999 9.042091
v 0.237175 23.677149 9.354175
v 0.165169 23.795786 9.405465
v 0.093560 23.852770 9.363328
v 0.021950 23.909746 9.321193
v -0.049681 23.970224 9.283800
v 0.402146 23.678663 9.354942
v 0.476931 23.710535 9.256183
v 0.551489 23.777937 9.222334
v 0.626045 23.845331 9.188486
v 0.700696 23.898073 9.124072
v 0.236747 23.743498 9.453951
v -0.022636 24.428194 0.854943
v -0.022593 24.421427 0.880195
v -0.022707 24.439241 0.831249
v -0.048270 23.751551 1.345860
v -0.018316 23.710836 1.347052
v -0.027290 23.668173 1.265060
v 0.022154 23.665209 1.364504
v -0.052573 24.418955 0.906239
v -0.052574 24.418955 8.855142
v -0.048640 23.808832 8.871795
v -0.022804 24.454245 0.809834
v 0.164646 23.876787 9.502996
v 0.093073 23.928293 9.454266
v 0.021499 23.979799 9.405535
v -0.050050 24.027487 9.352699
v 0.401717 23.745207 9.454866
v 0.476619 23.758993 9.341826
v 0.551198 23.822931 9.301861
v 0.625777 23.886858 9.261894
v 0.700433 23.938780 9.202238
v 0.236253 23.820166 9.546227
v 0.235698 23.906210 9.629842
v 0.164145 23.954596 9.577905
v 0.235090 24.000540 9.703690
v 0.163597 24.039541 9.644346
v 0.163062 24.122568 9.697084
v 0.092094 24.080042 9.586058
v 0.091595 24.157461 9.635230
v 0.020591 24.120539 9.527770
v 0.020128 24.192347 9.573377
v -0.050919 24.162161 9.470271
v -0.051407 24.238035 9.517592
v 0.401223 23.821829 9.546911
v 0.476257 23.815161 9.422376
v 0.550862 23.875082 9.376657
v 0.625467 23.934996 9.330936
v 0.700119 23.987566 9.275516
v -0.010841 23.746252 1.432913
v 0.029314 23.699583 1.446869
v -0.022579 24.419149 8.855142
v -0.052588 24.421232 8.881186
v -0.022593 24.421427 8.881186
v -0.052632 24.427999 8.906437
v -0.022637 24.428194 8.906437
v -0.052703 24.439047 8.930131
v -0.022708 24.439241 8.930131
v -0.052800 24.454050 8.951547
v -0.022805 24.454245 8.951547
v -0.052919 24.472528 8.970034
v -0.022924 24.472723 8.970034
v -0.053057 24.493940 8.985028
v -0.023062 24.494135 8.985028
v -0.053210 24.517637 8.996076
v -0.023215 24.517832 8.996076
v -0.053373 24.542898 9.002842
v -0.023378 24.543093 9.002842
v -0.053541 24.568930 9.005120
v -0.023546 24.569124 9.005120
v -0.053709 24.594980 9.002842
v -0.023714 24.595175 9.002842
v -0.053871 24.620218 8.996076
v -0.023876 24.620413 8.996076
v -0.054024 24.643919 8.985028
v -0.024029 24.644114 8.985028
v -0.054162 24.665335 8.970035
v -0.024167 24.665529 8.970035
v -0.054281 24.683809 8.951548
v -0.024286 24.684004 8.951548
v -0.054378 24.698809 8.930132
v -0.024383 24.699003 8.930132
v -0.054449 24.709864 8.906438
v -0.024454 24.710058 8.906438
v -0.054493 24.716627 8.881186
v -0.024498 24.716822 8.881186
v -0.054508 24.718904 8.855143
v -0.024513 24.719099 8.855143
v -0.024511 24.719099 0.906239
v -0.022578 24.419149 0.906239
v 0.400668 23.907824 9.630320
v 0.475351 23.955580 9.572045
v 0.475848 23.878481 9.497197
v 0.550022 24.005468 9.515635
v 0.550483 23.933886 9.446134
v 0.624691 24.055368 9.459225
v 0.625117 23.989279 9.395068
v 0.699757 24.043768 9.343015
v 0.023075 23.735388 8.844276
v 0.094772 23.664770 8.849123
v 0.023034 23.741686 8.905836
v 0.094728 23.671568 8.915494
v 0.400059 24.002367 9.704185
v 0.474807 24.040079 9.638693
v 0.549516 24.083937 9.577521
v 0.624224 24.127794 9.516351
v 0.699350 24.106829 9.404181
v 0.234435 24.102171 9.767066
v 0.697292 24.426065 8.881186
v 0.667297 24.425875 8.881186
v 0.667312 24.423597 8.855142
v 0.697248 24.432833 8.906437
v 0.697177 24.443880 8.930131
v 0.697080 24.458883 8.951547
v 0.696961 24.477362 8.970034
v 0.667253 24.432642 8.906437
v 0.667182 24.443689 8.930131
v 0.696507 24.547731 9.002842
v 0.696671 24.522470 8.996076
v 0.666966 24.477171 8.970034
v 0.667086 24.458693 8.951547
v 0.696823 24.498774 8.985028
v 0.666829 24.498583 8.985028
v 0.696340 24.573763 9.005120
v 0.666513 24.547541 9.002842
v 0.666676 24.522280 8.996076
v 0.666345 24.573572 9.005120
v 0.696172 24.599813 9.002842
v 0.666177 24.599623 9.002842
v 0.689502 25.634439 9.454812
v 0.691340 25.349295 9.507673
v 0.698903 24.176157 9.458349
v 0.162496 24.210333 9.741922
v 0.091068 24.239286 9.677036
v 0.019639 24.268236 9.612151
v -0.051928 24.318705 9.556663
v 0.399402 24.104216 9.767588
v 0.233738 24.210211 9.819392
v -0.050464 24.091722 9.415131
v 0.687699 25.914072 9.397339
v 0.537519 25.944735 9.543943
v 0.685929 26.188509 9.335245
v 0.535142 26.313498 9.459214
v 0.684191 26.458124 9.268477
v 0.532818 26.673937 9.366017
v 0.682482 26.723269 9.196990
v 0.530543 27.026907 9.264242
v 0.680799 26.984297 9.120729
v 0.679141 27.241598 9.039645
v 0.539956 25.566870 9.620325
v 0.389179 25.690023 9.749207
v 0.387339 25.975409 9.690547
v 0.696009 24.625051 8.996076
v 0.666015 24.624861 8.996076
v 0.690345 25.503618 8.930132
v 0.690513 25.477579 8.927854
v 0.161904 24.302092 9.778399
v 0.090516 24.324846 9.711045
v 0.019128 24.347586 9.643695
v -0.052472 24.403193 9.586883
v 0.398706 24.212099 9.819735
v 0.474115 24.147345 9.705439
v 0.548874 24.183538 9.639501
v 0.623631 24.219725 9.573561
v 0.698421 24.250853 9.504844
v 0.233009 24.323355 9.859867
v 0.021065 24.047079 9.470314
v 0.092605 24.000837 9.524111
v 0.693216 25.058260 9.555911
v 0.542456 25.179045 9.688384
v 0.391054 25.399202 9.803118
v 0.161294 24.396784 9.806047
v 0.089947 24.413141 9.736826
v 0.018600 24.429476 9.667604
v -0.053034 24.490332 9.607889
v 0.397979 24.324968 9.860023
v 0.473378 24.261683 9.758753
v 0.548189 24.289721 9.689006
v 0.623000 24.317736 9.619259
v 0.697911 24.329947 9.543084
v 0.232256 24.440065 9.888000
v 0.695132 24.761011 9.599512
v 0.545025 24.780451 9.748096
v 0.392966 25.102610 9.852277
v 0.697378 24.412733 9.572630
v 0.696826 24.498236 9.593248
v -0.022923 24.472723 0.791348
v -0.053056 24.493940 0.776353
v -0.023061 24.494135 0.776353
v -0.053209 24.517637 0.765305
v -0.053073 24.496595 -0.727599
v -0.053372 24.542898 0.758538
v -0.054012 24.642271 -0.707740
v -0.053540 24.568930 0.756260
v -0.053708 24.594980 0.758538
v 0.695888 24.644030 -0.693047
v 0.694965 24.787195 -0.665611
v 0.692267 25.205675 -0.537296
v 0.691401 25.340078 -0.479570
v 0.542243 25.212179 -0.695235
v 0.392583 25.162123 -0.871934
v 0.391600 25.314615 -0.816006
v 0.160670 24.493597 9.824750
v 0.089365 24.503397 9.754264
v 0.018060 24.513193 9.683778
v -0.053607 24.579172 9.619557
v 0.397227 24.441576 9.888139
v 0.472604 24.381708 9.797897
v 0.547471 24.401163 9.725354
v 0.622336 24.420626 9.652811
v 0.231489 24.559057 9.903627
v 0.160037 24.591707 9.834397
v 0.088775 24.594881 9.763259
v 0.017513 24.598036 9.692120
v -0.054184 24.668783 9.621760
v 0.396461 24.560492 9.903778
v 0.471806 24.505621 9.822458
v 0.546729 24.516226 9.748160
v 0.621652 24.526834 9.673864
v 0.230716 24.679068 9.906576
v -0.023214 24.517832 0.765305
v -0.023377 24.543093 0.758538
v 0.695698 24.673288 9.606820
v 0.620472 24.709803 9.680070
v 0.545451 24.714453 9.754883
v 0.470429 24.719095 9.829697
v 0.470889 24.647840 9.832153
v 0.395688 24.680281 9.906646
v 0.696264 24.585447 9.604716
v 0.621260 24.587648 9.680099
v 0.546304 24.582125 9.754916
v 0.471348 24.576590 9.829733
v 0.665605 24.688452 8.951548
v 0.665508 24.703451 8.930132
v 0.159401 24.690332 9.834886
v 0.088182 24.686831 9.763713
v 0.016963 24.683325 9.692543
v -0.054761 24.758219 9.614371
v 0.229943 24.798838 9.896679
v 0.665724 24.669977 8.970035
v 0.695599 24.688643 8.951548
v 0.695502 24.703642 8.930132
v 0.695718 24.670168 8.970035
v 0.666016 24.624861 0.765305
v 0.665863 24.648561 0.776353
v 0.665437 24.714506 8.906438
v 0.665378 24.723547 8.855143
v 0.665509 24.703451 0.831250
v 0.665380 24.723547 0.906239
v 0.665438 24.714506 0.854943
v 0.665394 24.721270 0.880196
v 0.695431 24.714697 8.906438
v -0.024028 24.644114 0.776353
v -0.024166 24.665529 0.791348
v -0.023545 24.569124 0.756260
v -0.023713 24.595175 0.758538
v 0.665862 24.648561 8.985028
v 0.695856 24.648752 8.985028
v 0.620866 24.648737 9.682174
v 0.545877 24.648287 9.757164
v -0.054944 24.786753 -0.680003
v 0.087591 24.778524 9.755525
v 0.394917 24.799898 9.896679
v 0.228145 25.077837 9.855958
v 0.696010 24.625051 0.765305
v 0.690677 25.452318 0.765305
v 0.660520 25.477388 0.758539
v 0.660352 25.503428 0.756260
v 0.660682 25.452127 0.765305
v 0.690178 25.529669 0.758539
v 0.683592 26.551275 0.565412
v 0.660184 25.529478 0.758539
v 0.533481 26.571337 0.355545
v 0.384013 26.491434 0.028621
v 0.382147 26.780977 0.374847
v -0.023875 24.620413 0.765305
v -0.053870 24.620218 0.765305
v -0.054023 24.643919 0.776353
v -0.055865 24.929609 -0.644451
v -0.054161 24.665335 0.791348
v -0.054280 24.683809 0.809834
v -0.058794 25.383898 0.809834
v -0.058913 25.402376 0.791349
v 0.695857 24.648752 0.776353
v 0.690830 25.428629 0.776354
v 0.660835 25.428438 0.776354
v 0.690676 25.452318 8.921086
v 0.690828 25.428629 8.910039
v 0.690967 25.407209 8.895044
v 0.691086 25.388731 8.876558
v 0.695387 24.721460 8.881186
v 0.691182 25.373739 8.855143
v 0.695373 24.723738 8.855143
v 0.691254 25.362684 8.831449
v 0.691297 25.355921 8.806196
v 0.660350 25.503428 8.930132
v 0.660518 25.477388 8.927854
v 0.690177 25.529669 8.927854
v 0.660182 25.529478 8.927854
v 0.695719 24.670168 0.791349
v 0.690968 25.407209 0.791349
v 0.665725 24.669977 0.791348
v 0.660973 25.407019 0.791349
v 0.665606 24.688452 0.809834
v 0.660681 25.452127 8.921086
v 0.695600 24.688643 0.809834
v 0.691087 25.388731 0.809835
v 0.661092 25.388540 0.809834
v -0.024285 24.684004 0.809834
v -0.056529 25.032434 9.574346
v 0.695503 24.703642 0.831250
v 0.691184 25.373739 0.831250
v 0.661189 25.373549 0.831250
v -0.024382 24.699003 0.831249
v -0.054377 24.698809 0.831249
v -0.058697 25.368906 0.831250
v 0.660834 25.428438 8.910039
v 0.085215 25.147226 9.700635
v -0.058293 25.306032 9.529575
v 0.226349 25.356371 9.810379
v 0.695432 24.714697 0.854943
v 0.691255 25.362684 0.854944
v 0.661260 25.362494 0.854943
v -0.024453 24.710058 0.854943
v -0.054448 24.709864 0.854943
v -0.058626 25.357851 0.854943
v -0.028799 25.384092 0.809834
v -0.028702 25.369101 0.831250
v -0.028918 25.402571 0.791349
v -0.058532 25.343287 -0.492374
v 0.083499 25.413439 -0.617314
v -0.059381 25.475039 -0.426977
v 0.082374 25.588083 -0.528250
v -0.060206 25.602987 -0.354587
v 0.081656 25.699408 -0.463259
v -0.061004 25.726713 -0.275466
v 0.080958 25.807619 -0.393380
v 0.080282 25.912466 -0.318772
v 0.222920 25.888517 -0.511293
v 0.222071 26.020166 -0.416718
v 0.660972 25.407019 8.895044
v 0.695388 24.721460 0.880196
v 0.691298 25.355921 0.880196
v 0.661304 25.355730 0.880196
v 0.695374 24.723738 0.906239
v 0.665393 24.721270 8.881186
v -0.024497 24.716822 0.880196
v -0.054492 24.716627 0.880196
v -0.054506 24.718904 0.906239
v -0.058582 25.351088 0.880196
v -0.028631 25.358046 0.854943
v 0.661091 25.388540 8.876558
v -0.058698 25.368906 8.855143
v -0.058794 25.383898 8.876558
v 0.691313 25.353640 0.906239
v 0.661318 25.353449 0.906239
v -0.058568 25.348806 0.906239
v -0.028587 25.351282 0.880196
v 0.661188 25.373549 8.855143
v -0.058583 25.351088 8.806196
v -0.058627 25.357851 8.831449
v 0.691312 25.353640 8.780152
v -0.058568 25.348806 8.780152
v -0.028573 25.349001 0.906239
v 0.661259 25.362494 8.831449
v -0.028588 25.351282 8.806196
v -0.028632 25.358046 8.831449
v -0.028574 25.349001 8.780152
v -0.028703 25.369101 8.855143
v 0.661303 25.355730 8.806196
v 0.661317 25.353449 8.780152
v 0.082844 25.514879 9.637109
v -0.060052 25.578871 9.479896
v 0.224557 25.634325 9.759768
v 0.226614 25.315584 -0.815219
v -0.028800 25.384092 8.876558
v -0.059205 25.447485 8.921086
v -0.059368 25.472746 8.927854
v 0.080482 25.881197 9.564549
v -0.061805 25.850836 9.425146
v 0.222770 25.911558 9.703955
v 0.225651 25.464838 -0.750970
v -0.059051 25.423796 0.776353
v -0.029056 25.423990 0.776353
v -0.058914 25.402376 8.895044
v -0.028919 25.402571 8.895044
v -0.059052 25.423796 8.910039
v -0.029057 25.423990 8.910039
v -0.029210 25.447680 8.921086
v -0.029373 25.472940 8.927854
v -0.060157 25.595186 8.895044
v -0.060276 25.613665 8.876558
v 0.224713 25.610418 -0.678708
v -0.059204 25.447485 0.765305
v -0.029209 25.447680 0.765305
v -0.059366 25.472746 0.758538
v -0.059534 25.498785 0.756260
v -0.059702 25.524836 0.758538
v -0.030377 25.628855 8.855143
v -0.030281 25.613859 8.876558
v 0.220988 26.187948 9.642748
v 0.078132 26.245832 9.482536
v 0.219213 26.463331 9.575979
v 0.075794 26.608519 9.390681
v 0.217444 26.737612 9.503501
v 0.073471 26.968908 9.288644
v 0.215684 27.010595 9.425168
v 0.213940 27.281157 9.341185
v 0.659610 25.618307 8.876558
v 0.659513 25.633303 8.855143
v 0.659729 25.599829 8.895044
v 0.689604 25.618498 8.876558
v 0.689507 25.633493 8.855143
v 0.689723 25.600019 8.895044
v 0.660021 25.554720 0.765305
v 0.659868 25.578409 0.776354
v 0.659442 25.644354 8.831449
v 0.659384 25.653402 8.780152
v 0.659514 25.633303 0.831250
v 0.659385 25.653402 0.906239
v 0.659443 25.644354 0.854943
v 0.659400 25.651125 0.880196
v 0.689436 25.644545 8.831449
v -0.030162 25.595381 8.895044
v -0.060372 25.628660 8.855143
v -0.030449 25.639906 8.831449
v -0.060444 25.639711 8.831449
v -0.030023 25.573961 0.776353
v -0.030161 25.595381 0.791349
v -0.029371 25.472940 0.758538
v -0.029539 25.498980 0.756260
v -0.029707 25.525030 0.758538
v 0.659867 25.578409 8.910039
v 0.689862 25.578600 8.910039
v -0.030024 25.573961 8.910039
v 0.660020 25.554720 8.921086
v 0.690014 25.554911 8.921086
v -0.029871 25.550272 8.921086
v -0.060019 25.573767 8.910039
v -0.029708 25.525030 8.927854
v -0.059866 25.550077 8.921086
v -0.059536 25.498785 8.930132
v -0.029541 25.498980 8.930132
v -0.059703 25.524836 8.927854
v 0.223801 25.751787 -0.598719
v 0.690015 25.554911 0.765305
v 0.681814 26.827082 0.906192
v 0.532267 26.759722 0.584522
v 0.689724 25.600019 0.791349
v 0.689605 25.618498 0.809835
v -0.029870 25.550272 0.765305
v -0.059865 25.550077 0.765305
v -0.061771 25.845861 -0.189876
v 0.689863 25.578600 0.776354
v -0.060018 25.573767 0.776353
v -0.060156 25.595186 0.791349
v -0.062508 25.960123 -0.098033
v -0.060275 25.613665 0.809834
v -0.063212 26.069292 -0.000112
v -0.060371 25.628660 0.831250
v -0.060443 25.639711 0.854943
v 0.079629 26.013758 -0.239576
v 0.221257 26.146418 -0.315234
v 0.684350 26.433470 8.705791
v 0.659730 25.599829 0.791349
v 0.659611 25.618307 0.809834
v 0.079000 26.111414 -0.155890
v 0.220479 26.267065 -0.207034
v -0.030280 25.613859 0.809834
v -0.030493 25.646677 8.806196
v -0.060488 25.646482 8.806196
v -0.030507 25.648954 8.780152
v -0.063551 26.121756 9.365149
v -0.060502 25.648760 8.780152
v 0.689509 25.633493 0.831250
v 0.680101 27.092775 1.245570
v 0.529927 27.122683 1.040444
v 0.380349 27.059828 0.719380
v 0.689379 25.653593 0.906239
v 0.684519 26.407434 1.508435
v 0.684682 26.382177 1.515202
v -0.030376 25.628855 0.831250
v 0.078395 26.205252 -0.067835
v 0.219739 26.381807 -0.092342
v 0.677504 27.495539 8.953700
v 0.528310 27.373213 9.153769
v 0.526115 27.713736 9.034546
v 0.376912 27.592726 9.236804
v 0.375257 27.849573 9.143865
v 0.689437 25.644545 0.854944
v -0.030448 25.639906 0.854943
v -0.030506 25.648954 0.906239
v -0.063881 26.173132 0.103684
v 0.077816 26.295130 0.024465
v 0.219039 26.490374 0.028621
v 0.684350 26.433470 8.705163
v 0.684518 26.407434 8.702885
v 0.689393 25.651316 8.806196
v 0.689378 25.653593 8.780152
v 0.654356 26.433279 8.705163
v 0.654356 26.433279 8.705791
v 0.684339 26.435251 8.705153
v 0.654345 26.435061 8.705153
v 0.654178 26.460875 8.702601
v 0.684173 26.461065 8.702601
v 0.689394 25.651316 0.880196
v 0.659398 25.651125 8.806196
v -0.030491 25.646677 0.880196
v -0.060486 25.646482 0.880196
v -0.060501 25.648760 0.906239
v -0.064515 26.271399 0.213156
v -0.064908 26.332232 1.541246
v -0.066035 26.507177 0.494298
v -0.065045 26.353647 1.526249
v -0.065198 26.377344 1.515202
v 0.685318 26.283491 1.656136
v 0.685304 26.285769 1.630092
v -0.064562 26.278658 1.656136
v -0.064563 26.278658 8.555183
v 0.075231 26.696093 0.498416
v 0.217504 26.728552 0.312626
v 0.215991 26.963221 0.600080
v 0.684681 26.382177 8.696117
v 0.654524 26.407244 8.702885
v 0.654686 26.381987 8.696117
v -0.065291 26.391546 9.299739
v -0.064909 26.332232 8.670075
v -0.065046 26.353647 8.685070
v 0.655324 26.283300 1.656136
v 0.655309 26.285578 1.630092
v 0.685318 26.283491 8.555183
v 0.685303 26.285769 8.581227
v 0.685259 26.292536 8.606480
v 0.685260 26.292536 1.604840
v 0.655265 26.292345 1.604840
v 0.685189 26.303587 1.581146
v 0.655194 26.303396 1.581146
v 0.685092 26.318586 1.559731
v 0.655097 26.318396 1.559731
v 0.684973 26.337065 1.541246
v 0.654978 26.336874 1.541246
v 0.684835 26.358480 1.526249
v 0.654840 26.358290 1.526249
v 0.654687 26.381987 1.515202
v 0.654525 26.407244 1.508435
v 0.684351 26.433470 1.506157
v 0.654357 26.433279 1.506157
v 0.678450 27.348864 1.583911
v 0.527699 27.468225 1.494376
v 0.378617 27.328512 1.062588
v 0.684021 26.484762 1.515202
v 0.683868 26.508455 1.526249
v -0.034568 26.278852 8.555183
v -0.064578 26.280935 8.581227
v -0.034583 26.281130 8.581227
v -0.064621 26.287703 8.606480
v -0.034626 26.287897 8.606480
v -0.064692 26.298754 8.630174
v -0.034698 26.298948 8.630174
v -0.064789 26.313753 8.651589
v -0.034794 26.313948 8.651589
v -0.034914 26.332426 8.670075
v -0.035051 26.353842 8.685070
v -0.065199 26.377344 8.696117
v -0.035204 26.377539 8.696117
v -0.065362 26.402601 8.702885
v -0.035367 26.402796 8.702885
v -0.065530 26.428637 8.705163
v -0.035535 26.428831 8.705163
v -0.064577 26.280935 1.630092
v -0.034582 26.281130 1.630092
v -0.034567 26.278852 1.656136
v -0.064620 26.287703 1.604840
v -0.064692 26.298754 1.581146
v -0.064788 26.313753 1.559731
v -0.034913 26.332426 1.541246
v -0.034793 26.313948 1.559731
v -0.035050 26.353842 1.526249
v -0.034626 26.287897 1.604840
v -0.034697 26.298948 1.581146
v 0.655308 26.285578 8.581227
v 0.655323 26.283300 8.555183
v 0.655264 26.292345 8.606480
v 0.685188 26.303587 8.630174
v 0.655193 26.303396 8.630174
v 0.685091 26.318586 8.651589
v 0.684972 26.337065 8.670075
v 0.655097 26.318396 8.651589
v 0.654977 26.336874 8.670075
v 0.684834 26.358480 8.685070
v 0.654840 26.358290 8.685070
v 0.385532 26.255720 9.627124
v 0.383755 26.531286 9.558884
v -0.067022 26.660078 9.228778
v -0.065708 26.456232 8.702601
v -0.065869 26.481234 8.695638
v 0.382007 26.802427 9.485777
v -0.067533 26.739428 0.778798
v -0.065529 26.428637 1.506157
v -0.065361 26.402601 1.508435
v 0.072990 27.043573 0.930993
v 0.214503 27.194090 0.890848
v 0.653612 26.548670 8.650980
v 0.653517 26.563456 8.629659
v 0.654189 26.459330 1.508435
v 0.654026 26.484571 1.515202
v -0.036279 26.544222 8.650980
v -0.036161 26.525984 8.669435
v 0.653729 26.530432 8.669435
v 0.683607 26.548861 8.650980
v 0.683511 26.563646 8.629659
v 0.683724 26.530622 8.669435
v 0.684184 26.459520 1.508435
v -0.036025 26.504850 8.684472
v -0.066274 26.544027 8.650980
v -0.066156 26.525789 8.669435
v -0.036374 26.559008 8.629659
v -0.066369 26.558813 8.629659
v -0.035702 26.454882 1.508435
v -0.035865 26.480124 1.515202
v -0.035203 26.377539 1.515202
v -0.035366 26.402796 1.508435
v -0.035534 26.428831 1.506157
v -0.065697 26.454687 1.508435
v 0.653866 26.509298 8.684472
v 0.683860 26.509489 8.684472
v -0.035874 26.481428 8.695638
v -0.066020 26.504656 8.684472
v 0.654017 26.485876 8.695638
v 0.684011 26.486067 8.695638
v -0.035713 26.456427 8.702601
v -0.035546 26.430613 8.705153
v -0.065530 26.428637 8.705791
v -0.035535 26.428831 8.705791
v -0.065541 26.430418 8.705153
v -0.068744 26.927229 9.152121
v -0.066439 26.569704 8.606108
v -0.065860 26.479929 1.515202
v -0.066012 26.503622 1.526249
v 0.653447 26.574347 8.606108
v 0.653389 26.583254 8.555183
v 0.653520 26.563158 1.581146
v 0.653390 26.583254 1.656136
v 0.653448 26.574213 1.604840
v 0.653405 26.580973 1.630092
v 0.683441 26.574537 8.606108
v -0.069005 26.967890 1.066516
v -0.066269 26.543516 1.559731
v -0.066151 26.525038 1.541246
v -0.070452 27.192312 1.357312
v 0.070808 27.382036 1.370683
v -0.071872 27.412462 1.651044
v 0.068917 27.675303 1.767952
v -0.073278 27.630621 1.951052
v 0.067973 27.821779 1.972579
v -0.074689 27.849447 2.261656
v 0.067034 27.967466 2.180483
v -0.076105 28.069075 2.583875
v 0.065368 28.225821 2.560616
v 0.064536 28.354891 2.756329
v 0.207324 28.307634 2.425227
v 0.205886 28.530680 2.763937
v 0.675885 27.746538 8.862879
v 0.523952 28.049334 8.906558
v 0.373618 28.103708 9.045956
v 0.653873 26.508265 1.526249
v 0.653735 26.529680 1.541246
v 0.653616 26.548159 1.559731
v -0.036017 26.503817 1.526249
v -0.036444 26.569899 8.606108
v -0.036502 26.578806 8.555183
v -0.036487 26.576559 8.581033
v 0.674284 27.994963 8.767161
v 0.683730 26.529871 1.541246
v 0.676857 27.595854 1.921605
v 0.683384 26.583445 1.656136
v 0.675321 27.834230 2.259089
v 0.678687 27.312029 2.688872
v 0.678524 27.337282 2.682106
v -0.036156 26.525232 1.541246
v 0.672696 28.241217 8.666551
v 0.521814 28.380907 8.769816
v 0.671120 28.485651 8.561044
v 0.519697 28.709291 8.624328
v 0.669554 28.728640 8.450624
v 0.667994 28.970507 8.335277
v 0.683611 26.548349 1.559731
v -0.036274 26.543711 1.559731
v 0.683514 26.563349 1.581146
v -0.036371 26.558710 1.581146
v -0.066366 26.558516 1.581146
v -0.066438 26.569571 1.604840
v -0.066481 26.576330 1.630092
v 0.380285 27.069498 9.407754
v 0.683443 26.574404 1.604840
v -0.036443 26.569765 1.604840
v -0.036501 26.578806 1.656136
v 0.683399 26.581163 1.630092
v 0.653404 26.581007 8.581033
v 0.683398 26.581198 8.581033
v 0.683383 26.583445 8.555183
v -0.036486 26.576525 1.630092
v -0.066497 26.578611 8.555183
v -0.066482 26.576365 8.581033
v -0.066496 26.578611 1.656136
v 0.678356 27.363321 8.381618
v 0.678188 27.389368 8.379338
v -0.070451 27.191927 9.069960
v -0.070687 27.228609 8.306627
v -0.070784 27.243605 8.328043
v -0.070902 27.262079 2.714916
v -0.071040 27.283499 2.699921
v -0.071193 27.307196 2.688872
v 0.678524 27.337282 8.379338
v 0.679323 27.213346 2.829806
v 0.679309 27.215624 2.803763
v -0.070557 27.208513 2.829806
v -0.070558 27.208513 8.231637
v 0.648361 27.363131 8.381618
v 0.648529 27.337091 8.379338
v 0.648193 27.389177 8.379338
v 0.649329 27.213156 2.829806
v 0.649314 27.215433 2.803763
v 0.679323 27.213346 8.231637
v 0.679308 27.215624 8.257682
v 0.679265 27.222387 8.282934
v 0.679265 27.222387 2.778510
v 0.649271 27.222197 2.778510
v 0.679194 27.233442 2.754817
v 0.649199 27.233252 2.754817
v 0.679097 27.248438 2.733401
v 0.649103 27.248247 2.733401
v 0.678978 27.266912 2.714916
v 0.648983 27.266722 2.714916
v 0.678840 27.288332 2.699921
v 0.648846 27.288141 2.699921
v 0.648693 27.311838 2.688872
v 0.648530 27.337091 2.682106
v 0.525576 27.797541 1.947238
v 0.375335 27.837488 1.746532
v 0.376946 27.587564 1.404841
v 0.673836 28.064505 2.596785
v 0.523550 28.111803 2.400020
v 0.373780 28.078722 2.088069
v 0.678357 27.363321 2.679827
v 0.678189 27.389368 2.682106
v -0.040563 27.208708 8.231637
v -0.070572 27.210791 8.257682
v -0.040577 27.210985 8.257682
v -0.070616 27.217554 8.282934
v -0.040621 27.217749 8.282934
v -0.040692 27.228804 8.306627
v -0.040789 27.243799 8.328043
v -0.070903 27.262079 8.346529
v -0.040908 27.262274 8.346529
v -0.071041 27.283499 8.361525
v -0.041046 27.283693 8.361525
v -0.071194 27.307196 8.372573
v -0.041199 27.307390 8.372573
v -0.071357 27.332449 8.379338
v -0.041362 27.332644 8.379338
v -0.071525 27.358488 8.381618
v -0.041530 27.358683 8.381618
v -0.071692 27.384535 8.379338
v -0.041698 27.384729 8.379338
v -0.071855 27.409781 8.372573
v -0.041860 27.409975 8.372573
v -0.072008 27.433477 8.361525
v -0.042013 27.433672 8.361525
v -0.072146 27.454893 8.346529
v -0.042151 27.455088 8.346529
v -0.072265 27.473368 8.328043
v -0.042270 27.473562 8.328043
v -0.072362 27.488367 8.306627
v -0.042367 27.488562 8.306627
v -0.072433 27.499422 8.282934
v -0.042438 27.499617 8.282934
v -0.072476 27.506182 8.257682
v -0.042481 27.506376 8.257682
v -0.072491 27.508459 8.231637
v -0.042496 27.508654 8.231637
v -0.042496 27.508654 2.829806
v -0.070571 27.210791 2.803762
v -0.040576 27.210985 2.803762
v -0.040562 27.208708 2.829806
v -0.070615 27.217554 2.778510
v -0.070686 27.228609 2.754817
v -0.070783 27.243605 2.733401
v -0.040907 27.262274 2.714916
v -0.040788 27.243799 2.733401
v -0.041045 27.283693 2.699921
v -0.040620 27.217749 2.778510
v -0.040691 27.228804 2.754817
v 0.649313 27.215433 8.257682
v 0.649328 27.213156 8.231637
v 0.649270 27.222197 8.282934
v 0.679193 27.233442 8.306627
v 0.649199 27.233252 8.306627
v 0.679096 27.248438 8.328043
v 0.678977 27.266912 8.346529
v 0.649102 27.248247 8.328043
v 0.648983 27.266722 8.346529
v 0.678839 27.288332 8.361525
v 0.648845 27.288141 8.361525
v 0.678687 27.312029 8.372573
v 0.648692 27.311838 8.372573
v 0.378588 27.332819 9.324768
v 0.212217 27.548426 9.251854
v -0.072136 27.453363 8.982576
v 0.071175 27.325003 9.176707
v 0.213040 27.420946 1.184794
v 0.068915 27.675467 9.055376
v -0.073803 27.711893 8.889964
v 0.210514 27.812685 9.157188
v 0.211605 27.643541 1.481777
v -0.071356 27.332449 2.682105
v 0.647621 27.478010 8.328043
v 0.647524 27.493010 8.306627
v 0.647740 27.459536 8.346529
v 0.677615 27.478201 8.328043
v 0.677518 27.493200 8.306627
v 0.677734 27.459726 8.346529
v 0.648362 27.363131 2.679827
v 0.648194 27.389177 2.682106
v 0.648031 27.414423 2.688873
v 0.647879 27.438120 2.699921
v 0.647453 27.504065 8.282934
v 0.647395 27.513102 8.231637
v 0.647395 27.513102 2.829807
v 0.677447 27.504255 8.282934
v -0.041198 27.307390 2.688872
v -0.041361 27.332644 2.682105
v -0.041529 27.358683 2.679827
v -0.071524 27.358488 2.679827
v -0.041697 27.384729 2.682105
v -0.071692 27.384535 2.682105
v 0.647878 27.438120 8.361525
v 0.677872 27.438311 8.361525
v 0.648031 27.414423 8.372573
v 0.678025 27.414614 8.372573
v 0.066688 28.021040 8.924654
v -0.075453 27.967840 8.792110
v -0.071855 27.409781 2.688872
v 0.208827 28.074228 9.057200
v -0.072145 27.454893 2.714916
v -0.072007 27.433477 2.699921
v 0.678026 27.414614 2.688873
v 0.672400 28.287172 2.935119
v 0.521613 28.412157 2.853686
v 0.372278 28.311769 2.429846
v 0.677448 27.504255 2.778511
v 0.677404 27.511015 2.803763
v -0.041860 27.409975 2.688872
v 0.677873 27.438311 2.699921
v -0.042012 27.433672 2.699921
v 0.677735 27.459726 2.714917
v 0.647740 27.459536 2.714917
v 0.647622 27.478010 2.733401
v 0.647525 27.493010 2.754817
v -0.042150 27.455088 2.714916
v 0.210183 27.864138 1.785165
v 0.677616 27.478201 2.733401
v -0.042269 27.473562 2.733401
v -0.072264 27.473368 2.733401
v -0.072361 27.488367 2.754817
v -0.072433 27.499422 2.778510
v 0.677519 27.493200 2.754817
v -0.042366 27.488562 2.754817
v -0.072476 27.506182 2.803763
v 0.647453 27.504065 2.778511
v 0.647410 27.510824 2.803763
v -0.042438 27.499617 2.778510
v 0.677403 27.511015 8.257682
v 0.677389 27.513292 8.231637
v 0.677390 27.513292 2.829807
v -0.042481 27.506376 2.803763
v -0.072491 27.508459 2.829806
v 0.647409 27.510824 8.257682
v 0.667442 29.056131 8.290829
v 0.517048 29.120241 8.426192
v 0.516514 29.203043 8.378512
v 0.366558 29.198908 8.553567
v 0.365938 29.295012 8.497472
v 0.671010 28.502779 3.274512
v 0.672845 28.218184 4.158319
v 0.672983 28.196768 4.173314
v -0.077527 28.289614 2.918751
v 0.673329 28.143194 4.288205
v 0.673314 28.145475 4.262161
v -0.076551 28.138361 4.288205
v -0.076552 28.138361 7.805287
v 0.063702 28.484289 2.956619
v 0.204442 28.754713 3.116469
v -0.077088 28.221556 8.689030
v -0.076898 28.191935 7.920179
v -0.077035 28.213350 7.935174
v 0.643334 28.143003 4.288205
v 0.643320 28.145285 4.262161
v 0.673328 28.143194 7.805287
v 0.673314 28.145475 7.831331
v 0.673270 28.152239 7.856583
v 0.673270 28.152239 4.236909
v 0.643276 28.152048 4.236909
v 0.673199 28.163290 4.213215
v 0.643205 28.163099 4.213215
v 0.673102 28.178289 4.191800
v 0.643108 28.178099 4.191800
v 0.642989 28.196577 4.173314
v 0.642851 28.217993 4.158319
v 0.672692 28.241880 4.147270
v 0.669662 28.711889 3.615359
v 0.642698 28.241690 4.147270
v 0.519759 28.699858 3.309191
v 0.369418 28.755293 3.115674
v 0.370825 28.537134 2.772255
v -0.046557 28.138556 7.805287
v -0.076567 28.140642 7.831331
v -0.046572 28.140837 7.831331
v -0.076611 28.147406 7.856583
v -0.046616 28.147600 7.856583
v -0.076682 28.158457 7.880277
v -0.046687 28.158651 7.880277
v -0.076778 28.173456 7.901692
v -0.046783 28.173651 7.901692
v -0.046903 28.192129 7.920179
v -0.047040 28.213545 7.935174
v -0.077188 28.237047 7.946221
v -0.047194 28.237242 7.946221
v -0.077351 28.262300 7.952988
v -0.047356 28.262495 7.952988
v -0.077519 28.288343 7.955266
v -0.047524 28.288538 7.955266
v -0.077687 28.314390 7.952988
v -0.047692 28.314585 7.952988
v -0.077850 28.339632 7.946221
v -0.047855 28.339827 7.946221
v -0.078002 28.363329 7.935174
v -0.048007 28.363523 7.935174
v -0.078141 28.384741 7.920179
v -0.048146 28.384935 7.920179
v -0.078259 28.403219 7.901692
v -0.048265 28.403414 7.901692
v -0.078356 28.418222 7.880277
v -0.048361 28.418417 7.880277
v -0.078428 28.429274 7.856583
v -0.048433 28.429468 7.856583
v -0.078471 28.436033 7.831331
v -0.048476 28.436228 7.831331
v -0.078486 28.438314 7.805287
v -0.048491 28.438509 7.805287
v -0.048491 28.438509 4.288205
v -0.076566 28.140642 4.262161
v -0.046571 28.140837 4.262161
v -0.046556 28.138556 4.288205
v -0.076610 28.147406 4.236909
v -0.076681 28.158457 4.213215
v -0.078955 28.511145 3.267353
v -0.077188 28.237047 4.147270
v -0.077035 28.213350 4.158319
v 0.062744 28.632933 3.191912
v 0.061782 28.782068 3.433784
v 0.202990 28.979830 3.483835
v 0.060817 28.931715 3.682544
v 0.201531 29.206099 3.867046
v 0.059849 29.081907 3.938494
v 0.058877 29.232714 4.201937
v -0.081834 28.957727 4.009943
v -0.083286 29.183023 4.406020
v -0.046615 28.147600 4.236909
v -0.046686 28.158651 4.213215
v -0.076778 28.173456 4.191800
v -0.046783 28.173651 4.191800
v -0.076897 28.191935 4.173314
v -0.046902 28.192129 4.173314
v 0.643319 28.145285 7.831331
v 0.643334 28.143003 7.805287
v 0.643275 28.152048 7.856583
v 0.673199 28.163290 7.880277
v 0.643204 28.163099 7.880277
v 0.673102 28.178289 7.901692
v 0.672983 28.196768 7.920179
v 0.643107 28.178099 7.901692
v 0.642988 28.196577 7.920179
v 0.672845 28.218184 7.935174
v 0.642850 28.217993 7.935174
v 0.672692 28.241880 7.946221
v 0.672529 28.267134 7.952988
v 0.642697 28.241690 7.946221
v 0.642535 28.266943 7.952988
v 0.672361 28.293177 7.955266
v 0.642367 28.292986 7.955266
v 0.666906 29.139410 8.242213
v 0.672194 28.319223 7.952988
v 0.642199 28.319033 7.952988
v 0.666385 29.220175 8.189561
v 0.665882 29.298243 8.133007
v 0.515995 29.283579 8.327134
v 0.515491 29.361689 8.272170
v 0.365337 29.388193 8.436721
v 0.364757 29.478254 8.371465
v 0.207157 28.333326 8.951923
v 0.064487 28.362448 8.784591
v 0.205501 28.590311 8.841416
v 0.062308 28.700418 8.635283
v 0.203856 28.845446 8.725713
v 0.202221 29.099058 8.604852
v 0.208756 28.085474 2.099311
v 0.371995 28.355474 8.943091
v 0.368054 28.966822 3.460459
v -0.078712 28.473322 8.580759
v 0.370385 28.605227 8.835289
v -0.047040 28.213545 4.158319
v 0.641626 28.407862 7.901692
v 0.642367 28.292986 4.138226
v 0.642200 28.319033 4.140504
v 0.641745 28.389383 7.920179
v 0.641530 28.422865 7.880277
v 0.641400 28.442957 7.805287
v 0.641627 28.407862 4.191800
v 0.641400 28.442957 4.288205
v 0.641530 28.422865 4.213215
v 0.641459 28.433916 4.236909
v 0.671621 28.408052 7.901692
v 0.671524 28.423056 7.880277
v 0.671740 28.389574 7.920179
v 0.642535 28.266943 4.140504
v 0.672530 28.267134 4.140504
v 0.672362 28.293177 4.138226
v 0.672194 28.319223 4.140504
v 0.641883 28.367971 7.935174
v 0.671878 28.368162 7.935174
v -0.047193 28.237242 4.147270
v -0.047523 28.288538 4.138226
v -0.047356 28.262495 4.140504
v -0.077351 28.262300 4.140504
v -0.077518 28.288343 4.138226
v -0.047691 28.314585 4.140504
v -0.077686 28.314390 4.140504
v 0.642036 28.344275 7.946221
v 0.672030 28.344465 7.946221
v 0.668353 28.915049 3.958036
v 0.517977 28.976187 3.767417
v -0.080324 28.723452 8.467327
v -0.080390 28.733812 3.630732
v -0.078002 28.363329 4.158319
v -0.077849 28.339632 4.147270
v 0.667078 29.112795 4.302926
v 0.516260 29.242453 4.229238
v 0.366730 29.172243 3.806967
v 0.671741 28.389574 4.173314
v 0.671621 28.408052 4.191800
v 0.672031 28.344465 4.147270
v 0.642036 28.344275 4.147270
v 0.641884 28.367971 4.158319
v 0.641746 28.389383 4.173314
v -0.047854 28.339827 4.147270
v 0.665397 29.373396 8.072680
v 0.664933 29.445459 8.008715
v 0.515004 29.437201 8.213728
v 0.364198 29.564974 8.301858
v 0.671878 28.368162 4.158319
v -0.048007 28.363523 4.158319
v 0.664489 29.514261 7.941247
v 0.514535 29.509985 8.151919
v 0.514085 29.579859 8.086857
v 0.363661 29.648134 8.228052
v 0.363150 29.727530 8.150202
v -0.048145 28.384935 4.173314
v -0.078140 28.384741 4.173314
v -0.078259 28.403219 4.191800
v -0.078356 28.418222 4.213215
v 0.513654 29.646688 8.018667
v 0.362663 29.802973 8.068523
v 0.368785 28.853319 8.722546
v -0.048264 28.403414 4.191800
v -0.078427 28.429274 4.236909
v 0.671525 28.423056 4.213215
v 0.665834 29.305708 4.650401
v 0.671395 28.443148 4.288205
v 0.664618 29.494242 5.000846
v 0.666851 29.148035 5.814041
v 0.666698 29.171732 5.802992
v -0.048361 28.418417 4.213215
v 0.664068 29.579641 7.870457
v 0.671453 28.434107 7.856583
v 0.513243 29.710356 7.947520
v 0.362204 29.874254 7.983254
v 0.671453 28.434107 4.236909
v 0.641415 28.440676 4.262161
v 0.671410 28.440866 4.262161
v 0.641415 28.440676 7.831331
v 0.671409 28.440866 7.831331
v 0.671394 28.443148 7.805287
v 0.641458 28.433916 7.856583
v -0.048432 28.429468 4.236909
v -0.048476 28.436228 4.262161
v -0.078471 28.436033 4.262161
v -0.078485 28.438314 4.288205
v -0.081928 28.972261 8.348755
v -0.082773 29.103308 5.847520
v -0.082892 29.121790 5.829035
v 0.663669 29.641428 7.796557
v 0.663295 29.699488 7.719749
v 0.512855 29.770685 7.873588
v 0.361772 29.941248 7.894629
v 0.667334 29.073050 5.943926
v 0.667319 29.075327 5.917882
v -0.082547 29.068216 5.943926
v -0.082547 29.068216 7.283811
v -0.082484 29.058470 8.304016
v 0.059550 29.128122 8.428822
v 0.201584 29.197779 8.553625
v -0.082773 29.103308 7.380216
v -0.082892 29.121790 7.398702
v 0.637339 29.072859 5.943926
v 0.637325 29.075136 5.917882
v 0.667334 29.073050 7.283811
v 0.667319 29.075327 7.309855
v 0.667275 29.082094 7.335107
v 0.667275 29.082094 5.892630
v 0.637281 29.081903 5.892630
v 0.667204 29.093145 5.868936
v 0.637210 29.092955 5.868936
v 0.667108 29.108141 5.847520
v 0.637113 29.107950 5.847520
v 0.666988 29.126623 5.829035
v 0.636994 29.126432 5.829035
v 0.636856 29.147844 5.814041
v 0.514600 29.499983 4.695528
v 0.364185 29.566996 4.506574
v 0.365441 29.372114 4.155550
v 0.636703 29.171541 5.802992
v 0.663428 29.678850 5.354668
v 0.512989 29.749857 5.167222
v 0.362957 29.757376 4.860432
v 0.666535 29.196993 5.796225
v -0.052552 29.068411 7.283811
v -0.082561 29.070494 7.309855
v -0.052567 29.070688 7.309855
v -0.082605 29.077261 7.335107
v -0.052610 29.077456 7.335107
v -0.082676 29.088312 7.358800
v -0.052681 29.088507 7.358800
v -0.052778 29.103502 7.380216
v -0.052897 29.121984 7.398702
v -0.083030 29.143202 7.413697
v -0.053035 29.143396 7.413697
v -0.083183 29.166899 7.424745
v -0.053188 29.167093 7.424745
v -0.083346 29.192160 7.431512
v -0.053351 29.192354 7.431512
v -0.083514 29.218191 7.433790
v -0.053519 29.218386 7.433790
v -0.083682 29.244238 7.431512
v -0.053687 29.244432 7.431512
v -0.083844 29.269484 7.424745
v -0.053849 29.269678 7.424745
v -0.083997 29.293180 7.413697
v -0.054002 29.293375 7.413697
v -0.084135 29.314596 7.398702
v -0.054140 29.314791 7.398702
v -0.084254 29.333078 7.380216
v -0.054259 29.333273 7.380216
v -0.084351 29.348070 7.358800
v -0.054356 29.348265 7.358800
v -0.084422 29.359125 7.335107
v -0.054427 29.359320 7.335107
v -0.084466 29.365889 7.309855
v -0.054471 29.366083 7.309855
v -0.084480 29.368170 7.283811
v -0.054485 29.368364 7.283811
v -0.054485 29.368364 5.943926
v -0.082561 29.070494 5.917882
v -0.052566 29.070688 5.917882
v -0.052552 29.068411 5.943926
v -0.082605 29.077261 5.892630
v -0.082676 29.088312 5.868936
v -0.084016 29.296240 4.610700
v 0.057900 29.384146 4.473166
v 0.056920 29.536249 4.752481
v 0.199327 29.547964 4.473751
v 0.198588 29.662653 4.684989
v -0.052610 29.077456 5.892630
v -0.052681 29.088507 5.868936
v -0.052778 29.103502 5.847520
v -0.052897 29.121984 5.829035
v 0.637324 29.075136 7.309855
v 0.637339 29.072859 7.283811
v 0.637281 29.081903 7.335107
v 0.667204 29.093145 7.358800
v 0.637209 29.092955 7.358800
v 0.667108 29.108141 7.380216
v 0.666988 29.126623 7.398702
v 0.637113 29.107950 7.380216
v 0.636994 29.126432 7.398702
v 0.666850 29.148035 7.413697
v 0.636856 29.147844 7.413697
v 0.666698 29.171732 7.424745
v 0.666534 29.196993 7.431512
v 0.636703 29.171541 7.424745
v 0.636540 29.196802 7.431512
v 0.666367 29.223024 7.433790
v 0.636372 29.222834 7.433790
v 0.662946 29.753656 7.640240
v 0.662622 29.803782 7.558234
v 0.511824 29.930620 7.636806
v 0.511528 29.976519 7.553437
v 0.360996 30.061590 7.708266
v 0.360654 30.114634 7.610969
v 0.512487 29.827604 7.797043
v 0.512144 29.880964 7.718059
v 0.361369 30.003744 7.802888
v 0.367194 29.100119 8.604852
v 0.200966 29.293669 8.497686
v -0.083024 29.142210 8.255163
v 0.058971 29.217939 8.376425
v 0.200064 29.433672 4.267098
v -0.083547 29.223349 8.202302
v 0.058410 29.304960 8.319729
v 0.200367 29.386564 8.437159
v 0.636540 29.196802 5.796225
v -0.053035 29.143396 5.814041
v -0.053188 29.167093 5.802992
v -0.083030 29.143202 5.814041
v 0.635889 29.297823 7.413697
v 0.635751 29.319239 7.398702
v -0.084749 29.409864 4.819975
v -0.083183 29.166899 5.802992
v -0.083345 29.192160 5.796225
v -0.083513 29.218191 5.793946
v -0.085484 29.523874 5.033971
v 0.055934 29.689062 5.040182
v -0.086222 29.638319 5.252818
v 0.054945 29.842611 5.336566
v -0.086963 29.753206 5.476641
v -0.087706 29.868532 5.705567
v 0.636042 29.274126 7.424745
v 0.665883 29.298014 7.413697
v 0.665745 29.319429 7.398702
v 0.666036 29.274317 7.424745
v 0.636373 29.222834 5.793946
v 0.666367 29.223024 5.793946
v 0.636205 29.248880 5.796225
v 0.666199 29.249071 5.796225
v 0.636042 29.274126 5.802992
v 0.635889 29.297823 5.814041
v 0.635632 29.337721 7.380216
v 0.635406 29.372812 7.283811
v 0.635751 29.319239 5.829035
v 0.635406 29.372812 5.943926
v 0.635632 29.337721 5.847520
v 0.635535 29.352713 5.868936
v 0.665626 29.337912 7.380216
v -0.053350 29.192354 5.796225
v -0.053518 29.218386 5.793946
v -0.053686 29.244432 5.796225
v -0.083681 29.244238 5.796225
v -0.084053 29.301744 8.145538
v 0.057868 29.389032 8.258852
v 0.199789 29.476324 8.372164
v 0.636204 29.248880 7.431512
v 0.666199 29.249071 7.431512
v 0.662261 29.859941 5.712265
v 0.360579 30.126394 5.578301
v 0.361757 29.943674 5.217537
v -0.083844 29.269484 5.802992
v -0.083997 29.293180 5.814041
v 0.662326 29.849764 7.473909
v -0.084539 29.377241 8.084983
v 0.197846 29.777719 4.900936
v 0.197102 29.893167 5.121721
v 0.666036 29.274317 5.802992
v 0.661997 29.900843 5.799541
v 0.511137 30.037210 5.739274
v 0.360274 30.173586 5.679004
v 0.665884 29.298014 5.814041
v -0.053849 29.269678 5.802992
v 0.511256 30.018583 7.468047
v 0.360343 30.162855 7.511133
v -0.085006 29.449724 8.020741
v 0.057190 29.494268 8.173135
v 0.199231 29.562784 8.302825
v -0.054002 29.293375 5.814041
v 0.662057 29.891542 7.387385
v 0.511010 30.056768 7.380764
v 0.360065 30.206121 7.408936
v 0.665745 29.319429 5.829035
v 0.661762 29.937330 5.888571
v 0.510883 30.076506 5.835152
v 0.360003 30.215677 5.781733
v 0.665530 29.352903 5.868936
v 0.665458 29.363958 5.892630
v -0.054140 29.314791 5.829035
v -0.084135 29.314596 5.829035
v -0.084254 29.333078 5.847520
v -0.084351 29.348070 5.868936
v -0.085453 29.519026 7.952921
v 0.056544 29.594488 8.080115
v 0.198696 29.645769 8.229265
v 0.665627 29.337912 5.847520
v -0.054259 29.333273 5.847520
v 0.665529 29.352903 7.358800
v 0.665458 29.363958 7.335107
v -0.085878 29.585016 7.881628
v 0.055937 29.688643 7.980574
v 0.198184 29.725134 8.151608
v 0.665400 29.373003 5.943926
v 0.635420 29.370531 5.917882
v 0.665415 29.370722 5.917882
v 0.635464 29.363768 5.892630
v 0.635420 29.370531 7.309855
v 0.665415 29.370722 7.309855
v 0.665400 29.373003 7.283811
v 0.635464 29.363768 7.335107
v -0.054356 29.348265 5.868936
v -0.054471 29.366083 5.917882
v -0.084466 29.365889 5.917882
v -0.084480 29.368170 5.943926
v -0.054427 29.359320 5.892630
v 0.635535 29.352713 7.358800
v 0.661815 29.929056 7.298815
v 0.661602 29.962194 7.208353
v 0.510633 30.115305 7.219866
v 0.661417 29.990828 7.116347
v 0.510342 30.160490 7.054865
v 0.661262 30.014853 7.023171
v 0.661137 30.034231 6.929014
v -0.084422 29.359125 5.892630
v -0.087972 29.909781 5.793597
v -0.088209 29.946592 5.883531
v -0.086280 29.647379 7.807195
v 0.661555 29.969339 5.979187
v 0.510661 30.110968 5.932738
v 0.359765 30.252600 5.886289
v 0.661378 29.996813 6.071218
v 0.661231 30.019743 6.164493
v -0.086658 29.705885 7.729906
v 0.055373 29.776121 7.875143
v 0.197237 29.872099 7.984745
v 0.197698 29.800695 8.069975
v -0.087009 29.760458 7.649899
v 0.054906 29.848520 7.776044
v 0.196805 29.939089 7.896246
v 0.660944 30.064287 6.642557
v 0.660940 30.064840 6.546360
v -0.089033 30.074331 6.644717
v -0.088998 30.068933 6.741513
v 0.053686 30.037802 5.728719
v 0.053449 30.074652 5.817247
v 0.195301 30.172544 5.679100
v 0.195029 30.214705 5.782078
v -0.087336 29.811003 7.567331
v 0.054478 29.914972 7.672977
v 0.196403 30.001589 7.804638
v -0.087635 29.857435 7.482366
v -0.087907 29.899637 7.395175
v 0.509995 30.214170 6.569939
v 0.510030 30.208868 6.433532
v 0.359054 30.362814 6.540718
v 0.359086 30.357973 6.429634
v 0.660977 30.058973 6.738518
v 0.510014 30.211359 6.692198
v 0.359058 30.362154 6.651714
v 0.661042 30.048960 6.834067
v 0.510470 30.140577 6.031847
v 0.359560 30.284315 5.992478
v 0.661112 30.038054 6.258842
v 0.510268 30.171846 6.163424
v 0.359390 30.310770 6.100103
v 0.661025 30.051706 6.354098
v 0.660967 30.060659 6.450086
v 0.510121 30.194731 6.297733
v 0.359254 30.331888 6.208968
v 0.359152 30.347651 6.318878
v 0.052529 30.217230 6.661691
v 0.052566 30.211519 6.757176
v 0.194125 30.354799 6.764500
v 0.194201 30.343157 6.874786
v -0.089037 30.074976 6.547697
v 0.052520 30.218611 6.565973
v 0.194086 30.360991 6.653663
v -0.089010 30.070852 6.450712
v -0.088953 30.061945 6.354020
v 0.053237 30.107454 5.907335
v 0.194790 30.251715 5.886980
v -0.088418 29.978914 5.975145
v 0.053052 30.136114 5.998797
v 0.194585 30.283506 5.993556
v -0.088597 30.006674 6.068223
v 0.052895 30.160585 6.091451
v 0.194414 30.310011 6.101554
v -0.088746 30.029821 6.162542
v 0.052764 30.180834 6.185111
v 0.194278 30.331129 6.210722
v -0.088865 30.048265 6.257883
v 0.052661 30.196791 6.279596
v 0.194177 30.346800 6.320807
v 0.052586 30.208395 6.374710
v 0.194111 30.356985 6.431521
v 0.052539 30.215673 6.470241
v 0.194081 30.361723 6.542572
v 0.510187 30.184488 6.934994
v 0.510077 30.201448 6.813993
v 0.359172 30.344469 6.872688
v 0.359098 30.356035 6.762438
v 0.054089 29.975309 7.566229
v 0.196029 30.059462 7.710093
v 0.053741 30.029371 7.456100
v 0.195686 30.112616 7.612806
v -0.088151 29.937536 7.305922
v -0.088367 29.971010 7.214780
v -0.088553 29.999960 7.122108
v 0.053323 30.094088 7.297073
v 0.195095 30.204340 7.410770
v 0.195375 30.160952 7.512968
v 0.052990 30.145662 7.133175
v 0.194848 30.242678 7.306408
v -0.088710 30.024237 7.028275
v -0.088837 30.043852 6.933458
v -0.088933 30.058764 6.837831
v 0.052843 30.168531 7.040336
v 0.194455 30.303621 7.092853
v 0.194634 30.275820 7.200295
v 0.052723 30.187147 6.946637
v 0.194311 30.326071 6.984284
v 0.052631 30.201487 6.852219
v 0.196354 30.009043 5.347467
v 0.195605 30.125334 5.578301
v 0.359818 30.244364 7.304556
v 0.359605 30.277407 7.198397
v 0.359426 30.305136 7.090885
v 0.359282 30.327494 6.982242
v 0.193012 23.565531 1.673857
v 0.852829 0.300121 0.741259
v 0.552877 0.298187 1.041217
vn -0.0014 0.2095 -0.9778
vn -0.0014 0.2095 0.9778
vn 0.7071 0.0046 -0.7071
vn -0.0000 -0.0000 -1.0000
vn -0.7071 -0.0046 -0.7071
vn -0.7071 -0.0046 0.7071
vn -1.0000 -0.0064 -0.0000
vn -1.0000 0.0018 -0.0000
vn -0.7071 0.0013 0.7071
vn -0.0000 -0.0000 1.0000
vn 0.7071 0.0046 0.7071
vn 0.7066 -0.0417 0.7063
vn 1.0000 0.0064 -0.0000
vn 0.7069 0.0205 -0.7070
vn 0.7055 0.0237 -0.7083
vn 0.7078 0.0523 -0.7044
vn 0.7044 0.0621 -0.7071
vn 0.7082 0.0840 -0.7010
vn 0.7039 0.1003 -0.7032
vn 0.7080 0.1155 -0.6967
vn 0.7039 0.1381 -0.6968
vn 0.7072 0.1468 -0.6916
vn 0.7045 0.1753 -0.6877
vn 0.7059 0.1781 -0.6856
vn 0.7057 0.2088 -0.6771
vn 0.7070 0.2115 -0.6749
vn -0.7071 0.0016 -0.7071
vn -0.7071 0.0017 -0.7071
vn -1.0000 0.0023 -0.0004
vn -0.9998 0.0199 -0.0007
vn -0.9998 0.0182 0.0003
vn -0.7070 0.0140 -0.7071
vn -0.7069 0.0141 -0.7071
vn -0.7065 0.0265 -0.7072
vn -0.7067 0.0264 -0.7070
vn -0.7059 0.0389 -0.7072
vn -0.7061 0.0388 -0.7070
vn -0.7051 0.0513 -0.7072
vn -0.7054 0.0512 -0.7070
vn -0.7041 0.0637 -0.7073
vn -0.7044 0.0636 -0.7070
vn -0.7028 0.0761 -0.7073
vn -0.7032 0.0759 -0.7069
vn -0.7070 0.0129 0.7071
vn -0.7067 0.0245 0.7071
vn -0.7062 0.0361 0.7071
vn -0.7055 0.0477 0.7071
vn -0.7046 0.0593 0.7071
vn -0.7036 0.0709 0.7071
vn -0.9994 0.0346 0.0006
vn -0.9993 0.0374 -0.0009
vn -0.9987 0.0511 0.0008
vn -0.9985 0.0549 -0.0011
vn -0.9977 0.0675 0.0010
vn -0.9974 0.0724 -0.0013
vn -0.9965 0.0839 0.0012
vn -0.9960 0.0899 -0.0014
vn -0.9950 0.1003 0.0013
vn -0.9942 0.1073 -0.0015
vn -0.7023 0.0825 0.7071
vn -0.7023 0.0824 0.7071
vn -0.9932 0.1166 0.0013
vn -0.9922 0.1247 -0.0015
vn -0.7018 0.0882 -0.7069
vn -0.7014 0.0884 -0.7073
vn -0.7008 0.0940 0.7071
vn -0.9911 0.1329 0.0013
vn -0.9899 0.1421 -0.0015
vn -0.7002 0.1005 -0.7069
vn -0.6997 0.1007 -0.7073
vn -0.6992 0.1055 0.7071
vn -0.9888 0.1492 0.0013
vn -0.9872 0.1594 -0.0014
vn -0.6983 0.1128 -0.7069
vn -0.6978 0.1130 -0.7074
vn -0.6974 0.1170 0.7071
vn -0.9862 0.1654 0.0012
vn -0.9843 0.1767 -0.0013
vn -0.6963 0.1250 -0.7068
vn -0.6956 0.1252 -0.7074
vn -0.6954 0.1284 0.7071
vn -0.6957 0.1268 0.7071
vn -0.6957 0.1268 0.7070
vn -0.6967 0.1086 0.7090
vn -0.9834 0.1816 0.0010
vn -0.9817 0.1904 -0.0005
vn -0.9814 0.1919 -0.0009
vn -0.9810 0.1939 -0.0014
vn -0.6940 0.1372 -0.7068
vn -0.6933 0.1374 -0.7074
vn 0.7075 -0.0459 0.7052
vn -0.0053 -0.0714 0.9974
vn 0.0038 -0.1392 0.9903
vn -0.6933 0.1342 0.7080
vn -0.6957 0.1117 0.7096
vn -0.6956 0.1118 0.7097
vn -0.7011 0.0851 0.7079
vn -0.7014 0.0638 0.7099
vn -0.7044 0.0487 0.7081
vn -0.7020 0.0395 0.7110
vn -0.7100 -0.0000 0.7042
vn -0.7053 -0.0101 0.7088
vn -0.7160 -0.0616 0.6953
vn -0.7113 -0.0719 0.6992
vn -0.7220 -0.1225 0.6810
vn -0.7173 -0.1328 0.6840
vn -0.7278 -0.1821 0.6612
vn -0.7233 -0.1921 0.6633
vn -0.7337 -0.2409 0.6353
vn -0.7295 -0.2506 0.6365
vn -0.7395 -0.2975 0.6038
vn -0.7355 -0.3065 0.6043
vn -0.7449 -0.3502 0.5679
vn -0.7412 -0.3586 0.5675
vn -0.7500 -0.3999 0.5269
vn -0.7466 -0.4074 0.5259
vn -0.7550 -0.4465 0.4802
vn -0.7518 -0.4533 0.4789
vn -0.7596 -0.4897 0.4280
vn -0.7566 -0.4958 0.4263
vn -0.7638 -0.5288 0.3701
vn -0.7610 -0.5340 0.3684
vn -0.7672 -0.5627 0.3078
vn -0.7650 -0.5666 0.3062
vn -0.7701 -0.5899 0.2429
vn -0.7682 -0.5931 0.2412
vn -0.7714 -0.6066 0.1925
vn -0.7746 -0.5996 0.2013
vn -0.7025 -0.7116 -0.0000
vn -0.7026 -0.7116 -0.0000
vn -0.7025 -0.7117 -0.0000
vn -0.9794 0.2020 -0.0000
vn -0.7071 0.0117 -0.7070
vn -0.7058 0.0147 -0.7083
vn -0.7084 0.0442 -0.7044
vn -0.7052 0.0531 -0.7071
vn -0.7093 0.0765 -0.7007
vn -0.7050 0.0913 -0.7033
vn -0.7097 0.1086 -0.6961
vn -0.7053 0.1293 -0.6970
vn -0.7096 0.1407 -0.6904
vn -0.7061 0.1667 -0.6882
vn -0.7090 0.1725 -0.6838
vn -0.7073 0.2034 -0.6770
vn -0.7079 0.2042 -0.6762
vn -0.7090 0.2348 -0.6650
vn -0.7081 0.2351 -0.6658
vn -0.7102 0.2389 -0.6622
vn -0.0002 0.0271 -0.9996
vn -0.6947 0.0487 0.7176
vn -0.7014 0.0637 0.7099
vn -0.7060 0.0408 0.7071
vn -0.7069 -0.0137 0.7072
vn -0.7077 0.0338 0.7057
vn -0.7035 0.0324 0.7100
vn -0.9811 0.1937 -0.0016
vn -0.9807 0.1953 -0.0010
vn -0.9804 0.1968 -0.0006
vn 0.0003 -0.0463 0.9989
vn -0.6977 0.1023 0.7090
vn -0.6969 0.0848 0.7122
vn 0.7066 -0.1337 0.6949
vn 0.7089 -0.1456 0.6901
vn 0.7064 0.4750 -0.5248
vn 0.7024 0.4640 -0.5398
vn 0.7059 0.4617 -0.5371
vn 0.7017 0.4489 -0.5532
vn 0.7058 0.5030 -0.4988
vn 0.7023 0.4883 -0.5180
vn 0.7056 0.4861 -0.5156
vn 0.7014 0.4783 -0.5284
vn 0.7082 0.0237 -0.7056
vn 0.7063 0.3516 -0.6144
vn 0.7028 0.3217 -0.6345
vn 0.7070 0.3198 -0.6307
vn 0.7056 0.3182 -0.6331
vn 0.7054 0.3847 -0.5953
vn 0.7050 0.3841 -0.5962
vn 0.7041 0.3846 -0.5969
vn 0.7051 0.3563 -0.6131
vn 0.7031 0.3531 -0.6172
vn 0.7062 0.4159 -0.5731
vn 0.7037 0.4118 -0.5790
vn 0.7052 0.4110 -0.5778
vn 0.7036 0.3856 -0.5968
vn 0.7065 0.4460 -0.5495
vn 0.7028 0.4385 -0.5602
vn 0.7058 0.4367 -0.5579
vn 0.7024 0.4180 -0.5761
vn -0.7037 0.0369 0.7095
vn -0.7035 -0.0025 0.7107
vn -0.0043 -0.2126 0.9771
vn 0.0012 -0.2327 0.9725
vn -0.7107 -0.0307 0.7028
vn -0.7096 -0.0647 0.7016
vn 0.7067 -0.2233 0.6714
vn 0.7102 -0.2420 0.6611
vn -0.0042 -0.3495 0.9369
vn 0.0064 -0.4147 0.9099
vn -0.0006 0.0872 0.9962
vn -0.0017 0.2588 0.9659
vn -0.0017 0.2587 0.9660
vn 0.0006 -0.0871 0.9962
vn 0.7048 0.5299 -0.4716
vn 0.7028 0.5112 -0.4948
vn 0.7048 0.5097 -0.4933
vn 0.7017 0.5059 -0.5017
vn 0.0027 -0.3251 0.9457
vn -0.7103 -0.1020 0.6965
vn -0.7271 -0.1825 0.6618
vn -0.7152 -0.0784 0.6946
vn -0.7108 -0.0154 0.7033
vn -0.7068 -0.0170 0.7072
vn -0.7115 -0.0076 0.7026
vn -0.7185 -0.1681 0.6748
vn -0.7321 -0.2421 0.6367
vn 0.7068 -0.3092 0.6362
vn 0.7112 -0.3334 0.6190
vn -0.0038 -0.4793 0.8776
vn 0.0036 -0.5010 0.8654
vn -0.7178 -0.1455 0.6809
vn -0.7237 -0.1359 0.6766
vn -0.7187 -0.1389 0.6813
vn -0.7232 -0.1294 0.6784
vn -0.0027 0.4226 0.9063
vn -0.0037 0.5737 0.8191
vn -0.0037 0.5735 0.8192
vn -0.7269 -0.2334 0.6459
vn -0.7372 -0.2994 0.6058
vn 0.7119 -0.4179 0.5644
vn 0.7071 -0.3897 0.5900
vn -0.0035 -0.5993 0.8005
vn 0.0082 -0.6576 0.7533
vn 0.0035 -0.5822 0.8130
vn -0.7348 -0.2954 0.6105
vn -0.7419 -0.3527 0.5702
vn -0.7218 -0.2104 0.6593
vn -0.7317 -0.1929 0.6538
vn -0.7246 -0.1977 0.6602
vn -0.7290 -0.1884 0.6581
vn -0.9802 0.1982 -0.0003
vn -0.9799 0.1995 -0.0002
vn -0.9796 0.2008 -0.0000
vn -0.0046 0.7074 0.7068
vn -0.0046 0.7071 0.7071
vn -0.0053 0.8190 0.5737
vn -0.0053 0.8189 0.5739
vn -0.7423 -0.3533 0.5693
vn -0.7467 -0.4030 0.5292
vn 0.7125 -0.4939 0.4984
vn 0.7075 -0.4634 0.5336
vn -0.0037 -0.7072 0.7070
vn 0.0058 -0.7270 0.6866
vn -0.7264 -0.2741 0.6303
vn -0.7394 -0.2490 0.6255
vn -0.7306 -0.2556 0.6331
vn -0.7348 -0.2467 0.6319
vn -0.7495 -0.4076 0.5217
vn -0.7514 -0.4502 0.4825
vn 0.7129 -0.5597 0.4225
vn 0.7079 -0.5290 0.4680
vn -0.0025 -0.8005 0.5993
vn 0.0104 -0.8478 0.5302
vn 0.0044 -0.7901 0.6130
vn -0.7559 -0.4578 0.4680
vn -0.7556 -0.4939 0.4302
vn -0.0062 0.9659 0.2587
vn -0.0062 0.9659 0.2589
vn -0.0064 0.9962 0.0871
vn -0.0064 0.9962 0.0873
vn -0.0058 0.9063 0.4226
vn -0.7315 -0.3338 0.5946
vn -0.7463 -0.3028 0.5927
vn -0.7365 -0.3110 0.6007
vn -0.7405 -0.3025 0.6002
vn -0.7617 -0.5039 0.4073
vn -0.7597 -0.5333 0.3722
vn 0.7130 -0.6144 0.3380
vn 0.7084 -0.5855 0.3943
vn -0.0045 -0.8777 0.4793
vn 0.0099 -0.8978 0.4403
vn -0.7365 -0.3892 0.5533
vn -0.7525 -0.3530 0.5560
vn -0.7421 -0.3624 0.5640
vn -0.7457 -0.3546 0.5641
vn -0.7667 -0.5447 0.3398
vn -0.7635 -0.5669 0.3093
vn 0.7128 -0.6566 0.2466
vn 0.7089 -0.6316 0.3138
vn 0.0016 -0.9370 0.3494
vn 0.0098 -0.9684 0.2494
vn -0.0064 1.0000 -0.0000
vn 0.0006 -0.9376 0.3477
vn -0.7705 -0.5780 0.2689
vn -0.7669 -0.5937 0.2439
vn -0.7729 -0.6041 0.1940
vn -0.7715 -0.6159 0.1592
vn -0.7023 -0.7114 0.0241
vn -0.6950 -0.7180 0.0381
vn -0.7055 -0.7050 0.0718
vn -0.6960 -0.7089 0.1139
vn -0.7003 -0.7036 0.1203
vn -0.7040 -0.6903 0.1668
vn -0.7024 -0.6919 0.1673
vn -0.7025 -0.6917 0.1674
vn -0.7024 -0.6918 0.1673
vn -0.7012 -0.6929 0.1676
vn -0.7085 -0.6810 0.1852
vn 0.7124 -0.6856 0.1500
vn 0.7095 -0.6668 0.2278
vn -0.0046 -0.9772 0.2125
vn 0.0121 -0.9887 0.1491
vn -0.7389 -0.4458 0.5053
vn -0.7582 -0.4003 0.5147
vn -0.7473 -0.4107 0.5223
vn -0.7507 -0.4035 0.5231
vn -1.0000 -0.0065 -0.0000
vn -0.7755 -0.6206 0.1160
vn -0.7735 -0.6298 0.0718
vn -0.7030 -0.7112 -0.0000
vn -0.7024 -0.7118 -0.0000
vn 0.7117 -0.7007 0.0505
vn 0.7102 -0.6903 0.1382
vn -0.0033 -0.9974 0.0713
vn 0.0064 -0.9987 0.0498
vn 1.0000 0.0065 -0.0000
vn -0.0005 0.0811 -0.9967
vn -0.9512 -0.3077 0.0244
vn 0.7116 -0.7025 -0.0000
vn 0.7117 -0.7025 -0.0000
vn 0.0064 -1.0000 -0.0000
vn 0.0064 -0.9986 0.0534
vn 0.7109 -0.7018 0.0463
vn -0.6973 -0.7168 -0.0009
vn -0.7029 -0.7113 0.0006
vn -0.8124 -0.5815 0.0445
vn -0.7930 -0.6072 0.0504
vn -0.7791 -0.6242 0.0582
vn -0.7022 -0.7120 -0.0000
vn -0.7084 0.0146 -0.7057
vn -0.7063 0.0444 -0.7066
vn -0.7142 -0.5265 0.4612
vn -0.7559 -0.4716 0.4541
vn -0.7603 -0.4944 0.4213
vn -0.7571 -0.4978 0.4231
vn -0.7640 -0.5306 0.3669
vn 0.7080 -0.7051 0.0384
vn 0.7112 -0.7021 0.0335
vn 0.7113 -0.7021 0.0335
vn 0.7112 -0.6959 0.0996
vn 0.7092 -0.6979 0.0999
vn 0.7155 -0.6894 0.1127
vn 0.0069 -0.9985 0.0540
vn 0.0068 -0.9871 0.1597
vn 0.7058 -0.6991 0.1143
vn 0.7139 -0.6931 0.0994
vn 0.7112 -0.6959 0.0998
vn 0.7111 -0.6959 0.0998
vn 0.0073 -0.9870 0.1603
vn 0.0069 -0.9644 0.2642
vn -0.6947 -0.6941 0.1889
vn -0.7116 -0.6647 0.2277
vn -0.7021 -0.6736 0.2308
vn -0.7021 -0.6737 0.2307
vn -0.6947 -0.6804 0.2332
vn -0.7079 -0.6584 0.2559
vn 0.7043 -0.6844 0.1885
vn 0.7157 -0.6791 0.1633
vn 0.7111 -0.6836 0.1644
vn 0.7110 -0.6837 0.1645
vn 0.7077 -0.6869 0.1652
vn 0.0067 -0.9645 0.2640
vn 0.0062 -0.9312 0.3644
vn -0.6957 -0.6695 0.2603
vn -0.7105 -0.6340 0.3055
vn -0.7023 -0.6413 0.3090
vn -0.7023 -0.6414 0.3090
vn -0.7024 -0.6413 0.3089
vn -0.7024 -0.6412 0.3090
vn -0.6960 -0.6468 0.3117
vn -0.7066 -0.6289 0.3245
vn 0.7037 -0.6611 0.2605
vn 0.7165 -0.6601 0.2257
vn 0.7110 -0.6654 0.2274
vn 0.7110 -0.6654 0.2275
vn 0.7110 -0.6654 0.2276
vn 0.7068 -0.6693 0.2290
vn 0.7165 -0.6726 0.1853
vn 0.0061 -0.9312 0.3644
vn 0.0055 -0.8873 0.4612
vn -0.6978 -0.6365 0.3284
vn -0.7084 -0.5944 0.3805
vn -0.7026 -0.5994 0.3836
vn -0.7026 -0.5993 0.3837
vn -0.7027 -0.5992 0.3836
vn -0.6982 -0.6030 0.3860
vn -0.7044 -0.5926 0.3908
vn 0.7038 -0.6291 0.3299
vn 0.7165 -0.6360 0.2865
vn 0.7109 -0.6413 0.2888
vn 0.7109 -0.6413 0.2889
vn 0.7108 -0.6413 0.2889
vn 0.7109 -0.6413 0.2887
vn 0.7066 -0.6452 0.2905
vn 0.7167 -0.6488 0.2557
vn 0.0060 -0.8870 0.4618
vn 0.0051 -0.8327 0.5537
vn -0.7552 -0.5450 0.3643
vn -0.7589 -0.5400 0.3640
vn -0.7617 -0.5369 0.3626
vn -0.7642 -0.5323 0.3641
vn -0.7615 -0.5354 0.3654
vn -0.7010 -0.5953 0.3928
vn -0.7052 -0.5473 0.4508
vn -0.7030 -0.5490 0.4522
vn -0.7029 -0.5490 0.4522
vn -0.7012 -0.5503 0.4533
vn -0.7014 -0.5500 0.4534
vn 0.7049 -0.5890 0.3953
vn 0.7155 -0.6069 0.3460
vn 0.7107 -0.6112 0.3484
vn 0.7106 -0.6112 0.3485
vn 0.7107 -0.6112 0.3483
vn 0.7071 -0.6144 0.3501
vn 0.7163 -0.6179 0.3243
vn 0.0056 -0.8323 0.5543
vn 0.0044 -0.7691 0.6391
vn -0.7050 -0.5473 0.4510
vn -0.7016 -0.4989 0.5087
vn -0.7042 -0.4948 0.5092
vn -0.7031 -0.4411 0.5577
vn -0.7034 -0.4407 0.5577
vn -0.7047 -0.3837 0.5968
vn -0.7042 -0.3839 0.5972
vn -0.7043 -0.3838 0.5972
vn -0.7043 -0.3839 0.5972
vn -0.7042 -0.3838 0.5973
vn -0.7039 -0.3840 0.5975
vn -0.7072 -0.3774 0.5978
vn 0.7068 -0.5419 0.4548
vn 0.7135 -0.5732 0.4029
vn 0.7104 -0.5758 0.4047
vn 0.7105 -0.5758 0.4046
vn 0.7104 -0.5758 0.4046
vn 0.7082 -0.5777 0.4059
vn 0.7150 -0.5805 0.3896
vn 0.0051 -0.7686 0.6398
vn 0.0041 -0.6969 0.7172
vn -0.7563 -0.5867 0.2895
vn -0.7730 -0.5600 0.2982
vn -0.7655 -0.5686 0.3012
vn -0.7676 -0.5651 0.3026
vn -0.7652 -0.5678 0.3035
vn -0.7675 -0.5637 0.3051
vn -0.0064 0.9962 -0.0871
vn -0.0064 0.9962 -0.0873
vn -0.0062 0.9659 -0.2587
vn -0.0062 0.9659 -0.2589
vn -0.0058 0.9063 -0.4226
vn -0.0053 0.8190 -0.5737
vn -0.0053 0.8189 -0.5739
vn -0.0046 0.7074 -0.7068
vn -0.0046 0.7071 -0.7071
vn -0.0037 0.5737 -0.8191
vn -0.0037 0.5735 -0.8192
vn -0.0027 0.4226 -0.9063
vn -0.0027 0.4225 -0.9064
vn -0.0017 0.2588 -0.9659
vn -0.0017 0.2587 -0.9660
vn -0.0006 0.0872 -0.9962
vn 0.0006 -0.0871 -0.9962
vn 0.0017 -0.2590 -0.9659
vn 0.0027 -0.4224 -0.9064
vn 0.0027 -0.4225 -0.9064
vn 0.0037 -0.5735 -0.8192
vn 0.0037 -0.5737 -0.8191
vn 0.0046 -0.7071 -0.7071
vn 0.0046 -0.7074 -0.7068
vn 0.0053 -0.8191 -0.5736
vn 0.0053 -0.8189 -0.5739
vn 0.0058 -0.9063 -0.4226
vn 0.0058 -0.9062 -0.4228
vn 0.0062 -0.9659 -0.2589
vn 0.0062 -0.9659 -0.2587
vn 0.0064 -0.9962 -0.0873
vn 0.0064 -0.9962 -0.0871
vn 0.7091 -0.4885 0.5084
vn 0.7094 -0.4886 0.5080
vn 0.7098 -0.4883 0.5077
vn 0.7098 -0.4883 0.5076
vn 0.7102 -0.4880 0.5074
vn 0.7099 -0.5356 0.4573
vn 0.7129 -0.5370 0.4510
vn 0.0047 -0.6962 0.7178
vn 0.0038 -0.6164 0.7874
vn -0.7079 -0.7053 0.0374
vn -0.7024 -0.7114 0.0242
vn -0.7023 -0.7115 0.0242
vn -0.7023 -0.7082 0.0721
vn -0.7072 -0.6980 0.1123
vn -0.6999 -0.7105 0.0723
vn -0.7023 -0.7082 0.0720
vn -0.7024 -0.7081 0.0719
vn 0.7077 -0.4321 0.5589
vn 0.7101 -0.4332 0.5551
vn 0.7094 -0.4336 0.5556
vn 0.7095 -0.4336 0.5555
vn 0.7090 -0.4339 0.5559
vn 0.7103 -0.4877 0.5075
vn 0.0044 -0.6156 0.7880
vn 0.0033 -0.5292 0.8485
vn 0.7137 -0.6994 0.0381
vn -0.7005 -0.3808 0.6035
vn -0.7078 -0.3250 0.6272
vn -0.7046 -0.3264 0.6300
vn -0.7047 -0.3264 0.6300
vn -0.7022 -0.3276 0.6322
vn -0.7095 -0.3108 0.6324
vn 0.7109 -0.3684 0.5991
vn 0.0039 -0.5285 0.8490
vn 0.0026 -0.4359 0.9000
vn -0.7050 -0.4967 0.5063
vn 0.7062 0.1469 0.6926
vn 0.7061 0.1606 0.6897
vn 0.7038 0.1634 0.6913
vn 0.7075 0.1742 0.6849
vn 0.7029 0.1823 0.6875
vn 0.7074 0.1882 0.6813
vn 0.7035 0.2011 0.6816
vn 0.7058 0.2028 0.6787
vn 0.7057 0.2171 0.6744
vn 0.7077 0.1332 0.6938
vn 0.7040 0.1451 0.6953
vn 0.7084 0.1442 0.6909
vn 0.7061 0.1469 0.6927
vn -0.6988 -0.3155 0.6420
vn -0.7102 -0.2640 0.6527
vn -0.7050 -0.2659 0.6574
vn -0.7050 -0.2659 0.6575
vn -0.7011 -0.2673 0.6611
vn -0.7111 -0.2409 0.6605
vn 0.7068 -0.3041 0.6387
vn 0.7109 -0.3682 0.5991
vn 0.7089 -0.3694 0.6009
vn 0.7088 -0.3694 0.6009
vn 0.7074 -0.3702 0.6022
vn 0.7074 -0.3702 0.6021
vn 0.0031 -0.4352 0.9003
vn 0.0019 -0.3368 0.9416
vn -0.7043 -0.4404 0.5568
vn -0.7029 -0.4957 0.5101
vn -0.7034 -0.4953 0.5097
vn -0.7035 -0.4953 0.5097
vn 0.7078 0.1199 0.6961
vn 0.7033 0.1273 0.6994
vn 0.7092 0.1263 0.6936
vn 0.7048 0.1337 0.6967
vn 0.7108 -0.4302 0.5565
vn -0.6978 -0.2453 0.6730
vn -0.7113 -0.2012 0.6734
vn -0.7054 -0.2028 0.6791
vn -0.7054 -0.2029 0.6792
vn -0.7008 -0.2041 0.6835
vn -0.7118 -0.1689 0.6817
vn 0.7036 -0.2348 0.6706
vn 0.7138 -0.2922 0.6365
vn 0.7084 -0.2945 0.6414
vn 0.7084 -0.2945 0.6415
vn 0.7043 -0.2962 0.6452
vn 0.7101 -0.3028 0.6357
vn 0.0024 -0.3361 0.9418
vn 0.0014 -0.2343 0.9722
vn 0.7064 0.1072 0.6996
vn 0.7042 0.1096 0.7015
vn 0.7086 0.1090 0.6972
vn 0.7049 0.1204 0.6990
vn -0.0006 0.0812 -0.9967
vn -0.0008 0.1349 -0.9909
vn -0.7095 0.0527 -0.7027
vn -0.7059 0.0769 -0.7041
vn 0.7088 0.0618 -0.7027
vn 0.7056 0.0525 -0.7066
vn 0.7088 0.0996 -0.6983
vn 0.7049 0.0843 -0.7043
vn 0.7083 0.1373 -0.6924
vn 0.7047 0.1159 -0.7000
vn 0.7072 0.1747 -0.6850
vn 0.7051 0.1472 -0.6937
vn 0.7076 0.2473 -0.6619
vn 0.7044 0.2394 -0.6682
vn 0.7066 0.2387 -0.6661
vn 0.7043 0.2123 -0.6775
vn 0.7058 0.2834 -0.6493
vn 0.7022 0.2777 -0.6556
vn 0.7083 0.2754 -0.6499
vn 0.7032 0.2488 -0.6661
vn 0.7042 0.3188 -0.6344
vn -0.6979 -0.1721 0.6952
vn -0.7116 -0.1377 0.6889
vn -0.7058 -0.1387 0.6947
vn -0.7058 -0.1388 0.6947
vn -0.7013 -0.1396 0.6991
vn -0.7118 -0.0960 0.6958
vn 0.7014 -0.1628 0.6939
vn 0.7155 -0.2124 0.6655
vn 0.7078 -0.2149 0.6729
vn 0.7079 -0.2149 0.6729
vn 0.7021 -0.2167 0.6784
vn 0.7119 -0.2320 0.6629
vn 0.0013 -0.2344 0.9721
vn 0.0004 -0.1302 0.9915
vn -0.6989 -0.0976 0.7085
vn -0.7111 -0.0733 0.6993
vn -0.7062 -0.0738 0.7042
vn -0.7062 -0.0738 0.7041
vn -0.7026 -0.0741 0.7078
vn -0.7111 -0.0218 0.7027
vn 0.7001 -0.0887 0.7085
vn 0.7163 -0.1312 0.6853
vn 0.7073 -0.1331 0.6943
vn 0.7073 -0.1330 0.6943
vn 0.7005 -0.1344 0.7009
vn 0.7129 -0.1601 0.6828
vn 0.0002 -0.1304 0.9915
vn -0.0007 -0.0246 0.9997
vn -0.7101 0.0906 -0.6982
vn -0.7060 0.1093 -0.6998
vn -0.0010 0.1351 -0.9908
vn -0.0011 0.1882 -0.9821
vn 0.7117 0.0629 0.6997
vn 0.7065 0.0769 0.7035
vn 0.7064 0.0769 0.7036
vn 0.7067 0.0289 0.7069
vn 0.7097 0.0289 0.7039
vn 0.7010 -0.0126 0.7131
vn 0.7130 -0.0869 0.6957
vn 0.7062 -0.0677 0.7047
vn 0.7073 -0.0676 0.7037
vn 0.7074 -0.0676 0.7036
vn 0.7073 -0.0676 0.7036
vn 0.7088 -0.0674 0.7021
vn 0.7051 -0.0195 0.7089
vn 1.0000 0.0061 -0.0000
vn -1.0000 -0.0063 -0.0000
vn -1.0000 -0.0061 -0.0000
vn -0.7009 -0.0220 0.7130
vn -0.7096 -0.0081 0.7046
vn -0.7067 -0.0081 0.7075
vn -0.7066 -0.0080 0.7076
vn -0.7066 -0.0080 0.7075
vn -0.7044 -0.0081 0.7097
vn -0.7098 0.0535 0.7024
vn -0.0002 -0.0239 0.9997
vn -0.0010 0.0824 0.9966
vn 1.0000 0.0066 -0.0000
vn -1.0000 -0.0066 -0.0000
vn 0.7115 -0.0122 0.7026
vn 0.7046 0.0290 0.7090
vn 0.7068 0.0289 0.7068
vn 0.7068 0.0289 0.7069
vn -0.7103 0.1283 -0.6921
vn -0.7064 0.1413 -0.6935
vn -0.0014 0.1885 -0.9821
vn -0.0013 0.2410 -0.9705
vn -0.7037 0.0540 0.7085
vn -0.7071 0.0584 0.7047
vn -0.7072 0.0584 0.7046
vn 0.6996 0.0638 0.7117
vn -0.0005 0.0830 0.9965
vn -0.0009 0.1444 0.9895
vn 0.0017 -0.2590 0.9659
vn 0.7055 0.5455 -0.4525
vn 0.7036 0.5458 -0.4551
vn 0.7017 0.5484 -0.4548
vn 0.0027 -0.4225 0.9064
vn 0.0027 -0.4226 0.9063
vn -0.7100 0.1658 -0.6844
vn -0.7074 0.1729 -0.6854
vn -0.0006 0.0871 -0.9962
vn 0.0037 -0.5735 0.8192
vn 0.0037 -0.5737 0.8191
vn 0.0046 -0.7071 0.7071
vn 0.0046 -0.7074 0.7068
vn -0.7092 0.2029 -0.6751
vn -0.7088 0.2039 -0.6753
vn -0.7077 0.0976 0.6997
vn 0.0053 -0.8191 0.5736
vn 0.0053 -0.8189 0.5739
vn -0.0053 0.8192 0.5734
vn -0.0053 0.8191 0.5736
vn -0.7097 0.0993 0.6975
vn -0.7058 0.0999 0.7014
vn -0.7092 0.1094 0.6965
vn 0.0003 0.1451 0.9894
vn -0.0022 0.1615 0.9869
vn 0.0058 -0.9063 0.4226
vn 0.0058 -0.9062 0.4228
vn -0.0058 0.9061 0.4229
vn -0.7080 0.2753 -0.6503
vn -0.7096 0.3096 -0.6329
vn -0.7059 0.3182 -0.6329
vn -0.7115 0.3425 -0.6135
vn -0.7082 0.3525 -0.6117
vn -0.7109 0.3757 -0.5946
vn -0.7095 0.3791 -0.5941
vn -0.7097 0.4054 -0.5762
vn -0.7096 0.4055 -0.5762
vn -0.7082 0.4089 -0.5756
vn -0.0018 0.2415 -0.9704
vn -0.0015 0.2931 -0.9561
vn 0.0062 -0.9659 0.2589
vn 0.0062 -0.9659 0.2587
vn 0.0064 -0.9962 0.0871
vn 0.0064 -0.9962 0.0873
vn -1.0000 -0.0068 -0.0000
vn -0.0053 0.8191 -0.5736
vn -0.0053 0.8192 -0.5734
vn -0.0058 0.9061 -0.4230
vn -0.0058 0.9061 -0.4229
vn -0.7065 0.1099 0.6992
vn -0.7106 0.1153 0.6941
vn -0.7051 0.1163 0.6995
vn -0.7093 0.1218 0.6943
vn 0.0010 0.1635 0.9865
vn -0.0032 0.1791 0.9838
vn -0.0021 0.2937 -0.9559
vn -0.0017 0.3443 -0.9389
vn -0.7069 0.2400 -0.6654
vn -0.0025 0.3450 -0.9386
vn -0.0021 0.3946 -0.9188
vn -0.7065 0.1224 0.6971
vn -0.7101 0.1324 0.6915
vn -0.7058 0.1333 0.6958
vn -0.7080 0.1350 0.6932
vn 0.0014 0.1823 0.9832
vn -0.0039 0.1973 0.9803
vn 0.7046 0.2839 -0.6504
vn -0.7095 0.2748 -0.6489
vn -0.7110 0.2718 -0.6485
vn -0.7066 0.2736 -0.6526
vn -0.0029 0.3954 -0.9185
vn -0.0025 0.4439 -0.8961
vn -0.7083 0.3102 -0.6341
vn -0.0033 0.4446 -0.8957
vn -0.0029 0.4918 -0.8707
vn -0.7081 0.1483 0.6904
vn -0.7104 0.1501 0.6877
vn -0.7066 0.1624 0.6887
vn -0.7113 0.1682 0.6824
vn -0.7066 0.1765 0.6852
vn -0.7108 0.1874 0.6780
vn -0.7083 0.1905 0.6797
vn -0.7084 0.2051 0.6753
vn 0.0053 -0.8192 -0.5734
vn 0.0046 -0.7072 -0.7070
vn 0.0046 -0.7073 -0.7069
vn 0.0058 -0.9061 -0.4230
vn 0.0058 -0.9061 -0.4229
vn 0.0017 0.2013 0.9795
vn -0.0043 0.2162 0.9763
vn 0.0027 -0.4226 -0.9063
vn 0.0017 -0.2589 -0.9659
vn -0.7069 0.3449 -0.6175
vn -0.7123 0.3152 -0.6271
vn -0.0037 0.4924 -0.8704
vn -0.0033 0.5382 -0.8428
vn 0.0017 -0.2589 0.9659
vn 0.7054 0.5528 -0.4437
vn 0.7026 0.5513 -0.4499
vn 0.7045 0.5499 -0.4487
vn -0.7110 0.4072 -0.5733
vn -0.7087 0.4317 -0.5580
vn -0.7110 0.4303 -0.5562
vn -0.7075 0.4400 -0.5530
vn -0.7121 0.4371 -0.5494
vn -0.7083 0.4567 -0.5383
vn -0.7118 0.4544 -0.5356
vn -0.7074 0.4694 -0.5285
vn 0.0046 -0.7072 0.7070
vn 0.0046 -0.7073 0.7069
vn 0.0062 -0.9658 -0.2591
vn 0.0053 -0.8192 0.5734
vn 0.7053 0.5599 -0.4348
vn 0.6998 0.5606 -0.4427
vn 0.7072 0.5549 -0.4381
vn 0.7017 0.5556 -0.4461
vn -0.7126 0.4659 -0.5246
vn -0.7085 0.4805 -0.5169
vn -0.7119 0.4781 -0.5144
vn -0.7079 0.4971 -0.5018
vn 0.7071 0.2308 0.6684
vn 0.7026 0.2392 0.6702
vn 0.7085 0.2373 0.6646
vn 0.7041 0.2457 0.6663
vn -0.7080 0.3772 -0.5971
vn -0.7105 0.3514 -0.6097
vn -0.0039 0.5387 -0.8425
vn -0.0036 0.5830 -0.8124
vn 0.0058 -0.9061 0.4229
vn -0.7125 0.4937 -0.4986
vn -0.7092 0.5029 -0.4941
vn -0.7115 0.5012 -0.4925
vn -0.7089 0.5228 -0.4734
vn 1.0000 0.0063 -0.0000
vn 0.0022 -0.3377 -0.9412
vn 0.0022 -0.3368 -0.9416
vn 0.0006 -0.0983 -0.9952
vn 0.0062 -0.9658 0.2591
vn -0.7118 0.5206 -0.4714
vn -0.7104 0.5239 -0.4700
vn -0.7106 0.5372 -0.4544
vn -0.7090 0.5401 -0.4535
vn -0.7132 0.5352 -0.4527
vn -0.7093 0.5443 -0.4480
vn -0.7097 0.1617 0.6857
vn -0.7058 0.1511 0.6921
vn -0.0058 0.9062 0.4228
vn -0.0046 0.7073 0.7069
vn -0.0027 0.4225 0.9064
vn -0.0027 0.4224 0.9064
vn -0.0006 0.0871 0.9962
vn 0.7035 0.5684 -0.4268
vn 0.7007 0.5694 -0.4300
vn 0.7062 0.5650 -0.4267
vn 0.7016 0.5628 -0.4371
vn -0.0058 0.9062 -0.4228
vn -0.0046 0.7073 -0.7069
vn -0.0027 0.4225 -0.9063
vn -0.0027 0.4224 -0.9064
vn 0.0017 0.2207 0.9753
vn -0.0048 0.2356 0.9718
vn -0.0040 0.5834 -0.8122
vn -0.0038 0.6263 -0.7796
vn -0.0042 0.6265 -0.7794
vn -0.0042 0.6675 -0.7446
vn 0.7045 0.1749 0.6879
vn 0.7083 0.1624 0.6870
vn 0.0016 0.2404 0.9707
vn -0.0050 0.2554 0.9668
vn -0.0043 0.6676 -0.7445
vn -0.0045 0.7069 -0.7073
vn -0.7098 0.1757 0.6821
vn -0.7050 0.1698 0.6885
vn -0.0046 0.7069 -0.7073
vn -0.0048 0.7442 -0.6680
vn 0.7044 0.1890 0.6842
vn 0.7089 0.1808 0.6817
vn 0.0014 0.2603 0.9655
vn -0.0051 0.2758 0.9612
vn 0.7023 0.5318 -0.4733
vn 0.7036 0.5327 -0.4703
vn -0.0018 0.7671 -0.6415
vn -0.0049 0.7662 -0.6426
vn -0.7120 0.5421 -0.4463
vn -0.7072 0.5494 -0.4450
vn -0.7141 0.5440 -0.4407
vn -0.7098 0.5499 -0.4403
vn 0.0053 -0.8218 -0.5698
vn 0.0046 -0.7115 -0.7027
vn 0.0046 -0.7110 -0.7032
vn 0.0046 -0.7114 -0.7027
vn 0.0037 -0.5796 -0.8149
vn 0.0037 -0.5798 -0.8147
vn 0.0028 -0.4303 -0.9027
vn 0.0017 -0.2684 -0.9633
vn 0.0017 -0.2683 -0.9633
vn 1.0000 0.0071 -0.0000
vn -0.7059 0.1888 0.6827
vn 1.0000 0.0068 -0.0000
vn 0.0059 -0.9076 -0.4198
vn -0.7115 0.5485 -0.4392
vn -0.7095 0.5562 -0.4328
vn -0.7082 0.5578 -0.4329
vn -0.7122 0.5601 -0.4232
vn -0.7078 0.5667 -0.4217
vn -0.7123 0.5661 -0.4150
vn -0.7100 0.5710 -0.4121
vn -0.7124 0.5722 -0.4063
vn -0.7108 0.5745 -0.4058
vn -0.7109 0.5797 -0.3983
vn -0.7096 0.5813 -0.3982
vn -0.7119 0.5849 -0.3887
vn -0.7099 0.5866 -0.3899
vn -0.7094 0.5873 -0.3897
vn 0.7070 0.2447 0.6636
vn 0.7033 0.2573 0.6627
vn 0.7076 0.2558 0.6587
vn 0.7054 0.2588 0.6598
vn 0.0037 -0.5737 0.8190
vn 0.0037 -0.5734 0.8193
vn 0.7034 0.5753 -0.4175
vn 0.7053 0.2720 0.6546
vn 0.7032 0.2749 0.6556
vn 0.7066 0.2842 0.6480
vn 0.7025 0.2920 0.6490
vn 0.7065 0.2966 0.6426
vn 0.7025 0.3100 0.6406
vn -0.0077 0.7746 -0.6324
vn -0.0003 0.7773 -0.6291
vn 0.0053 -0.8190 0.5737
vn 0.7058 0.2028 0.6788
vn 0.7081 0.1998 0.6773
vn 0.0012 0.2804 0.9599
vn -0.0050 0.2964 0.9550
vn 0.0064 -0.9962 -0.0864
vn 0.0062 -0.9666 -0.2563
vn 0.0062 -0.9664 -0.2571
vn -0.7084 0.2051 0.6754
vn 0.0006 -0.0872 -0.9962
vn -0.0046 0.7070 0.7072
vn -0.0027 0.4227 0.9063
vn 0.7052 0.5807 -0.4069
vn 0.7007 0.5786 -0.4175
vn 0.7061 0.5742 -0.4143
vn 0.7051 0.5873 -0.3974
vn 0.6997 0.5884 -0.4052
vn 0.7069 0.5825 -0.4012
vn 0.7015 0.5836 -0.4090
vn -0.0046 0.7070 -0.7072
vn -0.0027 0.4227 -0.9063
vn 0.0017 -0.2588 -0.9659
vn 0.0027 -0.4227 -0.9063
vn 0.0053 -0.8190 -0.5737
vn 0.0062 -0.9661 -0.2583
vn 0.0064 -0.9961 -0.0875
vn -0.0090 0.7831 -0.6218
vn 0.0001 0.7874 -0.6164
vn 0.0008 0.3006 0.9538
vn -0.0049 0.3170 0.9484
vn -0.7102 0.2191 0.6691
vn -0.7059 0.2083 0.6770
vn -0.7109 0.2067 0.6722
vn -0.7119 0.5543 -0.4313
vn -0.0090 0.7916 -0.6110
vn -0.0003 0.7973 -0.6035
vn -0.7069 0.2201 0.6722
vn -0.7118 0.2257 0.6651
vn -0.7053 0.2279 0.6713
vn -0.7102 0.2333 0.6642
vn 0.7034 0.5684 -0.4268
vn 0.7041 0.2317 0.6712
vn 0.7079 0.2188 0.6715
vn 0.7034 0.2201 0.6758
vn 0.0003 0.3206 0.9472
vn -0.0047 0.3372 0.9414
vn -0.7093 0.5624 -0.4250
vn -0.7132 0.5537 -0.4298
vn -0.0082 0.8001 -0.5998
vn -0.0015 0.8071 -0.5904
vn -0.7070 0.2345 0.6673
vn -0.7111 0.2447 0.6591
vn -0.7063 0.2465 0.6637
vn -0.7087 0.2480 0.6605
vn -0.0001 0.3403 0.9403
vn -0.0044 0.3571 0.9341
vn 0.0017 -0.2588 0.9659
vn 0.7033 0.5952 -0.3887
vn 0.7006 0.5963 -0.3918
vn 0.7059 0.5920 -0.3889
vn 0.7015 0.5902 -0.3994
vn 0.0027 -0.4227 0.9063
vn 0.0027 -0.4224 0.9064
vn -0.7093 0.5686 -0.4167
vn -0.7137 0.5619 -0.4182
vn -0.0071 0.8088 -0.5881
vn -0.0032 0.8168 -0.5769
vn 0.0062 -0.9661 0.2583
vn 0.0064 -0.9961 0.0875
vn 0.0062 -0.9660 0.2583
vn 0.7053 0.3302 0.6273
vn 0.7044 0.3576 0.6132
vn 0.7052 0.3572 0.6125
vn 0.7039 0.3615 0.6115
vn 0.7033 0.6014 -0.3792
vn -0.7124 0.5847 -0.3881
vn -0.7102 0.5900 -0.3841
vn -0.7116 0.5888 -0.3834
vn -0.7091 0.5938 -0.3803
vn -0.7088 0.2616 0.6551
vn -0.0062 0.9658 0.2591
vn -0.0046 0.7072 0.7070
vn 0.7048 0.6059 -0.3689
vn 0.7007 0.6045 -0.3789
vn 0.7057 0.6003 -0.3763
vn 0.7032 0.6014 -0.3792
vn -0.0062 0.9658 -0.2591
vn -0.0046 0.7072 -0.7070
vn 0.0027 -0.4223 -0.9064
vn 0.0062 -0.9660 -0.2583
vn -0.7128 0.5907 -0.3783
vn -0.7109 0.5932 -0.3777
vn -0.7110 0.5973 -0.3711
vn -0.7090 0.6000 -0.3705
vn -0.7120 0.6005 -0.3640
vn -0.7090 0.6060 -0.3606
vn -0.7110 0.6053 -0.3579
vn -0.7111 0.6091 -0.3513
vn -0.7110 0.6091 -0.3513
vn -0.7131 0.6083 -0.3486
vn 0.7056 0.3902 0.5915
vn 0.7035 0.4120 0.5791
vn 0.7055 0.4109 0.5775
vn 0.7030 0.4203 0.5738
vn 0.7055 0.3607 0.6101
vn 0.7039 0.3853 0.5968
vn 0.7053 0.3845 0.5955
vn 0.7034 0.3914 0.5934
vn -0.7087 0.2479 0.6605
vn -0.7111 0.2629 0.6521
vn -0.7073 0.2754 0.6510
vn -0.7119 0.2799 0.6441
vn -0.7075 0.2881 0.6454
vn -0.7119 0.2984 0.6357
vn -0.0006 0.3595 0.9331
vn -0.0041 0.3764 0.9264
vn -0.7092 0.5748 -0.4082
vn -0.7116 0.5698 -0.4112
vn -0.0058 0.8174 -0.5760
vn -0.0046 0.8262 -0.5634
vn 0.7054 0.2720 0.6546
vn -0.0012 0.3782 0.9257
vn -0.0039 0.3950 0.9187
vn -0.7108 0.5797 -0.3983
vn -0.0050 0.8263 -0.5633
vn -0.0056 0.8352 -0.5500
vn -0.0050 0.8353 -0.5498
vn -0.0060 0.8440 -0.5364
vn -0.0056 0.8441 -0.5362
vn -0.0055 0.8523 -0.5229
vn -0.7104 0.2742 0.6482
vn -0.7065 0.2647 0.6564
vn 0.7033 0.5952 -0.3888
vn 0.7039 0.2853 0.6505
vn 0.7074 0.2734 0.6518
vn -0.0017 0.3963 0.9181
vn -0.0035 0.4130 0.9107
vn 0.7047 0.6115 -0.3598
vn 0.7000 0.6128 -0.3668
vn 0.7064 0.6074 -0.3635
vn 0.7015 0.6087 -0.3706
vn -0.7104 0.2869 0.6426
vn -0.7059 0.2824 0.6496
vn -0.7129 0.5967 -0.3684
vn -0.7100 0.6022 -0.3650
vn 0.7031 0.6180 -0.3517
vn 0.7008 0.6191 -0.3543
vn 0.7054 0.6152 -0.3521
vn 0.7016 0.6141 -0.3614
vn 0.7056 0.4187 0.5717
vn 0.7031 0.4380 0.5602
vn 0.7055 0.4366 0.5583
vn 0.7027 0.4481 0.5527
vn 0.7055 0.4730 0.5278
vn 0.7027 0.4873 0.5184
vn 0.7053 0.4855 0.5166
vn 0.7023 0.5007 0.5060
vn 0.7056 0.4464 0.5504
vn 0.7029 0.4631 0.5400
vn 0.7054 0.4614 0.5381
vn 0.7024 0.4750 0.5301
vn 0.7053 0.4987 0.5039
vn 0.7026 0.5104 0.4958
vn 0.7050 0.5087 0.4941
vn 0.7023 0.5251 0.4808
vn 0.7039 0.2976 0.6450
vn 0.7079 0.2899 0.6440
vn -0.0023 0.4137 0.9104
vn -0.0032 0.4302 0.9027
vn -0.7130 0.6026 -0.3585
vn 0.7031 0.6228 -0.3432
vn 0.7050 0.5231 0.4789
vn 0.7026 0.5323 0.4723
vn 0.7048 0.5307 0.4708
vn 0.7022 0.5481 0.4544
vn -1.0000 -0.0067 -0.0000
vn -0.7090 0.2996 0.6383
vn -0.7073 0.2972 0.6414
vn 0.7047 0.5462 0.4529
vn 0.7027 0.5531 0.4476
vn 0.7044 0.5518 0.4465
vn 0.7024 0.5695 0.4271
vn -0.7091 0.3212 0.6277
vn -0.7091 0.3212 0.6278
vn 0.7045 0.6261 -0.3344
vn 0.7010 0.6253 -0.3429
vn 0.7052 0.6217 -0.3409
vn 0.7043 0.6303 -0.3265
vn 0.7004 0.6317 -0.3323
vn 0.7057 0.6270 -0.3297
vn 0.7017 0.6285 -0.3357
vn -0.7116 0.6137 -0.3420
vn -0.7103 0.6171 -0.3386
vn -0.7119 0.6158 -0.3378
vn -0.7111 0.6168 -0.3374
vn 0.7033 0.6078 0.3687
vn 0.7028 0.6242 0.3412
vn 0.7033 0.6238 0.3410
vn 0.7023 0.6261 0.3388
vn 0.7038 0.5885 0.3979
vn 0.7030 0.5907 0.3961
vn 0.7034 0.5904 0.3958
vn 0.7028 0.6082 0.3690
vn 0.7043 0.5680 0.4259
vn 0.7028 0.5725 0.4223
vn 0.7040 0.5715 0.4216
vn 0.7026 0.5895 0.3985
vn -0.0068 0.8526 -0.5225
vn -0.0044 0.8602 -0.5100
vn 0.7051 0.3089 0.6383
vn 0.7067 0.3052 0.6383
vn -0.0028 0.4304 0.9026
vn -0.0030 0.4605 0.8876
vn -0.0085 0.8610 -0.5085
vn -0.0031 0.8675 -0.4974
vn 0.7044 0.3306 0.6281
vn 0.7049 0.3291 0.6283
vn -0.0029 0.4607 0.8875
vn -0.0032 0.5039 0.8638
vn -0.7093 0.3518 0.6109
vn -0.7093 0.3518 0.6108
vn -0.7090 0.6118 -0.3506
vn -0.0100 0.8691 -0.4945
vn -0.0020 0.8743 -0.4854
vn -0.7095 0.3815 0.5926
vn -0.7095 0.3815 0.5925
vn -0.0030 0.5041 0.8636
vn -0.0034 0.5459 0.8378
vn -0.7111 0.6169 -0.3374
vn -0.7111 0.6195 -0.3325
vn -0.7103 0.6206 -0.3321
vn -0.7117 0.6216 -0.3274
vn -0.7101 0.6242 -0.3258
vn -0.7117 0.6240 -0.3226
vn -0.7101 0.6279 -0.3186
vn -0.7096 0.4102 0.5728
vn -0.7097 0.4102 0.5728
vn -0.7096 0.4102 0.5729
vn 0.7030 0.6354 -0.3195
vn 0.7015 0.6357 -0.3222
vn 0.7055 0.6331 -0.3184
vn 0.7017 0.6326 -0.3277
vn -0.7098 0.4379 0.5517
vn -0.0032 0.5461 0.8377
vn -0.0037 0.5864 0.8100
vn -0.7106 0.6147 -0.3425
vn -0.7121 0.6119 -0.3442
vn -0.7101 0.6137 -0.3452
vn -0.0047 0.8751 -0.4840
vn -0.0065 0.8788 -0.4772
vn -0.0018 0.8806 -0.4738
vn -0.0067 0.8825 -0.4703
vn -0.0045 0.8862 -0.4634
vn 0.7029 0.6449 -0.3001
vn 0.7036 0.6249 0.3383
vn 0.7024 0.6394 0.3127
vn 0.7035 0.6384 0.3123
vn 0.7019 0.6422 0.3080
vn -0.7114 0.4636 0.5283
vn -0.7080 0.4433 0.5498
vn -0.7118 0.4408 0.5468
vn -0.7099 0.4379 0.5517
vn 0.7039 0.6405 0.3071
vn 0.7020 0.6532 0.2837
vn 0.7038 0.6516 0.2831
vn 0.7015 0.6569 0.2762
vn 0.7028 0.6589 -0.2682
vn 0.7028 0.6589 -0.2681
vn -0.7117 0.4890 0.5044
vn -0.7075 0.4784 0.5203
vn -0.7129 0.4746 0.5163
vn -0.7087 0.4655 0.5302
vn -0.0034 0.5867 0.8098
vn -0.0040 0.6256 0.7801
vn -0.7107 0.5141 0.4802
vn -0.7081 0.5108 0.4875
vn -0.7126 0.5075 0.4844
vn -0.7087 0.4911 0.5065
vn 0.7040 0.6546 0.2753
vn 0.7005 0.6706 0.2441
vn 0.6998 0.6718 0.2428
vn 0.7041 0.6785 0.2097
vn 0.6988 0.6903 0.1878
vn 0.7024 0.6895 0.1766
vn 0.7026 0.6971 0.1426
vn -0.7101 0.5378 0.4544
vn 0.7027 0.6714 -0.2355
vn 0.7027 0.6714 -0.2356
vn -0.7118 0.5583 0.4261
vn -0.7088 0.5410 0.4527
vn -0.7122 0.5383 0.4504
vn -0.7109 0.5372 0.4539
vn -0.7123 0.5784 0.3976
vn -0.7087 0.5681 0.4183
vn -0.7128 0.5647 0.4160
vn -0.7094 0.5603 0.4276
vn -0.7116 0.6354 -0.2999
vn -0.7108 0.6487 -0.2719
vn -0.7117 0.6479 -0.2715
vn -0.7103 0.6507 -0.2683
vn -0.7124 0.5973 0.3685
vn -0.7087 0.5916 0.3844
vn -0.7131 0.5879 0.3820
vn -0.7092 0.5809 0.3995
vn 0.7036 0.7106 0.0041
vn 0.7008 0.7128 -0.0276
vn 0.7041 0.7096 -0.0273
vn 0.7028 0.7107 -0.0308
vn 0.7039 0.7092 0.0390
vn 0.7005 0.7134 0.0163
vn 0.7045 0.7096 0.0162
vn 0.7013 0.7129 0.0042
vn 0.7027 0.6822 -0.2023
vn 0.7026 0.6822 -0.2025
vn 0.7026 0.6822 -0.2024
vn 0.7026 0.6913 -0.1688
vn 0.7038 0.6976 -0.1345
vn 0.7007 0.6943 -0.1639
vn 0.7045 0.6907 -0.1631
vn 0.7025 0.6913 -0.1688
vn 0.7039 0.7032 -0.1001
vn 0.7000 0.7042 -0.1192
vn 0.7052 0.6991 -0.1183
vn 0.7012 0.7001 -0.1349
vn 0.7028 0.7084 -0.0656
vn 0.7004 0.7100 -0.0735
vn 0.7047 0.7058 -0.0730
vn 0.7010 0.7060 -0.1006
vn 0.7020 0.7115 -0.0307
vn -0.7122 0.7009 0.0393
vn -0.7113 0.7016 0.0423
vn -0.7118 0.7011 0.0422
vn -0.7113 0.6990 0.0742
vn -0.7125 0.7016 0.0046
vn -0.7110 0.7031 0.0103
vn -0.7122 0.7019 0.0102
vn -0.7109 0.7022 0.0395
vn -0.7120 0.6491 -0.2676
vn -0.7105 0.6607 -0.2422
vn -0.7121 0.6592 -0.2417
vn -0.7101 0.6635 -0.2358
vn -0.7125 0.6612 -0.2349
vn -0.7104 0.6712 -0.2118
vn -0.7124 0.6693 -0.2111
vn -0.7099 0.6745 -0.2027
vn -0.7127 0.6718 -0.2017
vn -0.7103 0.6803 -0.1809
vn -0.7127 0.6779 -0.1802
vn -0.7099 0.6838 -0.1689
vn -0.7129 0.6808 -0.1682
vn -0.7102 0.6879 -0.1497
vn -0.7129 0.6852 -0.1492
vn -0.7099 0.6913 -0.1346
vn -0.7130 0.6882 -0.1340
vn -0.7102 0.6940 -0.1180
vn -0.7129 0.6913 -0.1175
vn -0.7099 0.6972 -0.0999
vn -0.7131 0.6940 -0.0994
vn -0.7103 0.6986 -0.0858
vn -0.7129 0.6960 -0.0855
vn -0.7101 0.7011 -0.0649
vn -0.7130 0.6982 -0.0648
vn -0.7105 0.7017 -0.0538
vn -0.7127 0.6994 -0.0537
vn -0.7103 0.7033 -0.0302
vn -0.7128 0.7007 -0.0300
vn -0.7107 0.7032 -0.0217
vn -0.7125 0.7013 -0.0216
vn -0.7106 0.7036 0.0047
vn 0.7035 0.7024 0.1083
vn 0.7007 0.7066 0.0984
vn 0.7044 0.7030 0.0979
vn 0.7010 0.7093 0.0739
vn 0.7039 0.7065 0.0736
vn 0.7004 0.7114 0.0575
vn 0.7046 0.7073 0.0572
vn 0.7009 0.7122 0.0391
vn -0.7120 0.6151 0.3387
vn -0.7091 0.6127 0.3489
vn -0.7130 0.6093 0.3470
vn -0.7094 0.5999 0.3700
vn -0.7112 0.6319 0.3080
vn -0.7099 0.6314 0.3122
vn -0.7124 0.6291 0.3111
vn -0.7100 0.6170 0.3396
vn -0.7110 0.6465 0.2765
vn -0.7128 0.6579 0.2433
vn -0.7072 0.6542 0.2681
vn -0.7153 0.6466 0.2650
vn -0.7113 0.6463 0.2763
vn -0.7090 0.6727 0.2116
vn -0.7083 0.6729 0.2132
vn -0.7143 0.6671 0.2114
vn -0.7098 0.6607 0.2443
vn -0.7126 0.6789 0.1769
vn -0.7125 0.6870 0.1431
vn -0.7106 0.6829 0.1693
vn -0.7124 0.6811 0.1689
vn -0.7101 0.6813 0.1776
vn -0.7121 0.6935 0.1089
vn -0.7109 0.6896 0.1379
vn -0.7121 0.6884 0.1376
vn -0.7104 0.6890 0.1434
vn -0.7118 0.6985 0.0743
vn -0.7113 0.6948 0.1062
vn -0.7118 0.6943 0.1062
vn -0.7108 0.6949 0.1092
vn -0.0037 0.6260 0.7798
vn -0.0044 0.6633 0.7483
vn -0.0040 0.6637 0.7480
vn -0.0048 0.6994 0.7148
vn -0.0041 0.7001 0.7140
vn -0.0049 0.7338 0.6793
vn -0.0028 0.8866 -0.4626
vn -0.7100 0.5147 0.4807
vn -0.0042 0.7346 0.6785
vn -0.0049 0.7665 0.6422
vn -0.7106 0.6225 -0.3279
vn -0.7119 0.6192 -0.3313
vn -0.0024 0.8921 -0.4518
vn -0.0072 0.8896 -0.4567
vn -0.0058 0.9055 -0.4244
vn -0.0058 0.8931 -0.4499
vn -0.0042 0.7672 0.6413
vn -0.0050 0.7973 0.6036
vn -0.7106 0.6250 -0.3231
vn -0.7122 0.6223 -0.3248
vn -0.0045 0.7977 0.6030
vn -0.0053 0.8260 0.5636
vn -0.7106 0.6363 -0.3002
vn -0.7111 0.6352 -0.3013
vn -0.0060 0.9056 -0.4241
vn -0.0061 0.9253 -0.3791
vn -0.7112 0.6269 -0.3181
vn -0.7118 0.6257 -0.3191
vn -0.0048 0.8265 0.5629
vn -0.0056 0.8528 0.5222
vn -0.0052 0.8532 0.5215
vn -0.0060 0.8775 0.4795
vn -0.0054 0.8780 0.4787
vn -0.0062 0.9001 0.4357
vn -0.7110 0.6321 0.3082
vn -0.0056 0.9005 0.4349
vn -0.0063 0.9205 0.3908
vn -0.0056 0.9209 0.3899
vn -0.0063 0.9386 0.3448
vn -0.0063 0.9254 -0.3789
vn -0.0063 0.9429 -0.3330
vn 0.7048 0.6666 0.2426
vn -0.0058 0.9389 0.3441
vn -0.0064 0.9545 0.2982
vn -0.0065 0.9430 -0.3327
vn -0.0063 0.9582 -0.2862
vn -0.7136 0.6683 0.2101
vn 0.7012 0.6812 0.2106
vn 0.7056 0.6665 0.2408
vn -0.0058 0.9548 0.2972
vn -0.0064 0.9681 0.2505
vn -0.0066 0.9582 -0.2859
vn -0.0063 0.9711 -0.2387
vn 0.7027 0.6892 0.1766
vn 0.7065 0.6829 0.1857
vn -0.0059 0.9683 0.2498
vn -0.0066 0.9793 0.2025
vn -0.0066 0.9712 -0.2383
vn -0.0062 0.9817 -0.1904
vn 0.7024 0.6973 0.1425
vn -0.0060 0.9795 0.2015
vn -0.0066 0.9880 0.1542
vn -0.0066 0.9818 -0.1899
vn -0.0061 0.9899 -0.1420
vn 0.7015 0.7044 0.1084
vn 0.7037 0.6968 0.1386
vn 0.7014 0.6991 0.1390
vn -0.0059 0.9882 0.1532
vn -0.0066 0.9945 0.1049
vn -0.0068 0.9900 -0.1409
vn -0.0062 0.9957 -0.0928
vn -0.0062 0.9945 0.1043
vn -0.0068 0.9984 0.0558
vn 0.7021 0.7090 -0.0656
vn -0.0070 0.9958 -0.0916
vn -0.0065 0.9990 -0.0436
vn -0.0064 0.9985 0.0552
vn -0.0070 1.0000 0.0066
vn -0.0071 0.9991 -0.0427
vn -0.0066 1.0000 0.0059
vn -0.7009 0.0475 0.7117
vn -0.7224 -0.1223 0.6806
vn -0.7174 -0.0689 0.6932
vn -0.7128 -0.0785 0.6970
vn -0.7138 -0.0780 0.6960
vn -0.7733 -0.6041 0.1924
vn -0.7816 -0.6139 0.1108
vn -0.7736 -0.6197 0.1321
vn -0.8505 -0.5246 0.0380
vn -0.7006 -0.7135 -0.0003
vn -0.7592 -0.4490 0.4712
vn -0.7523 -0.4560 0.4755
vn -0.7600 -0.4922 0.4244
vn -0.7627 -0.4942 0.4172
vn -0.7701 -0.5908 0.2406
vn -0.7741 -0.5842 0.2440
vn -0.7698 -0.5881 0.2482
vn -0.7722 -0.5844 0.2495
vn 0.7102 -0.5355 0.4571
vn 0.7106 -0.5352 0.4568
vn 0.7112 -0.7021 0.0337
vn -0.7024 -0.7016 0.1199
vn -0.7023 -0.7017 0.1199
vn -0.7025 -0.7015 0.1199
vn -0.7039 -0.7001 0.1197
vn -0.7038 -0.4405 0.5573
vn -0.7039 -0.4405 0.5573
vn -0.7038 -0.4404 0.5574
vn -0.7042 -0.4403 0.5570
vn 0.7070 -0.0195 0.7069
vn 0.7084 -0.0194 0.7055
vn 0.7043 0.3567 -0.6138
vn -0.7122 0.5792 -0.3967
vn 0.7029 0.6082 0.3689
vn 0.7033 0.6078 0.3686
vn -0.7113 0.6990 0.0743
vn -0.7117 0.6985 0.0742
vn -0.7555 -0.4496 0.4766
vn -0.7575 -0.4998 0.4201
vn -0.7699 -0.6028 0.2094
s 0
f 1//1 2//1 3//1
f 2//1 4//1 3//1
f 5//2 6//2 7//2
f 6//2 8//2 7//2
f 9//3 10//3 11//3
f 10//3 12//3 11//3
f 11//3 12//3 13//3
f 14//4 15//4 16//4
f 14//4 16//4 12//4
f 16//4 17//4 12//4
f 12//4 17//4 18//4
f 18//4 19//4 12//4
f 19//4 20//4 12//4
f 12//4 20//4 21//4
f 21//4 22//4 12//4
f 22//4 23//4 12//4
f 12//4 23//4 13//4
f 15//5 14//5 24//5
f 14//5 25//5 24//5
f 24//5 25//5 26//5
f 27//6 28//6 29//6
f 28//6 30//6 29//6
f 29//6 30//6 31//6
f 26//7 32//7 33//7
f 32//7 34//7 33//7
f 33//8 34//8 35//8
f 32//7 27//7 34//7
f 27//6 29//6 34//6
f 29//6 36//6 34//6
f 34//9 36//9 37//9
f 29//6 31//6 36//6
f 31//10 38//10 36//10
f 38//10 39//10 36//10
f 36//10 39//10 40//10
f 38//10 41//10 39//10
f 41//10 42//10 39//10
f 41//10 43//10 42//10
f 43//10 44//10 42//10
f 43//10 45//10 44//10
f 45//10 46//10 44//10
f 45//10 47//10 46//10
f 47//10 48//10 46//10
f 46//10 48//10 49//10
f 48//10 50//10 49//10
f 49//10 50//10 51//10
f 50//10 52//10 51//10
f 51//10 52//10 53//10
f 52//11 54//11 53//11
f 54//11 55//11 53//11
f 53//12 55//12 56//12
f 54//11 57//11 55//11
f 57//13 58//13 55//13
f 58//13 9//13 55//13
f 55//13 9//13 59//13
f 9//3 11//3 59//3
f 11//3 60//3 59//3
f 59//14 60//14 61//14
f 60//15 62//15 61//15
f 61//16 62//16 63//16
f 62//17 64//17 63//17
f 63//18 64//18 65//18
f 64//19 66//19 65//19
f 65//20 66//20 67//20
f 66//21 68//21 67//21
f 67//22 68//22 69//22
f 68//23 70//23 69//23
f 69//24 70//24 71//24
f 70//25 72//25 71//25
f 71//25 72//25 73//25
f 72//26 74//26 73//26
f 11//3 13//3 60//3
f 13//4 23//4 75//4
f 23//4 76//4 75//4
f 23//4 22//4 76//4
f 22//4 77//4 76//4
f 22//4 21//4 77//4
f 21//4 78//4 77//4
f 21//4 20//4 78//4
f 20//4 79//4 78//4
f 20//4 19//4 79//4
f 19//4 18//4 79//4
f 79//4 18//4 80//4
f 18//4 17//4 80//4
f 80//4 17//4 81//4
f 17//4 16//4 81//4
f 81//4 16//4 82//4
f 16//4 15//4 82//4
f 15//5 24//5 82//5
f 24//5 33//5 82//5
f 82//27 33//27 83//27
f 24//5 26//5 33//5
f 84//28 82//28 83//28
f 82//4 84//4 85//4
f 83//29 33//29 35//29
f 86//30 83//30 87//30
f 83//31 35//31 87//31
f 83//32 86//32 84//32
f 86//33 85//33 84//33
f 88//34 85//34 89//34
f 85//35 86//35 89//35
f 85//4 88//4 82//4
f 88//4 90//4 82//4
f 82//4 90//4 91//4
f 90//36 88//36 92//36
f 88//37 89//37 92//37
f 91//38 90//38 93//38
f 90//39 92//39 93//39
f 81//40 91//40 94//40
f 91//41 93//41 94//41
f 91//4 81//4 82//4
f 80//42 81//42 95//42
f 81//43 94//43 95//43
f 35//9 34//9 37//9
f 87//44 35//44 96//44
f 35//44 37//44 96//44
f 37//10 36//10 96//10
f 36//10 97//10 96//10
f 96//45 97//45 87//45
f 97//45 98//45 87//45
f 99//10 97//10 36//10
f 97//46 99//46 98//46
f 99//46 100//46 98//46
f 40//10 99//10 36//10
f 99//47 40//47 100//47
f 40//47 101//47 100//47
f 40//48 39//48 101//48
f 39//48 102//48 101//48
f 39//49 42//49 102//49
f 42//49 103//49 102//49
f 87//50 98//50 86//50
f 98//51 89//51 86//51
f 98//52 100//52 89//52
f 100//53 92//53 89//53
f 100//54 101//54 92//54
f 101//55 93//55 92//55
f 101//56 102//56 93//56
f 102//57 94//57 93//57
f 102//58 103//58 94//58
f 103//59 95//59 94//59
f 42//60 44//60 103//60
f 44//61 104//61 103//61
f 103//62 104//62 95//62
f 104//63 105//63 95//63
f 95//64 105//64 80//64
f 105//65 79//65 80//65
f 44//66 46//66 104//66
f 46//66 106//66 104//66
f 104//67 106//67 105//67
f 106//68 107//68 105//68
f 105//69 107//69 79//69
f 107//70 78//70 79//70
f 46//71 49//71 106//71
f 49//71 108//71 106//71
f 106//72 108//72 107//72
f 108//73 109//73 107//73
f 107//74 109//74 78//74
f 109//75 77//75 78//75
f 49//76 51//76 108//76
f 51//76 110//76 108//76
f 108//77 110//77 109//77
f 110//78 111//78 109//78
f 109//79 111//79 77//79
f 111//80 76//80 77//80
f 112//10 51//10 53//10
f 51//81 112//81 113//81
f 112//82 114//82 113//82
f 113//83 114//83 115//83
f 114//84 116//84 115//84
f 115//81 110//81 113//81
f 110//81 51//81 113//81
f 110//85 115//85 111//85
f 115//86 116//86 111//86
f 111//87 116//87 117//87
f 118//88 111//88 117//88
f 111//89 118//89 76//89
f 118//90 75//90 76//90
f 119//91 53//91 56//91
f 53//92 119//92 120//92
f 119//93 121//93 120//93
f 122//10 112//10 53//10
f 112//94 122//94 114//94
f 122//95 123//95 114//95
f 114//96 123//96 116//96
f 123//97 124//97 116//97
f 116//98 124//98 125//98
f 124//99 126//99 125//99
f 125//100 126//100 127//100
f 126//101 128//101 127//101
f 127//102 128//102 129//102
f 128//103 130//103 129//103
f 129//104 130//104 131//104
f 130//105 132//105 131//105
f 131//106 132//106 133//106
f 132//107 134//107 133//107
f 133//108 134//108 135//108
f 134//109 136//109 135//109
f 135//110 136//110 137//110
f 136//111 138//111 137//111
f 137//112 138//112 139//112
f 138//113 140//113 139//113
f 139//114 140//114 141//114
f 140//115 142//115 141//115
f 141//116 142//116 143//116
f 142//117 144//117 143//117
f 143//118 144//118 145//118
f 144//119 146//119 145//119
f 145//120 146//120 147//120
f 146//121 148//121 147//121
f 147//122 148//122 149//122
f 148//123 150//123 149//123
f 149//124 150//124 151//124
f 150//125 152//125 151//125
f 151//126 152//126 153//126
f 152//127 154//127 153//127
f 153//128 154//128 155//128
f 154//129 156//129 155//129
f 155//130 156//130 157//130
f 156//129 158//129 157//129
f 157//131 158//131 159//131
f 160//7 118//7 161//7
f 118//132 162//132 161//132
f 118//5 160//5 163//5
f 160//133 164//133 163//133
f 163//134 164//134 165//134
f 164//135 166//135 165//135
f 165//136 166//136 167//136
f 166//137 168//137 167//137
f 167//138 168//138 169//138
f 168//139 170//139 169//139
f 169//140 170//140 171//140
f 170//141 172//141 171//141
f 171//142 172//142 173//142
f 172//143 174//143 173//143
f 173//144 174//144 175//144
f 174//145 176//145 175//145
f 175//146 176//146 177//146
f 176//147 178//147 177//147
f 177//148 178//148 179//148
f 163//5 75//5 118//5
f 75//4 163//4 60//4
f 163//149 62//149 60//149
f 117//150 116//150 180//150
f 116//151 125//151 180//151
f 180//152 125//152 127//152
f 181//153 117//153 182//153
f 117//154 180//154 182//154
f 182//155 180//155 127//155
f 117//156 181//156 118//156
f 181//157 183//157 118//157
f 118//158 183//158 184//158
f 120//159 122//159 53//159
f 122//160 120//160 123//160
f 120//161 124//161 123//161
f 56//13 55//13 185//13
f 55//13 186//13 185//13
f 187//13 56//13 188//13
f 56//13 189//13 188//13
f 56//162 187//162 119//162
f 187//163 190//163 119//163
f 185//164 186//164 191//164
f 186//165 192//165 191//165
f 191//166 192//166 193//166
f 192//167 194//167 193//167
f 195//168 185//168 196//168
f 185//169 191//169 196//169
f 196//170 191//170 197//170
f 191//171 193//171 197//171
f 185//13 195//13 56//13
f 195//13 189//13 56//13
f 198//172 59//172 61//172
f 59//13 198//13 199//13
f 200//13 201//13 59//13
f 201//13 55//13 59//13
f 201//173 200//173 202//173
f 200//174 203//174 202//174
f 202//175 203//175 204//175
f 203//176 205//176 204//176
f 206//177 201//177 207//177
f 201//178 208//178 207//178
f 207//179 208//179 209//179
f 208//180 202//180 209//180
f 209//181 202//181 204//181
f 201//13 206//13 55//13
f 206//13 210//13 55//13
f 55//13 210//13 186//13
f 210//182 206//182 211//182
f 206//183 207//183 211//183
f 211//184 207//184 212//184
f 207//185 209//185 212//185
f 186//186 210//186 192//186
f 210//187 211//187 192//187
f 192//188 211//188 194//188
f 211//189 212//189 194//189
f 120//190 121//190 126//190
f 121//191 128//191 126//191
f 119//192 190//192 121//192
f 190//193 213//193 121//193
f 121//194 213//194 128//194
f 213//195 130//195 128//195
f 214//13 187//13 215//13
f 187//13 216//13 215//13
f 187//196 214//196 190//196
f 214//197 217//197 190//197
f 190//198 217//198 218//198
f 217//199 219//199 218//199
f 188//200 189//200 220//200
f 189//200 221//200 220//200
f 216//201 188//201 222//201
f 188//202 220//202 222//202
f 188//13 216//13 187//13
f 223//13 189//13 224//13
f 189//13 225//13 224//13
f 189//203 223//203 221//203
f 223//203 226//203 221//203
f 227//204 195//204 228//204
f 195//205 196//205 228//205
f 228//206 196//206 229//206
f 196//207 197//207 229//207
f 195//13 227//13 189//13
f 227//13 225//13 189//13
f 218//208 213//208 190//208
f 213//209 218//209 132//209
f 218//210 134//210 132//210
f 183//211 181//211 230//211
f 181//212 182//212 230//212
f 230//213 182//213 129//213
f 182//214 127//214 129//214
f 218//215 219//215 134//215
f 219//216 136//216 134//216
f 231//13 214//13 232//13
f 214//13 233//13 232//13
f 214//217 231//217 217//217
f 231//218 234//218 217//218
f 217//219 234//219 219//219
f 234//220 235//220 219//220
f 184//221 183//221 236//221
f 183//222 237//222 236//222
f 236//223 237//223 133//223
f 237//224 131//224 133//224
f 215//225 216//225 238//225
f 216//225 222//225 238//225
f 233//226 215//226 239//226
f 215//227 238//227 239//227
f 215//13 233//13 214//13
f 219//228 235//228 136//228
f 235//229 138//229 136//229
f 240//230 234//230 241//230
f 234//231 231//231 241//231
f 234//232 240//232 242//232
f 240//233 243//233 242//233
f 241//13 231//13 244//13
f 231//13 245//13 244//13
f 242//234 235//234 234//234
f 235//235 242//235 138//235
f 242//236 140//236 138//236
f 246//237 184//237 247//237
f 184//238 236//238 247//238
f 247//239 236//239 135//239
f 236//240 133//240 135//240
f 184//241 246//241 118//241
f 246//242 248//242 118//242
f 118//243 248//243 162//243
f 232//244 233//244 249//244
f 233//245 239//245 249//245
f 250//246 232//246 251//246
f 232//247 249//247 251//247
f 232//13 250//13 231//13
f 250//13 245//13 231//13
f 242//248 243//248 140//248
f 243//249 142//249 140//249
f 252//250 240//250 253//250
f 240//251 241//251 253//251
f 240//252 252//252 243//252
f 252//253 254//253 243//253
f 253//13 241//13 255//13
f 241//13 244//13 255//13
f 248//254 246//254 256//254
f 246//255 247//255 256//255
f 256//256 247//256 137//256
f 247//257 135//257 137//257
f 243//258 254//258 142//258
f 254//259 144//259 142//259
f 257//260 252//260 258//260
f 252//261 253//261 258//261
f 252//262 257//262 259//262
f 257//263 260//263 259//263
f 258//13 253//13 255//13
f 259//264 254//264 252//264
f 254//265 259//265 144//265
f 259//266 146//266 144//266
f 244//267 245//267 261//267
f 245//268 262//268 261//268
f 255//269 244//269 263//269
f 244//270 261//270 263//270
f 245//271 250//271 262//271
f 250//271 251//271 262//271
f 162//272 248//272 264//272
f 248//273 256//273 264//273
f 264//274 256//274 139//274
f 256//275 137//275 139//275
f 259//276 260//276 146//276
f 260//277 148//277 146//277
f 265//278 257//278 266//278
f 257//279 258//279 266//279
f 257//280 265//280 260//280
f 265//281 267//281 260//281
f 266//13 258//13 255//13
f 161//282 162//282 268//282
f 162//283 264//283 268//283
f 268//284 264//284 141//284
f 264//285 139//285 141//285
f 260//286 267//286 148//286
f 267//287 150//287 148//287
f 269//288 265//288 270//288
f 265//289 266//289 270//289
f 265//290 269//290 271//290
f 269//291 272//291 271//291
f 270//13 266//13 255//13
f 273//292 255//292 263//292
f 255//13 273//13 274//13
f 273//13 275//13 274//13
f 271//293 267//293 265//293
f 267//294 271//294 150//294
f 271//295 152//295 150//295
f 271//296 272//296 154//296
f 272//297 276//297 154//297
f 154//129 276//129 156//129
f 276//131 277//131 156//131
f 156//298 277//298 278//298
f 277//299 279//299 278//299
f 278//300 279//300 280//300
f 279//301 281//301 280//301
f 280//302 281//302 282//302
f 281//303 283//303 282//303
f 282//304 283//304 284//304
f 283//305 285//305 284//305
f 284//305 285//305 286//305
f 285//306 287//306 286//306
f 286//307 287//307 288//307
f 287//308 289//308 288//308
f 290//309 269//309 291//309
f 269//310 270//310 291//310
f 269//311 290//311 272//311
f 290//312 292//312 272//312
f 291//13 270//13 255//13
f 293//313 161//313 294//313
f 161//314 268//314 294//314
f 294//315 268//315 143//315
f 268//316 141//316 143//316
f 161//7 293//7 160//7
f 293//7 295//7 160//7
f 160//317 295//317 296//317
f 272//318 292//318 297//318
f 292//319 298//319 297//319
f 297//320 298//320 277//320
f 298//321 299//321 277//321
f 300//322 290//322 301//322
f 290//323 291//323 301//323
f 290//324 300//324 292//324
f 300//325 299//325 292//325
f 301//326 291//326 255//326
f 163//149 165//149 62//149
f 165//327 64//327 62//327
f 60//4 13//4 75//4
f 292//328 299//328 302//328
f 303//329 300//329 304//329
f 300//330 274//330 304//330
f 304//330 274//330 275//330
f 300//331 303//331 277//331
f 303//332 279//332 277//332
f 274//13 301//13 255//13
f 301//333 274//333 300//333
f 277//331 299//331 300//331
f 302//334 299//334 305//334
f 299//335 306//335 305//335
f 305//336 306//336 292//336
f 306//337 307//337 292//337
f 292//338 307//338 298//338
f 307//339 299//339 298//339
f 308//317 160//317 309//317
f 160//7 296//7 309//7
f 160//340 308//340 164//340
f 308//341 166//341 164//341
f 310//342 293//342 311//342
f 293//343 312//343 311//343
f 311//344 312//344 313//344
f 312//345 147//345 313//345
f 313//346 147//346 149//346
f 293//7 310//7 314//7
f 310//317 315//317 314//317
f 316//347 303//347 317//347
f 303//348 304//348 317//348
f 317//349 304//349 318//349
f 304//349 319//349 318//349
f 318//350 319//350 320//350
f 319//351 321//351 320//351
f 320//352 321//352 322//352
f 303//353 316//353 279//353
f 316//354 281//354 279//354
f 323//355 316//355 324//355
f 316//356 317//356 324//356
f 324//357 317//357 325//357
f 317//357 318//357 325//357
f 325//358 318//358 320//358
f 316//359 323//359 281//359
f 323//360 326//360 281//360
f 281//361 326//361 283//361
f 326//362 327//362 283//362
f 283//363 327//363 285//363
f 327//363 328//363 285//363
f 285//364 328//364 287//364
f 328//363 329//363 287//363
f 287//365 329//365 289//365
f 329//366 330//366 289//366
f 331//367 323//367 332//367
f 323//368 324//368 332//368
f 332//369 324//369 333//369
f 324//369 325//369 333//369
f 333//369 325//369 334//369
f 325//370 320//370 334//370
f 334//371 320//371 322//371
f 323//372 331//372 326//372
f 331//373 335//373 326//373
f 326//374 335//374 327//374
f 335//375 336//375 327//375
f 327//376 336//376 328//376
f 336//377 337//377 328//377
f 328//378 337//378 329//378
f 337//379 338//379 329//379
f 329//380 338//380 330//380
f 338//381 339//381 330//381
f 340//382 331//382 341//382
f 331//383 332//383 341//383
f 341//384 332//384 342//384
f 332//385 333//385 342//385
f 342//385 333//385 343//385
f 333//386 334//386 343//386
f 343//387 334//387 344//387
f 334//388 322//388 344//388
f 331//389 340//389 335//389
f 340//390 345//390 335//390
f 335//391 345//391 336//391
f 345//392 346//392 336//392
f 336//393 346//393 337//393
f 346//394 347//394 337//394
f 337//395 347//395 338//395
f 347//393 348//393 338//393
f 338//396 348//396 339//396
f 348//397 349//397 339//397
f 350//398 340//398 351//398
f 340//399 341//399 351//399
f 351//400 341//400 352//400
f 341//401 342//401 352//401
f 352//402 342//402 353//402
f 342//403 343//403 353//403
f 353//404 343//404 354//404
f 343//405 344//405 354//405
f 340//406 350//406 345//406
f 350//407 355//407 345//407
f 314//268 315//268 356//268
f 315//267 357//267 356//267
f 295//271 314//271 358//271
f 314//271 356//271 358//271
f 314//7 295//7 293//7
f 359//408 310//408 360//408
f 310//409 361//409 360//409
f 360//410 361//410 362//410
f 361//411 313//411 362//411
f 362//412 313//412 149//412
f 310//7 359//7 363//7
f 359//7 159//7 363//7
f 363//7 159//7 364//7
f 159//7 158//7 364//7
f 364//7 158//7 365//7
f 296//247 295//247 366//247
f 295//246 358//246 366//246
f 345//413 355//413 346//413
f 355//414 367//414 346//414
f 346//415 367//415 347//415
f 367//415 368//415 347//415
f 347//416 368//416 348//416
f 368//415 369//415 348//415
f 348//417 369//417 349//417
f 369//418 370//418 349//418
f 371//419 350//419 372//419
f 350//420 351//420 372//420
f 372//421 351//421 373//421
f 351//421 352//421 373//421
f 373//422 352//422 374//422
f 352//423 353//423 374//423
f 374//424 353//424 375//424
f 353//425 354//425 375//425
f 350//426 371//426 355//426
f 371//427 376//427 355//427
f 355//428 376//428 367//428
f 376//429 377//429 367//429
f 367//430 377//430 378//430
f 377//431 379//431 378//431
f 378//432 379//432 380//432
f 379//433 381//433 380//433
f 380//434 381//434 382//434
f 381//435 383//435 382//435
f 382//436 383//436 384//436
f 383//437 385//437 384//437
f 384//438 385//438 386//438
f 385//439 387//439 386//439
f 388//440 371//440 389//440
f 371//441 372//441 389//441
f 389//442 372//442 390//442
f 372//443 373//443 390//443
f 390//442 373//442 391//442
f 373//444 374//444 391//444
f 391//445 374//445 392//445
f 374//446 375//446 392//446
f 371//447 388//447 376//447
f 388//448 377//448 376//448
f 159//449 359//449 393//449
f 359//450 360//450 393//450
f 393//451 360//451 394//451
f 360//452 362//452 394//452
f 394//453 362//453 151//453
f 362//454 149//454 151//454
f 363//292 364//292 395//292
f 364//455 396//455 395//455
f 395//456 396//456 397//456
f 396//457 398//457 397//457
f 397//458 398//458 399//458
f 398//459 400//459 399//459
f 399//459 400//459 401//459
f 400//460 402//460 401//460
f 401//461 402//461 403//461
f 402//462 404//462 403//462
f 403//463 404//463 405//463
f 404//464 406//464 405//464
f 405//465 406//465 407//465
f 406//466 408//466 407//466
f 407//467 408//467 409//467
f 408//468 410//468 409//468
f 409//469 410//469 411//469
f 410//470 412//470 411//470
f 411//470 412//470 413//470
f 412//471 414//471 413//471
f 413//471 414//471 415//471
f 414//472 416//472 415//472
f 415//472 416//472 417//472
f 416//473 418//473 417//473
f 417//474 418//474 419//474
f 418//475 420//475 419//475
f 419//476 420//476 421//476
f 420//477 422//477 421//477
f 421//478 422//478 423//478
f 422//479 424//479 423//479
f 423//480 424//480 425//480
f 424//481 426//481 425//481
f 425//482 426//482 427//482
f 426//483 428//483 427//483
f 427//484 428//484 429//484
f 428//485 430//485 429//485
f 429//486 430//486 431//486
f 430//331 432//331 431//331
f 315//270 363//270 357//270
f 363//269 433//269 357//269
f 363//7 315//7 310//7
f 434//487 388//487 435//487
f 388//488 436//488 435//488
f 435//489 436//489 437//489
f 436//489 438//489 437//489
f 437//490 438//490 439//490
f 438//489 440//489 439//489
f 439//491 440//491 441//491
f 440//492 391//492 441//492
f 441//493 391//493 392//493
f 388//494 434//494 377//494
f 434//495 379//495 377//495
f 396//7 364//7 349//7
f 364//7 339//7 349//7
f 365//496 158//496 442//496
f 158//298 156//298 442//298
f 442//497 156//497 443//497
f 156//498 278//498 443//498
f 443//499 278//499 280//499
f 288//500 365//500 444//500
f 365//501 442//501 444//501
f 444//502 442//502 445//502
f 442//503 443//503 445//503
f 445//502 443//502 280//502
f 365//7 288//7 364//7
f 288//7 289//7 364//7
f 364//7 289//7 330//7
f 446//504 434//504 447//504
f 434//505 435//505 447//505
f 447//506 435//506 448//506
f 435//506 437//506 448//506
f 448//506 437//506 449//506
f 437//507 439//507 449//507
f 449//508 439//508 450//508
f 439//509 441//509 450//509
f 434//510 446//510 379//510
f 446//511 451//511 379//511
f 452//456 273//456 453//456
f 273//455 454//455 453//455
f 273//13 452//13 321//13
f 452//13 455//13 321//13
f 321//13 455//13 322//13
f 455//13 456//13 322//13
f 322//13 456//13 457//13
f 321//13 275//13 273//13
f 275//512 321//512 319//512
f 344//13 322//13 458//13
f 322//13 457//13 458//13
f 455//458 452//458 459//458
f 452//457 453//457 459//457
f 456//459 455//459 460//459
f 455//459 459//459 460//459
f 354//13 344//13 461//13
f 344//13 462//13 461//13
f 458//463 457//463 463//463
f 457//462 464//462 463//462
f 465//465 458//465 466//465
f 458//464 463//464 466//464
f 458//326 465//326 344//326
f 465//13 462//13 344//13
f 457//461 456//461 464//461
f 456//460 460//460 464//460
f 330//7 339//7 364//7
f 375//13 354//13 467//13
f 354//13 461//13 467//13
f 461//469 462//469 468//469
f 462//468 469//468 468//468
f 467//470 461//470 470//470
f 461//470 468//470 470//470
f 462//467 465//467 469//467
f 465//466 466//466 469//466
f 392//13 375//13 467//13
f 471//471 467//471 472//471
f 467//471 470//471 472//471
f 467//13 471//13 392//13
f 471//13 473//13 392//13
f 392//13 473//13 441//13
f 473//13 474//13 441//13
f 441//13 474//13 450//13
f 474//13 475//13 450//13
f 379//513 451//513 381//513
f 451//514 476//514 381//514
f 381//515 476//515 383//515
f 476//515 477//515 383//515
f 383//516 477//516 385//516
f 477//515 478//515 385//515
f 385//517 478//517 387//517
f 478//518 479//518 387//518
f 480//519 446//519 447//519
f 446//520 480//520 451//520
f 480//521 481//521 451//521
f 349//7 370//7 396//7
f 370//7 482//7 396//7
f 396//7 482//7 398//7
f 482//7 386//7 398//7
f 398//7 386//7 400//7
f 386//317 387//317 400//317
f 400//7 387//7 402//7
f 387//7 479//7 402//7
f 402//317 479//317 404//317
f 479//7 406//7 404//7
f 482//522 370//522 369//522
f 483//13 473//13 471//13
f 473//523 483//523 484//523
f 483//524 485//524 484//524
f 484//525 485//525 486//525
f 485//526 487//526 486//526
f 486//527 487//527 488//527
f 487//528 489//528 488//528
f 488//529 489//529 490//529
f 489//530 491//530 490//530
f 490//531 491//531 492//531
f 474//532 473//532 493//532
f 473//533 484//533 493//533
f 493//534 484//534 494//534
f 484//535 495//535 494//535
f 496//472 471//472 497//472
f 471//472 472//472 497//472
f 471//13 496//13 498//13
f 496//326 499//326 498//326
f 451//536 481//536 476//536
f 481//537 500//537 476//537
f 476//538 500//538 477//538
f 500//539 501//539 477//539
f 477//539 501//539 478//539
f 501//539 502//539 478//539
f 478//540 502//540 479//540
f 502//541 503//541 479//541
f 504//542 480//542 505//542
f 480//543 447//543 505//543
f 505//544 447//544 506//544
f 447//544 448//544 506//544
f 506//545 448//545 507//545
f 448//545 449//545 507//545
f 507//546 449//546 508//546
f 449//547 475//547 508//547
f 480//548 504//548 481//548
f 504//549 509//549 481//549
f 386//550 482//550 510//550
f 482//551 369//551 510//551
f 510//552 369//552 511//552
f 369//553 368//553 511//553
f 511//552 368//552 378//552
f 368//553 367//553 378//553
f 512//554 474//554 513//554
f 474//555 493//555 513//555
f 513//556 493//556 514//556
f 493//557 494//557 514//557
f 474//13 512//13 475//13
f 512//13 508//13 475//13
f 450//558 475//558 449//558
f 481//559 509//559 500//559
f 509//560 515//560 500//560
f 500//561 515//561 501//561
f 515//561 516//561 501//561
f 501//562 516//562 502//562
f 516//562 517//562 502//562
f 502//563 517//563 503//563
f 517//564 518//564 503//564
f 519//565 504//565 520//565
f 504//566 505//566 520//566
f 520//567 505//567 521//567
f 505//568 506//568 521//568
f 521//568 506//568 522//568
f 506//567 507//567 522//567
f 522//569 507//569 523//569
f 507//570 508//570 523//570
f 504//571 519//571 509//571
f 519//572 524//572 509//572
f 525//573 512//573 526//573
f 512//574 513//574 526//574
f 526//575 513//575 527//575
f 513//576 514//576 527//576
f 512//13 525//13 528//13
f 525//13 529//13 528//13
f 523//13 508//13 512//13
f 165//577 167//577 64//577
f 167//578 66//578 64//578
f 309//245 296//245 530//245
f 296//244 366//244 530//244
f 531//227 309//227 532//227
f 309//226 530//226 532//226
f 309//7 531//7 308//7
f 531//7 533//7 308//7
f 308//7 533//7 534//7
f 533//7 535//7 534//7
f 534//7 535//7 536//7
f 535//7 537//7 536//7
f 536//7 537//7 538//7
f 308//579 534//579 166//579
f 534//580 168//580 166//580
f 199//581 198//581 63//581
f 198//582 61//582 63//582
f 539//583 199//583 65//583
f 199//584 63//584 65//584
f 199//13 539//13 59//13
f 539//13 540//13 59//13
f 59//326 540//326 73//326
f 540//585 539//585 67//585
f 539//586 65//586 67//586
f 73//587 540//587 69//587
f 540//588 67//588 69//588
f 73//13 74//13 59//13
f 74//13 541//13 59//13
f 59//13 541//13 542//13
f 541//589 74//589 543//589
f 74//590 72//590 543//590
f 543//591 72//591 544//591
f 72//592 70//592 544//592
f 542//593 541//593 203//593
f 541//594 543//594 203//594
f 203//595 543//595 545//595
f 543//596 544//596 545//596
f 200//597 542//597 203//597
f 542//13 200//13 59//13
f 509//598 524//598 515//598
f 524//599 546//599 515//599
f 515//600 546//600 516//600
f 546//601 547//601 516//601
f 516//601 547//601 517//601
f 547//601 548//601 517//601
f 517//602 548//602 518//602
f 548//603 549//603 518//603
f 550//604 519//604 551//604
f 519//605 520//605 551//605
f 551//606 520//606 552//606
f 520//607 521//607 552//607
f 552//606 521//606 553//606
f 521//606 522//606 553//606
f 553//608 522//608 528//608
f 522//609 523//609 528//609
f 519//610 550//610 524//610
f 550//611 554//611 524//611
f 479//7 503//7 406//7
f 503//7 408//7 406//7
f 528//13 523//13 512//13
f 503//317 518//317 408//317
f 518//7 410//7 408//7
f 524//612 554//612 546//612
f 554//613 555//613 546//613
f 546//614 555//614 547//614
f 555//615 556//615 547//615
f 547//615 556//615 548//615
f 556//614 557//614 548//614
f 548//616 557//616 549//616
f 557//617 558//617 549//617
f 559//618 550//618 560//618
f 550//619 551//619 560//619
f 560//620 551//620 561//620
f 551//621 552//621 561//621
f 561//621 552//621 562//621
f 552//620 553//620 562//620
f 562//622 553//622 529//622
f 553//623 528//623 529//623
f 550//624 559//624 554//624
f 559//625 563//625 554//625
f 533//225 531//225 564//225
f 531//225 532//225 564//225
f 535//202 533//202 565//202
f 533//201 564//201 565//201
f 534//626 536//626 168//626
f 536//627 170//627 168//627
f 167//628 169//628 66//628
f 169//629 68//629 66//629
f 518//7 549//7 412//7
f 549//317 414//317 412//317
f 566//630 525//630 567//630
f 525//631 526//631 567//631
f 567//632 526//632 568//632
f 526//632 569//632 568//632
f 568//633 569//633 570//633
f 569//634 571//634 570//634
f 570//635 571//635 559//635
f 525//13 566//13 572//13
f 572//13 529//13 525//13
f 529//636 572//636 562//636
f 572//637 573//637 562//637
f 562//638 573//638 561//638
f 573//639 574//639 561//639
f 561//640 574//640 560//640
f 574//638 575//638 560//638
f 560//641 575//641 559//641
f 575//642 570//642 559//642
f 263//13 261//13 262//13
f 454//326 263//326 251//326
f 263//13 262//13 251//13
f 263//292 454//292 273//292
f 453//643 454//643 459//643
f 454//13 251//13 459//13
f 459//326 251//326 249//326
f 395//644 397//644 399//644
f 433//7 395//7 358//7
f 395//7 401//7 358//7
f 358//7 401//7 366//7
f 401//7 530//7 366//7
f 395//292 433//292 363//292
f 357//645 433//645 356//645
f 433//317 358//317 356//317
f 460//13 459//13 238//13
f 459//326 239//326 238//326
f 399//7 401//7 395//7
f 401//7 403//7 425//7
f 403//7 423//7 425//7
f 464//13 460//13 576//13
f 460//13 577//13 576//13
f 249//13 239//13 459//13
f 238//326 222//326 460//326
f 222//13 220//13 460//13
f 460//13 220//13 221//13
f 554//646 563//646 555//646
f 563//647 578//647 555//647
f 555//648 578//648 556//648
f 578//649 579//649 556//649
f 556//650 579//650 557//650
f 579//648 580//648 557//648
f 557//651 580//651 558//651
f 580//652 581//652 558//652
f 559//653 571//653 563//653
f 571//654 582//654 563//654
f 463//13 464//13 583//13
f 464//13 576//13 583//13
f 576//479 577//479 584//479
f 577//480 585//480 584//480
f 583//477 576//477 586//477
f 576//478 584//478 586//478
f 221//326 226//326 577//326
f 226//13 587//13 577//13
f 577//13 587//13 588//13
f 589//13 577//13 590//13
f 577//13 591//13 590//13
f 590//13 591//13 592//13
f 591//655 593//655 592//655
f 592//13 593//13 594//13
f 577//481 589//481 585//481
f 589//482 595//482 585//482
f 532//7 530//7 401//7
f 403//7 405//7 423//7
f 405//7 421//7 423//7
f 425//656 427//656 596//656
f 427//317 597//317 596//317
f 564//317 532//317 401//317
f 565//7 564//7 401//7
f 598//7 565//7 401//7
f 565//200 598//200 535//200
f 598//200 537//200 535//200
f 599//7 598//7 425//7
f 598//7 401//7 425//7
f 598//203 599//203 537//203
f 599//203 538//203 537//203
f 466//13 463//13 600//13
f 463//13 583//13 600//13
f 600//475 583//475 601//475
f 583//476 586//476 601//476
f 405//7 407//7 421//7
f 407//7 419//7 421//7
f 469//13 466//13 497//13
f 466//13 600//13 497//13
f 497//473 600//473 496//473
f 600//474 601//474 496//474
f 407//7 409//7 419//7
f 409//7 417//7 419//7
f 412//317 410//317 518//317
f 549//7 558//7 414//7
f 558//7 416//7 414//7
f 572//657 566//657 602//657
f 566//658 567//658 602//658
f 602//659 567//659 603//659
f 567//633 568//633 603//633
f 603//660 568//660 570//660
f 468//13 469//13 472//13
f 469//13 497//13 472//13
f 409//7 411//7 417//7
f 411//7 415//7 417//7
f 604//317 536//317 538//317
f 536//661 604//661 170//661
f 604//662 172//662 170//662
f 470//13 468//13 472//13
f 411//7 413//7 415//7
f 169//663 171//663 68//663
f 171//664 70//664 68//664
f 563//665 582//665 578//665
f 582//666 605//666 578//666
f 578//667 605//667 579//667
f 605//666 580//666 579//666
f 606//668 571//668 569//668
f 571//669 606//669 582//669
f 606//670 607//670 582//670
f 608//13 223//13 609//13
f 223//13 224//13 609//13
f 223//671 608//671 226//671
f 608//671 587//671 226//671
f 224//200 225//200 610//200
f 225//200 611//200 610//200
f 609//202 224//202 612//202
f 224//201 610//201 612//201
f 613//13 225//13 614//13
f 225//13 227//13 614//13
f 225//203 613//203 611//203
f 613//203 615//203 611//203
f 614//672 227//672 616//672
f 227//673 617//673 616//673
f 616//674 617//674 618//674
f 619//7 599//7 425//7
f 599//671 619//671 538//671
f 619//671 620//671 538//671
f 538//7 620//7 604//7
f 620//317 621//317 604//317
f 604//7 621//7 622//7
f 621//7 623//7 622//7
f 622//317 623//317 178//317
f 623//7 624//7 178//7
f 178//7 624//7 179//7
f 624//7 625//7 179//7
f 179//317 625//317 626//317
f 558//7 581//7 418//7
f 581//317 420//317 418//317
f 627//13 608//13 628//13
f 608//13 609//13 628//13
f 608//675 627//675 587//675
f 627//676 588//676 587//676
f 628//225 609//225 629//225
f 609//225 612//225 629//225
f 596//7 619//7 425//7
f 619//675 596//675 620//675
f 596//676 621//676 620//676
f 604//677 622//677 172//677
f 622//678 174//678 172//678
f 496//13 601//13 499//13
f 601//13 586//13 499//13
f 499//13 586//13 630//13
f 586//13 584//13 630//13
f 630//326 584//326 631//326
f 584//13 585//13 631//13
f 631//13 585//13 632//13
f 585//13 595//13 632//13
f 632//13 595//13 633//13
f 595//13 634//13 633//13
f 633//13 634//13 635//13
f 634//13 636//13 635//13
f 635//13 636//13 637//13
f 636//13 638//13 637//13
f 498//470 499//470 639//470
f 499//679 640//679 639//679
f 641//471 498//471 642//471
f 498//471 639//471 642//471
f 498//13 641//13 487//13
f 641//13 489//13 487//13
f 487//13 485//13 498//13
f 485//13 471//13 498//13
f 485//13 483//13 471//13
f 418//7 416//7 558//7
f 643//13 627//13 644//13
f 627//13 628//13 644//13
f 627//680 643//680 588//680
f 643//681 645//681 588//681
f 644//227 628//227 646//227
f 628//227 629//227 646//227
f 588//13 645//13 577//13
f 645//326 647//326 577//326
f 577//13 647//13 591//13
f 596//680 597//680 621//680
f 597//681 623//681 621//681
f 499//468 630//468 640//468
f 630//469 648//469 640//469
f 649//13 643//13 650//13
f 643//13 644//13 650//13
f 643//682 649//682 645//682
f 649//683 647//683 645//683
f 650//245 644//245 651//245
f 644//244 646//244 651//244
f 652//7 597//7 427//7
f 597//682 652//682 623//682
f 652//683 624//683 623//683
f 427//656 429//656 431//656
f 622//684 178//684 174//684
f 178//685 176//685 174//685
f 422//7 420//7 581//7
f 653//686 581//686 605//686
f 581//666 580//666 605//666
f 581//7 653//7 424//7
f 653//7 426//7 424//7
f 654//13 649//13 655//13
f 649//13 650//13 655//13
f 649//687 654//687 647//687
f 654//688 591//688 647//688
f 655//689 650//689 656//689
f 650//690 651//690 656//690
f 657//7 652//7 427//7
f 652//687 657//687 624//687
f 657//688 658//688 624//688
f 624//7 658//7 625//7
f 658//7 659//7 625//7
f 630//466 631//466 648//466
f 631//466 660//466 648//466
f 424//7 422//7 581//7
f 582//686 607//686 605//686
f 607//691 661//691 605//691
f 605//692 661//692 653//692
f 661//693 662//693 653//693
f 527//573 606//573 526//573
f 606//632 569//632 526//632
f 606//694 527//694 607//694
f 527//695 663//695 607//695
f 664//13 654//13 665//13
f 654//13 655//13 665//13
f 654//696 664//696 591//696
f 664//697 593//697 591//697
f 665//698 655//698 666//698
f 655//271 656//271 666//271
f 667//7 657//7 432//7
f 657//7 431//7 432//7
f 657//696 667//696 658//696
f 667//697 668//697 658//697
f 658//7 668//7 659//7
f 668//7 669//7 659//7
f 625//690 659//690 670//690
f 659//689 671//689 670//689
f 626//244 625//244 672//244
f 625//245 670//245 672//245
f 673//7 179//7 626//7
f 179//699 673//699 674//699
f 673//700 675//700 674//700
f 674//701 675//701 676//701
f 675//702 677//702 676//702
f 676//703 677//703 678//703
f 677//704 679//704 678//704
f 678//705 679//705 680//705
f 679//706 681//706 680//706
f 680//707 681//707 682//707
f 681//708 683//708 682//708
f 631//465 632//465 660//465
f 632//465 684//465 660//465
f 171//709 173//709 70//709
f 173//710 544//710 70//710
f 685//13 664//13 686//13
f 664//13 665//13 686//13
f 664//711 685//711 593//711
f 685//712 594//712 593//712
f 686//267 665//267 687//267
f 665//268 666//268 687//268
f 590//331 592//331 688//331
f 592//713 594//713 688//713
f 688//714 594//714 685//714
f 689//485 590//485 634//485
f 590//486 636//486 634//486
f 590//655 689//655 589//655
f 690//715 667//715 432//715
f 667//711 690//711 668//711
f 690//712 691//712 668//712
f 690//714 432//714 691//714
f 432//713 692//713 691//713
f 668//7 691//7 669//7
f 691//7 693//7 669//7
f 659//271 669//271 671//271
f 669//698 694//698 671//698
f 589//483 689//483 595//483
f 689//484 634//484 595//484
f 632//462 633//462 684//462
f 633//463 695//463 684//463
f 428//317 426//317 653//317
f 653//317 662//317 696//317
f 662//7 697//7 696//7
f 688//13 685//13 698//13
f 685//13 686//13 698//13
f 698//270 686//270 699//270
f 686//269 687//269 699//269
f 691//7 692//7 693//7
f 692//7 700//7 693//7
f 669//268 693//268 694//268
f 693//267 701//267 694//267
f 633//716 635//716 695//716
f 635//717 702//717 695//717
f 430//7 428//7 703//7
f 428//7 704//7 703//7
f 636//13 688//13 705//13
f 688//13 698//13 705//13
f 688//331 636//331 590//331
f 705//292 698//292 699//292
f 430//331 692//331 432//331
f 692//7 430//7 706//7
f 430//7 703//7 706//7
f 693//269 700//269 701//269
f 700//270 707//270 701//270
f 635//459 637//459 702//459
f 637//718 708//718 702//718
f 703//457 704//457 709//457
f 704//458 710//458 709//458
f 706//456 703//456 711//456
f 703//455 709//455 711//455
f 696//7 704//7 653//7
f 704//7 428//7 653//7
f 704//719 696//719 710//719
f 696//459 712//459 710//459
f 638//455 705//455 713//455
f 705//456 714//456 713//456
f 705//13 638//13 636//13
f 700//292 706//292 711//292
f 706//7 700//7 692//7
f 637//458 638//458 708//458
f 638//457 713//457 708//457
f 607//720 663//720 661//720
f 663//721 715//721 661//721
f 661//722 715//722 662//722
f 715//723 716//723 662//723
f 527//724 514//724 663//724
f 514//725 717//725 663//725
f 173//726 175//726 544//726
f 175//727 545//727 544//727
f 718//728 175//728 177//728
f 175//729 718//729 545//729
f 718//730 205//730 545//730
f 696//717 697//717 712//717
f 697//716 719//716 712//716
f 662//7 716//7 720//7
f 716//317 721//317 720//317
f 663//731 717//731 715//731
f 717//732 722//732 715//732
f 715//733 722//733 716//733
f 722//734 723//734 716//734
f 514//735 494//735 717//735
f 494//736 724//736 717//736
f 545//737 205//737 203//737
f 725//738 718//738 674//738
f 718//739 177//739 674//739
f 674//740 177//740 179//740
f 718//741 725//741 205//741
f 725//742 204//742 205//742
f 726//227 626//227 727//227
f 626//227 672//227 727//227
f 626//7 726//7 673//7
f 726//7 675//7 673//7
f 728//7 697//7 662//7
f 697//463 728//463 719//463
f 728//462 729//462 719//462
f 730//317 728//317 662//317
f 728//465 730//465 729//465
f 730//465 731//465 729//465
f 720//7 730//7 662//7
f 730//466 720//466 731//466
f 720//466 732//466 731//466
f 720//469 721//469 732//469
f 721//468 733//468 732//468
f 716//7 723//7 734//7
f 723//7 735//7 734//7
f 736//743 725//743 674//743
f 725//744 736//744 204//744
f 736//745 209//745 204//745
f 737//225 726//225 738//225
f 726//225 727//225 738//225
f 726//7 737//7 675//7
f 737//7 739//7 675//7
f 675//317 739//317 677//317
f 739//7 740//7 677//7
f 677//7 740//7 741//7
f 699//13 687//13 666//13
f 714//13 699//13 656//13
f 699//13 666//13 656//13
f 699//292 714//292 705//292
f 713//643 714//643 708//643
f 714//13 656//13 708//13
f 708//326 656//326 651//326
f 711//644 709//644 710//644
f 707//317 711//317 671//317
f 711//7 712//7 671//7
f 671//7 712//7 670//7
f 712//7 672//7 670//7
f 711//292 707//292 700//292
f 701//645 707//645 694//645
f 707//317 671//317 694//317
f 702//13 708//13 629//13
f 708//326 646//326 629//326
f 710//7 712//7 711//7
f 712//7 719//7 742//7
f 719//7 743//7 742//7
f 717//734 724//734 722//734
f 724//746 744//746 722//746
f 722//747 744//747 745//747
f 744//748 746//748 745//748
f 745//749 746//749 747//749
f 746//750 748//750 747//750
f 747//751 748//751 749//751
f 748//752 750//752 749//752
f 749//753 750//753 751//753
f 695//13 702//13 752//13
f 702//13 753//13 752//13
f 651//13 646//13 708//13
f 629//326 612//326 702//326
f 612//13 610//13 702//13
f 702//13 610//13 611//13
f 684//13 695//13 754//13
f 695//13 752//13 754//13
f 752//754 753//754 755//754
f 753//479 756//479 755//479
f 754//755 752//755 757//755
f 752//756 755//756 757//756
f 611//326 615//326 753//326
f 615//13 758//13 753//13
f 753//13 758//13 759//13
f 760//13 753//13 761//13
f 753//13 762//13 761//13
f 761//326 762//326 763//326
f 762//655 764//655 763//655
f 763//13 764//13 765//13
f 753//757 760//757 756//757
f 760//481 766//481 756//481
f 727//7 672//7 712//7
f 719//7 729//7 743//7
f 729//7 767//7 743//7
f 742//479 743//479 768//479
f 743//754 735//754 768//754
f 769//481 742//481 770//481
f 742//758 768//758 770//758
f 742//7 769//7 771//7
f 769//317 772//317 771//317
f 738//7 727//7 712//7
f 773//317 738//317 712//317
f 738//202 773//202 737//202
f 773//201 739//201 737//201
f 774//7 773//7 712//7
f 773//200 774//200 739//200
f 774//200 740//200 739//200
f 775//7 774//7 742//7
f 774//7 712//7 742//7
f 774//203 775//203 740//203
f 775//203 741//203 740//203
f 660//13 684//13 776//13
f 684//13 754//13 776//13
f 776//475 754//475 777//475
f 754//475 757//475 777//475
f 729//7 731//7 767//7
f 731//7 778//7 767//7
f 743//756 767//756 735//756
f 767//755 734//755 735//755
f 494//759 495//759 724//759
f 495//760 744//760 724//760
f 648//13 660//13 779//13
f 660//13 776//13 779//13
f 779//761 776//761 780//761
f 776//761 777//761 780//761
f 731//7 732//7 778//7
f 732//7 781//7 778//7
f 767//475 778//475 734//475
f 778//475 782//475 734//475
f 640//13 648//13 642//13
f 648//13 779//13 642//13
f 642//762 779//762 641//762
f 779//472 780//472 641//472
f 732//7 733//7 781//7
f 733//7 783//7 781//7
f 778//761 781//761 782//761
f 781//761 784//761 782//761
f 639//13 640//13 642//13
f 785//7 721//7 716//7
f 721//679 785//679 733//679
f 785//470 786//470 733//470
f 733//7 786//7 783//7
f 781//472 783//472 784//472
f 783//762 787//762 784//762
f 788//763 736//763 676//763
f 736//764 674//764 676//764
f 736//765 788//765 209//765
f 788//766 212//766 209//766
f 679//7 677//7 741//7
f 787//7 785//7 716//7
f 785//471 787//471 786//471
f 787//471 783//471 786//471
f 789//13 613//13 614//13
f 613//767 789//767 615//767
f 789//671 758//671 615//671
f 790//768 614//768 791//768
f 614//769 616//769 791//769
f 791//770 616//770 618//770
f 614//13 790//13 792//13
f 790//13 793//13 792//13
f 794//7 775//7 742//7
f 775//767 794//767 741//767
f 794//671 795//671 741//671
f 741//317 795//317 679//317
f 795//7 796//7 679//7
f 641//13 780//13 489//13
f 780//13 491//13 489//13
f 784//7 787//7 716//7
f 797//13 789//13 614//13
f 789//676 797//676 758//676
f 797//676 759//676 758//676
f 771//7 794//7 742//7
f 794//676 771//676 795//676
f 771//676 798//676 795//676
f 795//7 798//7 796//7
f 798//7 799//7 796//7
f 796//7 799//7 800//7
f 799//7 801//7 800//7
f 800//7 801//7 802//7
f 801//317 803//317 802//317
f 802//317 803//317 804//317
f 679//771 796//771 681//771
f 796//772 805//772 681//772
f 681//773 805//773 683//773
f 805//774 806//774 683//774
f 780//13 777//13 491//13
f 777//13 757//13 491//13
f 491//13 757//13 492//13
f 757//13 755//13 492//13
f 492//13 755//13 807//13
f 755//13 756//13 807//13
f 807//13 756//13 766//13
f 782//7 784//7 716//7
f 792//13 797//13 614//13
f 797//680 792//680 759//680
f 792//680 808//680 759//680
f 759//326 808//326 753//326
f 808//13 809//13 753//13
f 753//13 809//13 762//13
f 771//680 772//680 798//680
f 772//680 799//680 798//680
f 796//775 800//775 805//775
f 800//776 810//776 805//776
f 805//777 810//777 806//777
f 810//778 811//778 806//778
f 734//7 782//7 716//7
f 792//779 793//779 808//779
f 793//780 809//780 808//780
f 812//7 772//7 769//7
f 772//779 812//779 799//779
f 812//780 801//780 799//780
f 813//781 769//781 814//781
f 769//484 770//484 814//484
f 769//656 813//656 815//656
f 816//746 723//746 722//746
f 723//7 816//7 814//7
f 816//317 817//317 814//317
f 818//326 793//326 790//326
f 793//782 818//782 809//782
f 818//687 762//687 809//687
f 819//783 790//783 820//783
f 790//784 791//784 820//784
f 820//785 791//785 821//785
f 791//786 618//786 821//786
f 790//13 819//13 822//13
f 819//13 823//13 822//13
f 822//13 823//13 824//13
f 825//7 812//7 769//7
f 812//782 825//782 801//782
f 825//687 803//687 801//687
f 800//787 802//787 810//787
f 802//788 826//788 810//788
f 810//789 826//789 811//789
f 826//790 827//790 811//790
f 828//13 492//13 807//13
f 492//791 828//791 829//791
f 828//792 830//792 829//792
f 829//793 830//793 831//793
f 830//794 832//794 831//794
f 768//7 735//7 723//7
f 682//795 788//795 678//795
f 788//796 676//796 678//796
f 788//797 682//797 212//797
f 682//798 194//798 212//798
f 833//13 818//13 790//13
f 818//799 833//799 762//799
f 833//696 764//696 762//696
f 834//7 825//7 835//7
f 825//7 815//7 835//7
f 825//799 834//799 803//799
f 834//696 804//696 803//696
f 836//7 802//7 804//7
f 802//800 836//800 826//800
f 836//801 837//801 826//801
f 826//802 837//802 827//802
f 837//803 838//803 827//803
f 839//804 807//804 840//804
f 807//13 841//13 840//13
f 840//13 841//13 842//13
f 807//292 839//292 843//292
f 844//292 807//292 843//292
f 807//805 844//805 845//805
f 844//806 846//806 845//806
f 845//807 846//807 847//807
f 807//13 845//13 848//13
f 770//7 768//7 723//7
f 849//13 833//13 790//13
f 833//712 849//712 764//712
f 849//808 765//808 764//808
f 761//331 763//331 822//331
f 763//713 765//713 822//713
f 822//714 765//714 849//714
f 850//485 761//485 841//485
f 761//486 842//486 841//486
f 761//655 850//655 760//655
f 851//715 834//715 835//715
f 834//712 851//712 804//712
f 851//808 852//808 804//808
f 835//331 815//331 817//331
f 815//486 813//486 817//486
f 817//485 813//485 814//485
f 851//714 835//714 852//714
f 835//713 853//713 852//713
f 804//7 852//7 836//7
f 852//7 854//7 836//7
f 760//484 850//484 766//484
f 850//781 841//781 766//781
f 766//13 841//13 807//13
f 814//7 770//7 723//7
f 822//13 849//13 790//13
f 852//7 853//7 854//7
f 853//7 855//7 854//7
f 854//7 855//7 856//7
f 855//7 857//7 856//7
f 856//317 857//317 858//317
f 836//809 854//809 837//809
f 854//810 838//810 837//810
f 842//13 822//13 859//13
f 822//13 860//13 859//13
f 822//331 842//331 761//331
f 817//331 853//331 835//331
f 853//7 817//7 861//7
f 817//7 862//7 861//7
f 854//811 856//811 838//811
f 856//812 863//812 838//812
f 838//813 863//813 864//813
f 863//814 865//814 864//814
f 866//13 840//13 842//13
f 840//468 866//468 867//468
f 866//468 868//468 867//468
f 839//470 840//470 843//470
f 840//679 867//679 843//679
f 869//815 816//815 745//815
f 816//816 722//816 745//816
f 816//7 869//7 870//7
f 869//7 871//7 870//7
f 859//269 860//269 872//269
f 860//270 873//270 872//270
f 874//292 859//292 872//292
f 859//13 874//13 842//13
f 874//326 875//326 842//326
f 842//13 875//13 876//13
f 877//13 860//13 822//13
f 860//267 877//267 873//267
f 877//267 878//267 873//267
f 879//326 877//326 822//326
f 877//817 879//817 878//817
f 879//817 880//817 878//817
f 881//13 879//13 822//13
f 879//690 881//690 880//690
f 881//246 882//246 880//246
f 883//13 881//13 822//13
f 881//245 883//245 882//245
f 883//818 884//818 882//818
f 885//13 883//13 822//13
f 883//227 885//227 884//227
f 885//226 886//226 884//226
f 824//326 885//326 822//326
f 885//819 824//819 886//819
f 824//820 887//820 886//820
f 824//201 823//201 887//201
f 823//201 888//201 887//201
f 889//13 823//13 819//13
f 823//821 889//821 888//821
f 889//200 890//200 888//200
f 891//822 819//822 892//822
f 819//823 820//823 892//823
f 892//824 820//824 893//824
f 820//825 821//825 893//825
f 819//13 891//13 894//13
f 891//13 895//13 894//13
f 861//292 862//292 896//292
f 862//455 897//455 896//455
f 896//456 897//456 898//456
f 897//457 899//457 898//457
f 898//457 899//457 900//457
f 899//826 901//826 900//826
f 900//826 901//826 902//826
f 901//716 903//716 902//716
f 902//460 903//460 904//460
f 903//463 870//463 904//463
f 904//827 870//827 905//827
f 870//465 871//465 905//465
f 905//464 871//464 906//464
f 871//828 907//828 906//828
f 906//829 907//829 908//829
f 907//468 909//468 908//468
f 908//468 909//468 910//468
f 909//679 911//679 910//679
f 910//470 911//470 912//470
f 913//270 861//270 914//270
f 861//269 915//269 914//269
f 861//7 913//7 853//7
f 913//7 916//7 853//7
f 853//317 916//317 917//317
f 918//7 855//7 853//7
f 855//818 918//818 919//818
f 918//245 920//245 919//245
f 857//226 855//226 921//226
f 855//227 919//227 921//227
f 916//267 913//267 922//267
f 913//267 914//267 922//267
f 917//817 916//817 923//817
f 916//817 922//817 923//817
f 918//246 917//246 920//246
f 917//690 923//690 920//690
f 917//7 918//7 853//7
f 875//456 874//456 924//456
f 874//455 925//455 924//455
f 876//457 875//457 926//457
f 875//457 924//457 926//457
f 927//826 876//826 928//826
f 876//826 926//826 928//826
f 876//326 927//326 842//326
f 927//13 929//13 842//13
f 842//13 929//13 930//13
f 929//460 927//460 931//460
f 927//716 928//716 931//716
f 930//827 929//827 932//827
f 929//463 931//463 932//463
f 933//464 930//464 934//464
f 930//465 932//465 934//465
f 930//13 933//13 842//13
f 933//13 866//13 842//13
f 866//829 933//829 868//829
f 933//828 934//828 868//828
f 901//7 899//7 816//7
f 899//7 817//7 816//7
f 899//7 897//7 817//7
f 897//7 862//7 817//7
f 935//524 495//524 484//524
f 495//830 935//830 744//830
f 935//831 746//831 744//831
f 682//832 683//832 194//832
f 683//833 193//833 194//833
f 683//834 806//834 193//834
f 806//835 197//835 193//835
f 936//836 935//836 486//836
f 935//837 484//837 486//837
f 935//838 936//838 746//838
f 936//839 748//839 746//839
f 806//840 811//840 197//840
f 811//841 229//841 197//841
f 903//7 901//7 816//7
f 870//7 903//7 816//7
f 937//842 869//842 747//842
f 869//843 745//843 747//843
f 869//7 937//7 938//7
f 937//317 939//317 938//317
f 811//844 827//844 229//844
f 827//845 617//845 229//845
f 940//846 936//846 488//846
f 936//847 486//847 488//847
f 936//848 940//848 748//848
f 940//849 750//849 748//849
f 229//850 617//850 228//850
f 617//851 227//851 228//851
f 618//852 617//852 864//852
f 617//853 838//853 864//853
f 827//845 838//845 617//845
f 941//7 856//7 942//7
f 856//317 943//317 942//317
f 856//854 941//854 863//854
f 941//855 944//855 863//855
f 863//856 944//856 865//856
f 944//857 945//857 865//857
f 872//13 873//13 878//13
f 925//326 872//326 880//326
f 872//13 878//13 880//13
f 872//292 925//292 874//292
f 924//643 925//643 926//643
f 925//326 928//326 926//326
f 880//326 882//326 928//326
f 882//13 884//13 928//13
f 928//326 884//326 886//326
f 896//644 898//644 900//644
f 915//317 896//317 923//317
f 896//7 902//7 923//7
f 923//317 902//317 920//317
f 902//7 919//7 920//7
f 896//292 915//292 861//292
f 914//7 915//7 922//7
f 915//7 923//7 922//7
f 931//13 928//13 946//13
f 928//13 890//13 946//13
f 946//13 890//13 947//13
f 890//13 948//13 947//13
f 947//13 948//13 949//13
f 900//7 902//7 896//7
f 902//7 904//7 950//7
f 904//7 951//7 950//7
f 932//326 931//326 952//326
f 931//13 946//13 952//13
f 946//858 947//858 953//858
f 947//858 954//858 953//858
f 952//859 946//859 955//859
f 946//860 953//860 955//860
f 886//13 887//13 928//13
f 887//13 888//13 928//13
f 928//326 888//326 890//326
f 948//203 890//203 956//203
f 890//203 889//203 956//203
f 921//7 919//7 902//7
f 904//7 905//7 951//7
f 905//7 957//7 951//7
f 950//860 951//860 958//860
f 951//861 959//861 958//861
f 960//858 950//858 961//858
f 950//858 958//858 961//858
f 950//7 960//7 962//7
f 960//7 963//7 962//7
f 964//7 921//7 902//7
f 921//819 964//819 857//819
f 964//820 858//820 857//820
f 965//317 964//317 902//317
f 964//201 965//201 858//201
f 965//201 943//201 858//201
f 966//7 965//7 902//7
f 965//821 966//821 943//821
f 966//200 942//200 943//200
f 962//317 966//317 950//317
f 966//7 902//7 950//7
f 966//203 962//203 942//203
f 962//203 967//203 942//203
f 934//13 932//13 968//13
f 932//13 952//13 968//13
f 968//862 952//862 969//862
f 952//863 955//863 969//863
f 905//7 906//7 957//7
f 906//7 970//7 957//7
f 951//863 957//863 959//863
f 957//862 971//862 959//862
f 868//13 934//13 972//13
f 934//13 968//13 972//13
f 972//864 968//864 973//864
f 968//864 969//864 973//864
f 907//7 871//7 869//7
f 906//317 908//317 970//317
f 908//7 974//7 970//7
f 957//864 970//864 971//864
f 970//864 939//864 971//864
f 858//7 943//7 856//7
f 867//13 868//13 847//13
f 868//13 972//13 847//13
f 847//865 972//865 848//865
f 972//866 973//866 848//866
f 909//7 907//7 869//7
f 908//7 910//7 974//7
f 910//7 975//7 974//7
f 970//866 974//866 939//866
f 974//865 938//865 939//865
f 843//867 867//867 846//867
f 867//13 847//13 846//13
f 911//644 909//644 976//644
f 909//7 869//7 976//7
f 976//7 869//7 938//7
f 910//644 912//644 975//644
f 912//7 977//7 975//7
f 974//807 975//807 938//807
f 975//807 978//807 938//807
f 978//7 976//7 938//7
f 976//806 978//806 975//806
f 977//805 976//805 975//805
f 976//292 977//292 911//292
f 977//292 912//292 911//292
f 979//752 937//752 749//752
f 937//868 747//868 749//868
f 937//7 979//7 961//7
f 979//317 980//317 961//317
f 956//13 889//13 819//13
f 942//7 967//7 941//7
f 967//317 981//317 941//317
f 941//7 981//7 982//7
f 844//869 843//869 846//869
f 894//13 956//13 819//13
f 956//671 894//671 948//671
f 894//767 949//767 948//767
f 983//13 947//13 984//13
f 947//13 985//13 984//13
f 984//13 985//13 986//13
f 985//13 987//13 986//13
f 986//13 987//13 988//13
f 947//870 983//870 954//870
f 983//870 989//870 954//870
f 962//671 963//671 967//671
f 963//767 981//767 967//767
f 990//7 941//7 991//7
f 941//7 992//7 991//7
f 941//871 990//871 944//871
f 990//872 993//872 944//872
f 944//873 993//873 994//873
f 993//874 995//874 994//874
f 994//875 995//875 996//875
f 995//876 997//876 996//876
f 996//877 997//877 998//877
f 997//878 999//878 998//878
f 998//879 999//879 1000//879
f 999//880 1001//880 1000//880
f 1000//881 1001//881 1002//881
f 1001//882 1003//882 1002//882
f 1002//883 1003//883 1004//883
f 1003//884 1005//884 1004//884
f 848//807 845//807 847//807
f 848//13 973//13 828//13
f 973//13 1006//13 828//13
f 828//885 1006//885 830//885
f 1006//886 1007//886 830//886
f 830//887 1007//887 832//887
f 1007//888 1008//888 832//888
f 894//676 895//676 949//676
f 895//675 1009//675 949//675
f 949//326 1009//326 947//326
f 1009//13 1010//13 947//13
f 947//13 1010//13 1011//13
f 1012//7 963//7 960//7
f 963//676 1012//676 981//676
f 1012//675 982//675 981//675
f 1013//870 960//870 980//870
f 960//870 961//870 980//870
f 960//644 1013//644 1014//644
f 1013//7 1015//7 1014//7
f 973//13 969//13 1006//13
f 969//13 955//13 1006//13
f 1006//13 955//13 1016//13
f 955//13 953//13 1016//13
f 1016//13 953//13 954//13
f 971//317 939//317 937//317
f 1017//326 895//326 891//326
f 895//889 1017//889 1009//889
f 1017//890 1010//890 1009//890
f 1018//891 891//891 892//891
f 891//13 1018//13 1019//13
f 1018//13 1020//13 1019//13
f 1019//13 1020//13 1021//13
f 1020//326 1022//326 1021//326
f 1023//317 1012//317 960//317
f 1012//681 1023//681 982//681
f 1023//890 992//890 982//890
f 982//7 992//7 941//7
f 1006//888 1016//888 1007//888
f 1016//892 1024//892 1007//892
f 1007//893 1024//893 1025//893
f 1024//894 1026//894 1025//894
f 1025//895 1026//895 1027//895
f 1026//896 1028//896 1027//896
f 1027//897 1028//897 1029//897
f 959//7 971//7 937//7
f 864//898 865//898 618//898
f 865//899 821//899 618//899
f 1030//13 1017//13 891//13
f 1017//683 1030//683 1010//683
f 1030//779 1011//779 1010//779
f 1031//7 1023//7 960//7
f 1023//683 1031//683 992//683
f 1031//779 991//779 992//779
f 958//7 959//7 937//7
f 1032//13 1030//13 891//13
f 1030//900 1032//900 1011//900
f 1032//900 985//900 1011//900
f 1011//13 985//13 947//13
f 1033//317 1031//317 960//317
f 1031//900 1033//900 991//900
f 1033//900 1034//900 991//900
f 991//7 1034//7 990//7
f 1034//7 1035//7 990//7
f 990//7 1035//7 1036//7
f 1024//13 1016//13 989//13
f 1016//13 954//13 989//13
f 961//7 958//7 937//7
f 1037//901 940//901 490//901
f 940//902 488//902 490//902
f 940//903 1037//903 750//903
f 1037//904 751//904 750//904
f 1038//13 1032//13 891//13
f 1032//697 1038//697 985//697
f 1038//697 987//697 985//697
f 1039//7 1033//7 1040//7
f 1033//7 1014//7 1040//7
f 1033//697 1039//697 1034//697
f 1039//697 1035//697 1034//697
f 993//7 990//7 1036//7
f 1041//13 1038//13 891//13
f 1038//712 1041//712 987//712
f 1041//712 988//712 987//712
f 984//331 986//331 1019//331
f 986//713 988//713 1019//713
f 1019//713 988//713 1041//713
f 1042//905 984//905 1043//905
f 984//905 1044//905 1043//905
f 984//804 1042//804 983//804
f 1045//7 1039//7 1040//7
f 1039//712 1045//712 1035//712
f 1045//712 1036//712 1035//712
f 1014//905 1015//905 1046//905
f 1015//905 1047//905 1046//905
f 1040//331 1014//331 1046//331
f 1045//713 1040//713 1036//713
f 1040//713 1048//713 1036//713
f 983//906 1042//906 989//906
f 1042//907 1043//907 989//907
f 989//13 1043//13 1024//13
f 1043//13 1049//13 1024//13
f 1024//326 1049//326 1050//326
f 1047//7 980//7 979//7
f 980//906 1047//906 1013//906
f 1047//907 1015//907 1013//907
f 1051//908 979//908 749//908
f 979//317 1051//317 1052//317
f 1051//7 1053//7 1052//7
f 1019//13 1041//13 891//13
f 1036//7 1048//7 993//7
f 1048//7 1054//7 993//7
f 993//317 1054//317 995//317
f 1054//7 1055//7 995//7
f 995//317 1055//317 1056//317
f 1043//13 1044//13 1049//13
f 1044//13 1057//13 1049//13
f 1026//13 1024//13 1050//13
f 1046//7 1047//7 979//7
f 1044//13 1019//13 1058//13
f 1019//13 1059//13 1058//13
f 1019//331 1044//331 984//331
f 1046//331 1048//331 1040//331
f 1048//7 1046//7 1060//7
f 1046//7 1061//7 1060//7
f 1049//470 1057//470 1062//470
f 1057//470 1063//470 1062//470
f 1050//909 1049//909 1064//909
f 1049//909 1062//909 1064//909
f 1058//269 1059//269 1065//269
f 1059//269 1066//269 1065//269
f 1067//292 1058//292 1065//292
f 1058//13 1067//13 1044//13
f 1067//326 1068//326 1044//326
f 1044//13 1068//13 1069//13
f 1070//13 1059//13 1019//13
f 1059//267 1070//267 1066//267
f 1070//267 1071//267 1066//267
f 1072//13 1070//13 1019//13
f 1070//817 1072//817 1071//817
f 1072//817 1073//817 1071//817
f 1074//13 1072//13 1019//13
f 1072//246 1074//246 1073//246
f 1074//689 1075//689 1073//689
f 1076//13 1074//13 1019//13
f 1074//244 1076//244 1075//244
f 1076//910 1077//910 1075//910
f 1078//13 1076//13 1019//13
f 1076//227 1078//227 1077//227
f 1078//227 1079//227 1077//227
f 1021//13 1078//13 1019//13
f 1078//225 1021//225 1079//225
f 1021//911 1080//911 1079//911
f 1021//201 1022//201 1080//201
f 1022//201 1081//201 1080//201
f 1020//912 1018//912 1082//912
f 1018//913 892//913 1082//913
f 1082//914 892//914 1083//914
f 892//891 1084//891 1083//891
f 1085//915 1020//915 1086//915
f 1020//916 1082//916 1086//916
f 1086//917 1082//917 1087//917
f 1082//918 1083//918 1087//918
f 1020//13 1085//13 1088//13
f 1085//326 1089//326 1088//326
f 1060//292 1061//292 1090//292
f 1061//455 1091//455 1090//455
f 1090//455 1091//455 1092//455
f 1091//457 1093//457 1092//457
f 1092//457 1093//457 1094//457
f 1093//826 1052//826 1094//826
f 1094//826 1052//826 1095//826
f 1052//460 1053//460 1095//460
f 1095//717 1053//717 1096//717
f 1053//462 1097//462 1096//462
f 1096//919 1097//919 1098//919
f 1097//465 1099//465 1098//465
f 1098//465 1099//465 1100//465
f 1099//466 1101//466 1100//466
f 1100//920 1101//920 1102//920
f 1101//468 1103//468 1102//468
f 1102//468 1103//468 1104//468
f 1103//470 1105//470 1104//470
f 1104//470 1105//470 1106//470
f 1105//909 1107//909 1106//909
f 1106//909 1107//909 1108//909
f 1107//921 1109//921 1108//921
f 1108//762 1109//762 1110//762
f 1109//922 1111//922 1110//922
f 1110//473 1111//473 1112//473
f 1111//476 1113//476 1112//476
f 1112//475 1113//475 1114//475
f 1113//478 1115//478 1114//478
f 1114//755 1115//755 1116//755
f 1115//923 1117//923 1116//923
f 1116//923 1117//923 1118//923
f 1117//482 1119//482 1118//482
f 1118//482 1119//482 1120//482
f 1119//484 1121//484 1120//484
f 1120//924 1121//924 1122//924
f 1121//925 1123//925 1122//925
f 1122//486 1123//486 1124//486
f 1123//331 1125//331 1124//331
f 1126//269 1060//269 1127//269
f 1060//269 1128//269 1127//269
f 1060//7 1126//7 1048//7
f 1126//7 1129//7 1048//7
f 1048//7 1129//7 1130//7
f 1131//7 1054//7 1048//7
f 1054//910 1131//910 1132//910
f 1131//244 1133//244 1132//244
f 1055//227 1054//227 1134//227
f 1054//227 1132//227 1134//227
f 1129//267 1126//267 1135//267
f 1126//267 1127//267 1135//267
f 1130//817 1129//817 1136//817
f 1129//817 1135//817 1136//817
f 1131//689 1130//689 1133//689
f 1130//246 1136//246 1133//246
f 1130//317 1131//317 1048//317
f 1068//455 1067//455 1137//455
f 1067//455 1138//455 1137//455
f 1069//457 1068//457 1139//457
f 1068//457 1137//457 1139//457
f 1140//826 1069//826 1141//826
f 1069//826 1139//826 1141//826
f 1069//326 1140//326 1044//326
f 1140//13 1142//13 1044//13
f 1044//13 1142//13 1143//13
f 1142//717 1140//717 1144//717
f 1140//460 1141//460 1144//460
f 1143//919 1142//919 1145//919
f 1142//462 1144//462 1145//462
f 1146//465 1143//465 1147//465
f 1143//465 1145//465 1147//465
f 1143//13 1146//13 1044//13
f 1146//13 1148//13 1044//13
f 1044//13 1148//13 1057//13
f 1148//920 1146//920 1149//920
f 1146//466 1147//466 1149//466
f 1057//468 1148//468 1063//468
f 1148//468 1149//468 1063//468
f 1052//7 1093//7 979//7
f 1093//7 1046//7 979//7
f 1093//7 1091//7 1046//7
f 1091//317 1061//317 1046//317
f 865//926 945//926 821//926
f 945//927 893//927 821//927
f 1150//531 1037//531 490//531
f 1037//928 1150//928 751//928
f 1150//929 1151//929 751//929
f 1152//930 1051//930 1153//930
f 1051//931 749//931 1153//931
f 1153//932 749//932 751//932
f 1051//7 1152//7 1103//7
f 1152//7 1105//7 1103//7
f 1154//933 945//933 944//933
f 945//934 1154//934 893//934
f 1154//935 1084//935 893//935
f 751//936 1151//936 1153//936
f 1151//937 1155//937 1153//937
f 1153//938 1155//938 1152//938
f 1155//939 1156//939 1152//939
f 893//940 1084//940 892//940
f 831//941 1150//941 829//941
f 1150//942 490//942 829//942
f 829//943 490//943 492//943
f 1150//944 831//944 1151//944
f 831//945 1157//945 1151//945
f 1097//317 1053//317 1051//317
f 1099//7 1097//7 1051//7
f 1101//7 1099//7 1051//7
f 1103//7 1101//7 1051//7
f 1152//7 1156//7 1113//7
f 1156//317 1115//317 1113//317
f 1158//946 1154//946 994//946
f 1154//947 944//947 994//947
f 1154//948 1158//948 1084//948
f 1158//949 1083//949 1084//949
f 997//7 995//7 1159//7
f 995//7 1056//7 1159//7
f 1065//13 1066//13 1071//13
f 1138//326 1065//326 1073//326
f 1065//13 1071//13 1073//13
f 1065//292 1138//292 1067//292
f 1137//13 1138//13 1139//13
f 1138//326 1141//326 1139//326
f 1073//13 1075//13 1141//13
f 1075//13 1077//13 1141//13
f 1141//326 1077//326 1079//326
f 1090//292 1128//292 1060//292
f 1128//7 1090//7 1136//7
f 1090//7 1095//7 1136//7
f 1136//317 1095//317 1133//317
f 1095//7 1132//7 1133//7
f 1127//7 1128//7 1135//7
f 1128//7 1136//7 1135//7
f 1090//656 1092//656 1094//656
f 1144//13 1141//13 1160//13
f 1141//13 1161//13 1160//13
f 1094//7 1095//7 1090//7
f 1095//7 1096//7 1118//7
f 1096//7 1116//7 1118//7
f 1145//13 1144//13 1162//13
f 1144//13 1160//13 1162//13
f 1160//923 1161//923 1163//923
f 1161//923 1164//923 1163//923
f 1162//478 1160//478 1165//478
f 1160//755 1163//755 1165//755
f 1079//13 1080//13 1141//13
f 1080//13 1081//13 1141//13
f 1141//13 1081//13 1166//13
f 1166//821 1081//821 1088//821
f 1081//821 1022//821 1088//821
f 1167//203 1166//203 1089//203
f 1166//203 1088//203 1089//203
f 1166//13 1167//13 1161//13
f 1167//13 1168//13 1161//13
f 1161//13 1168//13 1169//13
f 1170//13 1161//13 1171//13
f 1161//13 1172//13 1171//13
f 1161//482 1170//482 1164//482
f 1170//482 1173//482 1164//482
f 1134//7 1132//7 1095//7
f 1096//7 1098//7 1116//7
f 1098//7 1114//7 1116//7
f 1118//7 1120//7 1124//7
f 1120//644 1122//644 1124//644
f 1174//7 1134//7 1095//7
f 1134//225 1174//225 1055//225
f 1174//911 1056//911 1055//911
f 1175//317 1174//317 1095//317
f 1174//201 1175//201 1056//201
f 1175//201 1159//201 1056//201
f 1176//7 1175//7 1095//7
f 1175//821 1176//821 1159//821
f 1176//821 1177//821 1159//821
f 1178//7 1176//7 1118//7
f 1176//7 1095//7 1118//7
f 1176//203 1178//203 1177//203
f 1178//203 1179//203 1177//203
f 1147//13 1145//13 1180//13
f 1145//13 1162//13 1180//13
f 1180//476 1162//476 1181//476
f 1162//475 1165//475 1181//475
f 1098//7 1100//7 1114//7
f 1100//7 1112//7 1114//7
f 1149//13 1147//13 1182//13
f 1147//13 1180//13 1182//13
f 1182//922 1180//922 1183//922
f 1180//473 1181//473 1183//473
f 1100//7 1102//7 1112//7
f 1102//7 1110//7 1112//7
f 1151//950 1157//950 1155//950
f 1157//951 1184//951 1155//951
f 1155//952 1184//952 1156//952
f 1184//953 1185//953 1156//953
f 1063//13 1149//13 1064//13
f 1149//13 1182//13 1064//13
f 1064//921 1182//921 1050//921
f 1182//762 1183//762 1050//762
f 1102//7 1104//7 1110//7
f 1104//7 1108//7 1110//7
f 1088//13 1022//13 1020//13
f 1159//7 1177//7 997//7
f 1177//7 1179//7 997//7
f 997//7 1179//7 1186//7
f 1062//13 1063//13 1064//13
f 1104//7 1106//7 1108//7
f 831//954 832//954 1157//954
f 832//955 1187//955 1157//955
f 999//7 997//7 1188//7
f 997//7 1189//7 1188//7
f 1107//317 1105//317 1152//317
f 1190//13 1089//13 1085//13
f 1089//956 1190//956 1167//956
f 1190//767 1168//767 1167//767
f 1191//957 1085//957 1192//957
f 1085//958 1086//958 1192//958
f 1192//959 1086//959 1193//959
f 1086//960 1087//960 1193//960
f 1085//13 1191//13 1194//13
f 1191//326 1195//326 1194//326
f 1196//7 1178//7 1118//7
f 1178//956 1196//956 1179//956
f 1196//767 1186//767 1179//767
f 1050//13 1183//13 1026//13
f 1183//326 1181//326 1026//326
f 1026//13 1181//13 1028//13
f 1181//13 1165//13 1028//13
f 1028//13 1165//13 1163//13
f 1109//7 1107//7 1152//7
f 1197//13 1190//13 1085//13
f 1190//961 1197//961 1168//961
f 1197//962 1169//962 1168//962
f 1198//7 1196//7 1118//7
f 1196//961 1198//961 1186//961
f 1198//962 1189//962 1186//962
f 1186//7 1189//7 997//7
f 1111//7 1109//7 1152//7
f 1199//326 1197//326 1085//326
f 1197//681 1199//681 1169//681
f 1199//680 1200//680 1169//680
f 1169//13 1200//13 1161//13
f 1200//13 1201//13 1161//13
f 1161//326 1201//326 1202//326
f 1203//7 1198//7 1118//7
f 1198//681 1203//681 1189//681
f 1203//680 1188//680 1189//680
f 1113//7 1111//7 1152//7
f 1204//963 1158//963 996//963
f 1158//964 994//964 996//964
f 1158//965 1204//965 1083//965
f 1204//966 1087//966 1083//966
f 1205//13 1199//13 1085//13
f 1199//683 1205//683 1200//683
f 1205//779 1201//779 1200//779
f 1206//656 1203//656 1118//656
f 1203//683 1206//683 1188//683
f 1206//779 1207//779 1188//779
f 1188//7 1207//7 999//7
f 1207//7 1208//7 999//7
f 999//317 1208//317 1209//317
f 1029//13 1028//13 1164//13
f 1028//13 1163//13 1164//13
f 1156//7 1185//7 1121//7
f 1185//317 1123//317 1121//317
f 1210//13 1205//13 1085//13
f 1205//900 1210//900 1201//900
f 1210//900 1202//900 1201//900
f 1211//7 1206//7 1118//7
f 1206//900 1211//900 1207//900
f 1211//900 1208//900 1207//900
f 1001//7 999//7 1212//7
f 999//7 1209//7 1212//7
f 1117//317 1115//317 1156//317
f 1194//13 1210//13 1085//13
f 1210//697 1194//697 1202//697
f 1194//697 1213//697 1202//697
f 1202//13 1213//13 1172//13
f 1213//13 1214//13 1172//13
f 1215//7 1211//7 1125//7
f 1211//7 1118//7 1125//7
f 1125//7 1118//7 1124//7
f 1211//697 1215//697 1208//697
f 1215//697 1209//697 1208//697
f 1164//13 1173//13 1029//13
f 1173//13 1216//13 1029//13
f 1029//13 1216//13 1217//13
f 1119//7 1117//7 1156//7
f 1194//712 1195//712 1213//712
f 1195//967 1214//967 1213//967
f 1172//713 1214//713 1218//713
f 1214//968 1195//968 1218//968
f 1171//331 1172//331 1218//331
f 1219//7 1215//7 1125//7
f 1215//712 1219//712 1209//712
f 1219//969 1212//969 1209//969
f 1219//968 1125//968 1212//968
f 1125//713 1220//713 1212//713
f 1221//13 1170//13 1171//13
f 1170//484 1221//484 1173//484
f 1221//924 1216//924 1173//924
f 1222//13 1029//13 1217//13
f 1029//970 1222//970 1223//970
f 1222//971 1224//971 1223//971
f 1223//972 1224//972 1225//972
f 1224//973 1226//973 1225//973
f 1221//925 1171//925 1216//925
f 1171//486 1217//486 1216//486
f 1121//7 1119//7 1156//7
f 1218//13 1195//13 1191//13
f 1227//974 1191//974 1192//974
f 1191//13 1227//13 1218//13
f 1227//13 1228//13 1218//13
f 1218//13 1228//13 1229//13
f 1212//7 1220//7 1001//7
f 1220//7 1230//7 1001//7
f 1217//13 1218//13 1231//13
f 1218//13 1232//13 1231//13
f 1218//331 1217//331 1171//331
f 1123//331 1220//331 1125//331
f 1220//7 1123//7 1233//7
f 1123//7 1234//7 1233//7
f 1001//975 1230//975 1003//975
f 1230//976 1235//976 1003//976
f 1003//977 1235//977 1005//977
f 1235//978 1236//978 1005//978
f 1237//979 1185//979 1184//979
f 1185//7 1237//7 1238//7
f 1237//7 1239//7 1238//7
f 1231//269 1232//269 1240//269
f 1232//269 1241//269 1240//269
f 1242//292 1231//292 1240//292
f 1231//13 1242//13 1217//13
f 1242//13 1243//13 1217//13
f 1217//326 1243//326 1244//326
f 1245//13 1232//13 1218//13
f 1232//267 1245//267 1241//267
f 1245//980 1246//980 1241//980
f 1247//13 1245//13 1218//13
f 1245//817 1247//817 1246//817
f 1247//817 1248//817 1246//817
f 1249//13 1247//13 1218//13
f 1247//246 1249//246 1248//246
f 1249//689 1250//689 1248//689
f 1229//13 1249//13 1218//13
f 1249//981 1229//981 1250//981
f 1229//981 1251//981 1250//981
f 1229//226 1228//226 1251//226
f 1228//227 1252//227 1251//227
f 1253//13 1228//13 1254//13
f 1228//13 1227//13 1254//13
f 1228//225 1253//225 1252//225
f 1253//225 1255//225 1252//225
f 1254//982 1227//982 1256//982
f 1227//983 1192//983 1256//983
f 1256//984 1192//984 1257//984
f 1192//985 1258//985 1257//985
f 1233//292 1234//292 1259//292
f 1234//455 1260//455 1259//455
f 1259//455 1260//455 1261//455
f 1260//457 1262//457 1261//457
f 1261//986 1262//986 1263//986
f 1262//826 1264//826 1263//826
f 1263//826 1264//826 1265//826
f 1264//460 1266//460 1265//460
f 1265//717 1266//717 1267//717
f 1266//987 1238//987 1267//987
f 1267//987 1238//987 1268//987
f 1238//464 1239//464 1268//464
f 1268//465 1239//465 1269//465
f 1239//467 1270//467 1269//467
f 1269//467 1270//467 1271//467
f 1270//468 1272//468 1271//468
f 1271//468 1272//468 1273//468
f 1272//679 1274//679 1273//679
f 1273//679 1274//679 1275//679
f 1274//471 1276//471 1275//471
f 1275//471 1276//471 1277//471
f 1276//921 1278//921 1277//921
f 1277//472 1278//472 1279//472
f 1278//988 1280//988 1279//988
f 1279//474 1280//474 1281//474
f 1280//476 1282//476 1281//476
f 1281//476 1282//476 1283//476
f 1282//755 1284//755 1283//755
f 1283//755 1284//755 1285//755
f 1284//923 1286//923 1285//923
f 1285//923 1286//923 1287//923
f 1286//482 1288//482 1287//482
f 1287//482 1288//482 1289//482
f 1288//484 1290//484 1289//484
f 1289//989 1290//989 1291//989
f 1290//925 1292//925 1291//925
f 1291//486 1292//486 1293//486
f 1292//331 1294//331 1293//331
f 1295//269 1233//269 1296//269
f 1233//269 1297//269 1296//269
f 1233//7 1295//7 1220//7
f 1295//7 1298//7 1220//7
f 1220//317 1298//317 1299//317
f 1300//7 1230//7 1301//7
f 1230//7 1302//7 1301//7
f 1230//990 1300//990 1235//990
f 1300//991 1303//991 1235//991
f 1235//991 1303//991 1236//991
f 1303//992 1304//992 1236//992
f 1236//993 1304//993 1305//993
f 1304//994 1306//994 1305//994
f 1305//995 1306//995 1307//995
f 1306//996 1308//996 1307//996
f 1307//997 1308//997 1309//997
f 1308//998 1310//998 1309//998
f 1309//999 1310//999 1311//999
f 1298//980 1295//980 1312//980
f 1295//267 1296//267 1312//267
f 1299//817 1298//817 1313//817
f 1298//817 1312//817 1313//817
f 1314//689 1299//689 1315//689
f 1299//246 1313//246 1315//246
f 1299//7 1314//7 1220//7
f 1314//7 1230//7 1220//7
f 1316//981 1314//981 1317//981
f 1314//981 1315//981 1317//981
f 1314//7 1316//7 1230//7
f 1316//317 1302//317 1230//317
f 1243//455 1242//455 1318//455
f 1242//455 1319//455 1318//455
f 1244//986 1243//986 1320//986
f 1243//457 1318//457 1320//457
f 1321//826 1244//826 1322//826
f 1244//826 1320//826 1322//826
f 1244//13 1321//13 1217//13
f 1321//13 1323//13 1217//13
f 1217//13 1323//13 1324//13
f 1323//717 1321//717 1325//717
f 1321//460 1322//460 1325//460
f 1324//987 1323//987 1326//987
f 1323//987 1325//987 1326//987
f 1327//465 1324//465 1328//465
f 1324//464 1326//464 1328//464
f 1324//13 1327//13 1217//13
f 1327//326 1329//326 1217//326
f 1217//13 1329//13 1330//13
f 1329//467 1327//467 1331//467
f 1327//467 1328//467 1331//467
f 1330//468 1329//468 1332//468
f 1329//468 1331//468 1332//468
f 1333//679 1330//679 1334//679
f 1330//679 1332//679 1334//679
f 1330//326 1333//326 1217//326
f 1333//13 1335//13 1217//13
f 1217//13 1335//13 1222//13
f 1336//471 1333//471 1337//471
f 1333//471 1334//471 1337//471
f 1333//13 1336//13 1338//13
f 1336//13 1339//13 1338//13
f 1338//13 1335//13 1333//13
f 1335//1000 1338//1000 1340//1000
f 1338//1001 1341//1001 1340//1001
f 1340//1002 1341//1002 1342//1002
f 1341//1003 1343//1003 1342//1003
f 1222//1004 1335//1004 1224//1004
f 1335//1005 1340//1005 1224//1005
f 1224//1006 1340//1006 1226//1006
f 1340//1007 1342//1007 1226//1007
f 1266//7 1264//7 1185//7
f 1264//7 1123//7 1185//7
f 1264//7 1262//7 1123//7
f 1262//7 1260//7 1123//7
f 1123//7 1260//7 1234//7
f 1157//1008 1187//1008 1184//1008
f 1187//979 1344//979 1184//979
f 1184//1009 1344//1009 1345//1009
f 1344//1010 1346//1010 1345//1010
f 1345//1011 1346//1011 1347//1011
f 1346//1012 1348//1012 1347//1012
f 1347//1013 1348//1013 1349//1013
f 832//1014 1008//1014 1187//1014
f 1008//1015 1344//1015 1187//1015
f 1350//1016 1204//1016 998//1016
f 1204//1017 996//1017 998//1017
f 1204//1018 1350//1018 1087//1018
f 1350//1019 1193//1019 1087//1019
f 1351//1020 1008//1020 1007//1020
f 1008//1021 1351//1021 1344//1021
f 1351//1022 1346//1022 1344//1022
f 1004//1023 1350//1023 1000//1023
f 1350//879 998//879 1000//879
f 1350//1024 1004//1024 1193//1024
f 1004//1025 1005//1025 1193//1025
f 1193//1026 1005//1026 1258//1026
f 1005//1027 1236//1027 1258//1027
f 1258//1028 1236//1028 1257//1028
f 1236//1029 1352//1029 1257//1029
f 1238//7 1266//7 1185//7
f 1353//1030 1237//1030 1345//1030
f 1237//1031 1184//1031 1345//1031
f 1237//7 1353//7 1274//7
f 1353//317 1276//317 1274//317
f 1193//1032 1258//1032 1192//1032
f 1354//1033 1351//1033 1025//1033
f 1351//1034 1007//1034 1025//1034
f 1351//1035 1354//1035 1346//1035
f 1354//1036 1348//1036 1346//1036
f 1240//655 1241//655 1246//655
f 1319//13 1240//13 1250//13
f 1240//13 1248//13 1250//13
f 1240//292 1319//292 1242//292
f 1318//643 1319//643 1320//643
f 1319//326 1322//326 1320//326
f 1250//13 1251//13 1322//13
f 1251//13 1252//13 1322//13
f 1322//326 1252//326 1255//326
f 1246//13 1248//13 1240//13
f 1259//292 1297//292 1233//292
f 1297//7 1259//7 1315//7
f 1259//7 1267//7 1315//7
f 1315//7 1267//7 1317//7
f 1267//317 1355//317 1317//317
f 1296//7 1297//7 1312//7
f 1297//644 1313//644 1312//644
f 1259//644 1261//644 1263//644
f 1315//7 1313//7 1297//7
f 1325//13 1322//13 1356//13
f 1322//13 1357//13 1356//13
f 1356//326 1357//326 1358//326
f 1263//7 1265//7 1259//7
f 1265//7 1267//7 1259//7
f 1267//7 1268//7 1285//7
f 1268//7 1283//7 1285//7
f 1326//13 1325//13 1359//13
f 1325//13 1356//13 1359//13
f 1360//804 1356//804 1361//804
f 1356//13 1362//13 1361//13
f 1361//13 1362//13 1363//13
f 1362//13 1364//13 1363//13
f 1363//13 1364//13 1365//13
f 1356//923 1360//923 1366//923
f 1360//923 1367//923 1366//923
f 1359//755 1356//755 1368//755
f 1356//755 1366//755 1368//755
f 1369//201 1255//201 1370//201
f 1255//201 1253//201 1370//201
f 1255//13 1369//13 1322//13
f 1369//13 1357//13 1322//13
f 1357//821 1369//821 1371//821
f 1369//821 1370//821 1371//821
f 1358//203 1357//203 1372//203
f 1357//203 1371//203 1372//203
f 1317//226 1355//226 1316//226
f 1355//227 1302//227 1316//227
f 1328//13 1326//13 1373//13
f 1326//13 1359//13 1373//13
f 1373//476 1359//476 1374//476
f 1359//476 1368//476 1374//476
f 1375//7 1355//7 1267//7
f 1355//225 1375//225 1302//225
f 1375//225 1301//225 1302//225
f 1268//7 1269//7 1283//7
f 1269//7 1281//7 1283//7
f 1285//7 1287//7 1267//7
f 1287//7 1376//7 1267//7
f 1267//317 1376//317 1377//317
f 1377//7 1375//7 1267//7
f 1375//201 1377//201 1301//201
f 1377//201 1378//201 1301//201
f 1377//821 1376//821 1378//821
f 1376//821 1379//821 1378//821
f 1380//7 1376//7 1287//7
f 1376//203 1380//203 1379//203
f 1380//203 1381//203 1379//203
f 1287//644 1289//644 1293//644
f 1289//656 1291//656 1293//656
f 1331//13 1328//13 1382//13
f 1328//13 1373//13 1382//13
f 1382//988 1373//988 1383//988
f 1373//474 1374//474 1383//474
f 1270//317 1239//317 1237//317
f 1269//7 1271//7 1281//7
f 1271//7 1279//7 1281//7
f 1370//13 1253//13 1254//13
f 1384//1037 1254//1037 1385//1037
f 1254//1038 1256//1038 1385//1038
f 1385//1039 1256//1039 1352//1039
f 1256//1040 1257//1040 1352//1040
f 1254//13 1384//13 1370//13
f 1384//326 1371//326 1370//326
f 1301//7 1378//7 1300//7
f 1378//7 1379//7 1300//7
f 1300//317 1379//317 1381//317
f 1332//13 1331//13 1337//13
f 1331//13 1382//13 1337//13
f 1337//921 1382//921 1336//921
f 1382//472 1383//472 1336//472
f 1272//7 1270//7 1237//7
f 1271//7 1273//7 1279//7
f 1273//7 1277//7 1279//7
f 1274//7 1272//7 1237//7
f 1386//1041 1353//1041 1347//1041
f 1353//1042 1345//1042 1347//1042
f 1353//7 1386//7 1284//7
f 1386//7 1286//7 1284//7
f 1387//7 1300//7 1388//7
f 1300//7 1389//7 1388//7
f 1300//1043 1387//1043 1304//1043
f 1387//1044 1306//1044 1304//1044
f 1334//13 1332//13 1337//13
f 1273//7 1275//7 1277//7
f 1372//13 1371//13 1384//13
f 1390//1045 1384//1045 1391//1045
f 1384//1046 1385//1046 1391//1046
f 1391//1047 1385//1047 1392//1047
f 1385//1048 1352//1048 1392//1048
f 1384//13 1390//13 1393//13
f 1390//326 1394//326 1393//326
f 1395//326 1372//326 1384//326
f 1372//956 1395//956 1358//956
f 1395//671 1396//671 1358//671
f 1358//13 1396//13 1356//13
f 1396//13 1397//13 1356//13
f 1356//326 1397//326 1398//326
f 1399//7 1380//7 1287//7
f 1380//956 1399//956 1381//956
f 1399//671 1389//671 1381//671
f 1381//7 1389//7 1300//7
f 1336//13 1383//13 1400//13
f 1383//13 1401//13 1400//13
f 1338//1049 1339//1049 1341//1049
f 1339//1050 1402//1050 1341//1050
f 1341//1051 1402//1051 1343//1051
f 1402//1052 1403//1052 1343//1052
f 1278//7 1276//7 1353//7
f 1404//13 1395//13 1384//13
f 1395//962 1404//962 1396//962
f 1404//676 1397//676 1396//676
f 1405//7 1399//7 1287//7
f 1399//962 1405//962 1389//962
f 1405//676 1388//676 1389//676
f 1383//326 1374//326 1401//326
f 1374//13 1368//13 1401//13
f 1401//13 1368//13 1406//13
f 1368//13 1366//13 1406//13
f 1406//13 1366//13 1367//13
f 1400//1053 1401//1053 1407//1053
f 1401//1054 1408//1054 1407//1054
f 1407//1055 1408//1055 1409//1055
f 1408//1056 1410//1056 1409//1056
f 1339//1057 1400//1057 1402//1057
f 1400//1058 1407//1058 1402//1058
f 1402//1059 1407//1059 1403//1059
f 1407//1060 1409//1060 1403//1060
f 1400//13 1339//13 1336//13
f 1280//7 1278//7 1353//7
f 1393//326 1404//326 1384//326
f 1404//681 1393//681 1397//681
f 1393//681 1398//681 1397//681
f 1411//7 1405//7 1287//7
f 1405//681 1411//681 1388//681
f 1411//681 1412//681 1388//681
f 1388//7 1412//7 1387//7
f 1412//7 1413//7 1387//7
f 1387//7 1413//7 1414//7
f 1401//1061 1406//1061 1408//1061
f 1406//1062 1415//1062 1408//1062
f 1408//1063 1415//1063 1410//1063
f 1415//1064 1416//1064 1410//1064
f 1282//7 1280//7 1353//7
f 1417//1065 1354//1065 1027//1065
f 1354//1066 1025//1066 1027//1066
f 1354//1067 1417//1067 1348//1067
f 1417//1068 1349//1068 1348//1068
f 1393//779 1394//779 1398//779
f 1394//779 1362//779 1398//779
f 1398//13 1362//13 1356//13
f 1418//7 1411//7 1287//7
f 1411//779 1418//779 1412//779
f 1418//779 1413//779 1412//779
f 1310//7 1387//7 1419//7
f 1387//317 1414//317 1419//317
f 1387//1069 1310//1069 1306//1069
f 1310//996 1308//996 1306//996
f 1284//317 1282//317 1353//317
f 1420//13 1394//13 1390//13
f 1394//900 1420//900 1362//900
f 1420//900 1364//900 1362//900
f 1421//1070 1390//1070 1391//1070
f 1390//13 1421//13 1422//13
f 1421//13 1423//13 1422//13
f 1422//13 1423//13 1424//13
f 1423//13 1425//13 1424//13
f 1426//7 1418//7 1294//7
f 1418//7 1293//7 1294//7
f 1418//900 1426//900 1413//900
f 1426//900 1414//900 1413//900
f 1427//13 1406//13 1428//13
f 1406//13 1367//13 1428//13
f 1406//1071 1427//1071 1415//1071
f 1427//1072 1429//1072 1415//1072
f 1415//1073 1429//1073 1416//1073
f 1429//1074 1430//1074 1416//1074
f 1431//13 1420//13 1390//13
f 1420//697 1431//697 1364//697
f 1431//697 1365//697 1364//697
f 1361//331 1363//331 1422//331
f 1363//713 1432//713 1422//713
f 1422//968 1432//968 1433//968
f 1432//967 1365//967 1433//967
f 1433//712 1365//712 1431//712
f 1434//925 1361//925 1435//925
f 1361//486 1436//486 1435//486
f 1361//655 1434//655 1437//655
f 1432//643 1363//643 1365//643
f 1438//1075 1426//1075 1294//1075
f 1426//697 1438//697 1414//697
f 1438//697 1419//697 1414//697
f 1439//968 1294//968 1440//968
f 1294//713 1441//713 1440//713
f 1294//7 1439//7 1438//7
f 1437//13 1360//13 1361//13
f 1360//482 1437//482 1367//482
f 1437//482 1428//482 1367//482
f 1288//7 1286//7 1386//7
f 1442//1076 1386//1076 1349//1076
f 1386//1077 1347//1077 1349//1077
f 1386//7 1442//7 1290//7
f 1442//317 1292//317 1290//317
f 1433//13 1431//13 1390//13
f 1438//712 1439//712 1419//712
f 1439//969 1440//969 1419//969
f 1419//317 1440//317 1310//317
f 1440//7 1441//7 1310//7
f 1310//7 1441//7 1311//7
f 1441//7 1443//7 1311//7
f 1311//7 1443//7 1444//7
f 1437//484 1434//484 1428//484
f 1434//989 1435//989 1428//989
f 1428//13 1435//13 1427//13
f 1435//13 1436//13 1427//13
f 1427//13 1436//13 1445//13
f 1436//13 1446//13 1445//13
f 1290//7 1288//7 1386//7
f 1422//13 1433//13 1390//13
f 1427//1078 1445//1078 1429//1078
f 1445//1079 1447//1079 1429//1079
f 1429//1080 1447//1080 1430//1080
f 1447//1081 1448//1081 1430//1081
f 1436//13 1422//13 1449//13
f 1422//13 1450//13 1449//13
f 1422//331 1436//331 1361//331
f 1292//331 1441//331 1294//331
f 1441//7 1292//7 1451//7
f 1292//7 1452//7 1451//7
f 1453//1082 1442//1082 1454//1082
f 1442//1083 1349//1083 1454//1083
f 1454//1083 1349//1083 1455//1083
f 1442//7 1453//7 1456//7
f 1453//7 1457//7 1456//7
f 1449//269 1450//269 1458//269
f 1450//269 1459//269 1458//269
f 1460//292 1449//292 1458//292
f 1449//13 1460//13 1436//13
f 1460//13 1461//13 1436//13
f 1436//326 1461//326 1462//326
f 1463//13 1450//13 1422//13
f 1450//980 1463//980 1459//980
f 1463//267 1464//267 1459//267
f 1465//13 1463//13 1422//13
f 1463//817 1465//817 1464//817
f 1465//817 1466//817 1464//817
f 1467//13 1465//13 1422//13
f 1465//689 1467//689 1466//689
f 1467//246 1468//246 1466//246
f 1469//13 1467//13 1422//13
f 1467//981 1469//981 1468//981
f 1469//981 1470//981 1468//981
f 1424//13 1469//13 1422//13
f 1469//226 1424//226 1470//226
f 1424//227 1471//227 1470//227
f 1423//1084 1421//1084 1472//1084
f 1421//1085 1391//1085 1472//1085
f 1472//1086 1391//1086 1473//1086
f 1391//1070 1474//1070 1473//1070
f 1424//911 1425//911 1471//911
f 1425//820 1475//820 1471//820
f 1476//1087 1423//1087 1477//1087
f 1423//1088 1472//1088 1477//1088
f 1477//1089 1472//1089 1478//1089
f 1472//1090 1473//1090 1478//1090
f 1423//13 1476//13 1425//13
f 1476//326 1479//326 1425//326
f 1451//292 1452//292 1480//292
f 1452//455 1481//455 1480//455
f 1480//455 1481//455 1482//455
f 1481//986 1483//986 1482//986
f 1482//457 1483//457 1484//457
f 1483//826 1485//826 1484//826
f 1484//826 1485//826 1486//826
f 1485//717 1456//717 1486//717
f 1486//460 1456//460 1487//460
f 1456//987 1457//987 1487//987
f 1487//987 1457//987 1488//987
f 1457//464 1489//464 1488//464
f 1488//465 1489//465 1490//465
f 1489//920 1491//920 1490//920
f 1490//829 1491//829 1492//829
f 1491//468 1493//468 1492//468
f 1492//469 1493//469 1494//469
f 1493//470 1495//470 1494//470
f 1494//470 1495//470 1496//470
f 1495//471 1497//471 1496//471
f 1496//471 1497//471 1498//471
f 1497//762 1499//762 1498//762
f 1498//762 1499//762 1500//762
f 1499//473 1501//473 1500//473
f 1500//922 1501//922 1502//922
f 1501//475 1503//475 1502//475
f 1502//476 1503//476 1504//476
f 1503//755 1505//755 1504//755
f 1504//755 1505//755 1506//755
f 1505//923 1507//923 1506//923
f 1506//754 1507//754 1508//754
f 1507//482 1509//482 1508//482
f 1508//482 1509//482 1510//482
f 1509//484 1511//484 1510//484
f 1510//781 1511//781 1512//781
f 1511//486 1513//486 1512//486
f 1512//486 1513//486 1514//486
f 1513//331 1515//331 1514//331
f 1516//269 1451//269 1517//269
f 1451//269 1518//269 1517//269
f 1451//7 1516//7 1441//7
f 1516//7 1519//7 1441//7
f 1441//317 1519//317 1520//317
f 1521//317 1311//317 1444//317
f 1311//1091 1521//1091 1522//1091
f 1521//1092 1523//1092 1522//1092
f 1522//1093 1523//1093 1524//1093
f 1523//1094 1525//1094 1524//1094
f 1519//267 1516//267 1526//267
f 1516//980 1517//980 1526//980
f 1520//817 1519//817 1527//817
f 1519//817 1526//817 1527//817
f 1443//246 1520//246 1528//246
f 1520//689 1527//689 1528//689
f 1520//7 1443//7 1441//7
f 1444//981 1443//981 1529//981
f 1443//981 1528//981 1529//981
f 1461//455 1460//455 1530//455
f 1460//455 1531//455 1530//455
f 1462//457 1461//457 1532//457
f 1461//986 1530//986 1532//986
f 1533//826 1462//826 1534//826
f 1462//826 1532//826 1534//826
f 1462//13 1533//13 1436//13
f 1533//13 1535//13 1436//13
f 1436//326 1535//326 1536//326
f 1535//460 1533//460 1537//460
f 1533//717 1534//717 1537//717
f 1536//987 1535//987 1538//987
f 1535//987 1537//987 1538//987
f 1539//465 1536//465 1540//465
f 1536//464 1538//464 1540//464
f 1536//13 1539//13 1436//13
f 1539//13 1541//13 1436//13
f 1436//326 1541//326 1542//326
f 1541//829 1539//829 1543//829
f 1539//920 1540//920 1543//920
f 1542//469 1541//469 1544//469
f 1541//468 1543//468 1544//468
f 1545//470 1542//470 1546//470
f 1542//470 1544//470 1546//470
f 1542//13 1545//13 1547//13
f 1545//13 1548//13 1547//13
f 1547//1095 1548//1095 1549//1095
f 1548//1096 1550//1096 1549//1096
f 1549//1097 1550//1097 1551//1097
f 1550//1098 1552//1098 1551//1098
f 1446//1099 1547//1099 1553//1099
f 1547//1100 1554//1100 1553//1100
f 1553//1101 1554//1101 1555//1101
f 1554//1102 1551//1102 1555//1102
f 1547//13 1446//13 1436//13
f 1445//1103 1446//1103 1447//1103
f 1446//1104 1553//1104 1447//1104
f 1447//1105 1553//1105 1448//1105
f 1553//1106 1555//1106 1448//1106
f 1456//7 1485//7 1442//7
f 1485//7 1292//7 1442//7
f 1485//7 1483//7 1292//7
f 1483//7 1481//7 1292//7
f 1292//317 1481//317 1452//317
f 1236//1107 1305//1107 1352//1107
f 1305//1108 1392//1108 1352//1108
f 1556//1109 1417//1109 1029//1109
f 1417//1110 1027//1110 1029//1110
f 1417//1111 1556//1111 1349//1111
f 1556//1112 1455//1112 1349//1112
f 1305//1113 1307//1113 1392//1113
f 1307//1114 1474//1114 1392//1114
f 1225//1115 1556//1115 1223//1115
f 1556//1116 1029//1116 1223//1116
f 1556//1117 1225//1117 1455//1117
f 1225//1118 1557//1118 1455//1118
f 1392//1045 1474//1045 1391//1045
f 1558//1119 1453//1119 1559//1119
f 1453//1119 1454//1119 1559//1119
f 1559//1120 1454//1120 1557//1120
f 1454//1120 1455//1120 1557//1120
f 1453//317 1558//317 1457//317
f 1558//7 1489//7 1457//7
f 1560//1121 1307//1121 1309//1121
f 1307//1122 1560//1122 1474//1122
f 1560//1123 1473//1123 1474//1123
f 1561//1124 1558//1124 1562//1124
f 1558//1125 1559//1125 1562//1125
f 1562//1125 1559//1125 1563//1125
f 1559//1124 1557//1124 1563//1124
f 1558//7 1561//7 1491//7
f 1561//317 1493//317 1491//317
f 1458//655 1459//655 1464//655
f 1531//326 1458//326 1470//326
f 1458//13 1468//13 1470//13
f 1458//292 1531//292 1460//292
f 1530//869 1531//869 1532//869
f 1531//13 1534//13 1532//13
f 1470//13 1471//13 1538//13
f 1471//13 1475//13 1538//13
f 1538//326 1475//326 1564//326
f 1464//13 1466//13 1458//13
f 1466//13 1468//13 1458//13
f 1480//7 1482//7 1484//7
f 1518//317 1480//317 1529//317
f 1480//7 1488//7 1529//7
f 1529//7 1488//7 1565//7
f 1488//7 1566//7 1565//7
f 1480//292 1518//292 1451//292
f 1517//7 1518//7 1526//7
f 1518//7 1527//7 1526//7
f 1529//226 1565//226 1444//226
f 1565//227 1567//227 1444//227
f 1529//7 1528//7 1518//7
f 1528//7 1527//7 1518//7
f 1537//13 1534//13 1531//13
f 1538//13 1537//13 1531//13
f 1540//13 1538//13 1568//13
f 1538//13 1569//13 1568//13
f 1484//7 1486//7 1480//7
f 1486//7 1487//7 1480//7
f 1480//7 1487//7 1488//7
f 1488//7 1490//7 1504//7
f 1490//7 1502//7 1504//7
f 1225//1126 1226//1126 1557//1126
f 1226//1127 1563//1127 1557//1127
f 1444//7 1567//7 1521//7
f 1567//7 1570//7 1521//7
f 1565//911 1566//911 1567//911
f 1566//820 1571//820 1567//820
f 1567//7 1571//7 1570//7
f 1571//317 1572//317 1570//317
f 1570//7 1572//7 1573//7
f 1521//1128 1570//1128 1523//1128
f 1570//1129 1574//1129 1523//1129
f 1523//1130 1574//1130 1575//1130
f 1574//1131 1576//1131 1575//1131
f 1575//1132 1576//1132 1577//1132
f 1576//1133 1578//1133 1577//1133
f 1577//1134 1578//1134 1579//1134
f 1543//13 1540//13 1580//13
f 1540//13 1568//13 1580//13
f 1564//202 1475//202 1479//202
f 1475//201 1425//201 1479//201
f 1568//475 1569//475 1581//475
f 1569//476 1582//476 1581//476
f 1580//473 1568//473 1583//473
f 1568//922 1581//922 1583//922
f 1584//200 1564//200 1585//200
f 1564//200 1479//200 1585//200
f 1564//13 1584//13 1538//13
f 1584//13 1569//13 1538//13
f 1586//203 1584//203 1587//203
f 1584//203 1585//203 1587//203
f 1584//13 1586//13 1569//13
f 1586//13 1588//13 1569//13
f 1569//326 1588//326 1589//326
f 1590//13 1569//13 1591//13
f 1569//13 1592//13 1591//13
f 1591//13 1592//13 1593//13
f 1592//13 1594//13 1593//13
f 1593//326 1594//326 1595//326
f 1569//755 1590//755 1582//755
f 1590//755 1596//755 1582//755
f 1491//7 1489//7 1558//7
f 1597//7 1566//7 1488//7
f 1566//201 1597//201 1571//201
f 1597//202 1572//202 1571//202
f 1490//7 1492//7 1502//7
f 1492//7 1500//7 1502//7
f 1504//7 1506//7 1514//7
f 1506//7 1508//7 1514//7
f 1514//7 1508//7 1510//7
f 1598//7 1597//7 1488//7
f 1597//200 1598//200 1572//200
f 1598//200 1573//200 1572//200
f 1599//7 1598//7 1504//7
f 1598//7 1488//7 1504//7
f 1598//203 1599//203 1573//203
f 1599//203 1600//203 1573//203
f 1601//1135 1561//1135 1602//1135
f 1561//1136 1562//1136 1602//1136
f 1602//1137 1562//1137 1603//1137
f 1562//1136 1563//1136 1603//1136
f 1561//317 1601//317 1493//317
f 1601//7 1495//7 1493//7
f 1574//7 1570//7 1573//7
f 1544//13 1543//13 1604//13
f 1543//13 1580//13 1604//13
f 1604//762 1580//762 1605//762
f 1580//762 1583//762 1605//762
f 1492//7 1494//7 1500//7
f 1494//7 1498//7 1500//7
f 1585//13 1479//13 1476//13
f 1606//1138 1476//1138 1607//1138
f 1476//1139 1477//1139 1607//1139
f 1607//1140 1477//1140 1608//1140
f 1477//1141 1478//1141 1608//1141
f 1476//13 1606//13 1585//13
f 1606//326 1587//326 1585//326
f 1546//13 1544//13 1604//13
f 1546//471 1604//471 1545//471
f 1604//471 1605//471 1545//471
f 1494//7 1496//7 1498//7
f 1573//7 1600//7 1574//7
f 1600//7 1609//7 1574//7
f 1574//317 1609//317 1610//317
f 1545//326 1605//326 1548//326
f 1605//13 1611//13 1548//13
f 1497//7 1495//7 1612//7
f 1495//7 1601//7 1612//7
f 1612//1142 1601//1142 1602//1142
f 1226//1143 1342//1143 1563//1143
f 1342//1144 1603//1144 1563//1144
f 1524//1145 1560//1145 1522//1145
f 1560//1146 1309//1146 1522//1146
f 1522//1147 1309//1147 1311//1147
f 1560//1148 1524//1148 1473//1148
f 1524//1149 1525//1149 1473//1149
f 1473//1150 1525//1150 1478//1150
f 1525//1151 1613//1151 1478//1151
f 1478//1152 1613//1152 1614//1152
f 1615//13 1587//13 1606//13
f 1587//767 1615//767 1586//767
f 1615//767 1588//767 1586//767
f 1616//1153 1606//1153 1617//1153
f 1606//1153 1607//1153 1617//1153
f 1617//1153 1607//1153 1618//1153
f 1606//13 1616//13 1615//13
f 1616//13 1619//13 1615//13
f 1620//7 1599//7 1504//7
f 1599//767 1620//767 1600//767
f 1620//767 1609//767 1600//767
f 1576//7 1574//7 1610//7
f 1605//13 1583//13 1611//13
f 1583//13 1581//13 1611//13
f 1611//13 1581//13 1582//13
f 1548//1154 1611//1154 1550//1154
f 1611//1155 1621//1155 1550//1155
f 1550//1156 1621//1156 1552//1156
f 1621//1157 1622//1157 1552//1157
f 1499//317 1497//317 1612//317
f 1623//1158 1612//1158 1624//1158
f 1612//1159 1602//1159 1624//1159
f 1624//1160 1602//1160 1625//1160
f 1602//1161 1603//1161 1625//1161
f 1612//7 1623//7 1499//7
f 1623//7 1501//7 1499//7
f 1615//962 1619//962 1588//962
f 1619//961 1589//961 1588//961
f 1626//317 1620//317 1504//317
f 1620//962 1626//962 1609//962
f 1626//961 1610//961 1609//961
f 1627//13 1611//13 1582//13
f 1611//1162 1627//1162 1621//1162
f 1627//1163 1628//1163 1621//1163
f 1621//1164 1628//1164 1622//1164
f 1628//1165 1629//1165 1622//1165
f 1630//13 1619//13 1616//13
f 1619//680 1630//680 1589//680
f 1630//681 1592//681 1589//681
f 1631//1166 1616//1166 1632//1166
f 1616//1166 1617//1166 1632//1166
f 1632//1166 1617//1166 1633//1166
f 1617//1167 1618//1167 1633//1167
f 1616//13 1631//13 1634//13
f 1631//13 1635//13 1634//13
f 1589//13 1592//13 1569//13
f 1636//7 1626//7 1504//7
f 1626//680 1636//680 1610//680
f 1636//681 1637//681 1610//681
f 1610//7 1637//7 1576//7
f 1637//7 1638//7 1576//7
f 1576//317 1638//317 1639//317
f 1503//7 1501//7 1640//7
f 1501//7 1623//7 1640//7
f 1640//1168 1623//1168 1641//1168
f 1623//1169 1624//1169 1641//1169
f 1641//1170 1624//1170 1642//1170
f 1624//1171 1625//1171 1642//1171
f 1342//1172 1343//1172 1603//1172
f 1343//1173 1625//1173 1603//1173
f 1643//13 1630//13 1616//13
f 1630//779 1643//779 1592//779
f 1643//779 1594//779 1592//779
f 1644//7 1636//7 1515//7
f 1636//7 1514//7 1515//7
f 1636//779 1644//779 1637//779
f 1644//779 1638//779 1637//779
f 1578//7 1576//7 1639//7
f 1582//13 1596//13 1627//13
f 1596//13 1645//13 1627//13
f 1627//13 1645//13 1646//13
f 1505//7 1503//7 1640//7
f 1647//1174 1640//1174 1648//1174
f 1640//1175 1641//1175 1648//1175
f 1648//1176 1641//1176 1649//1176
f 1641//1177 1642//1177 1649//1177
f 1640//7 1647//7 1505//7
f 1647//317 1507//317 1505//317
f 1634//13 1643//13 1616//13
f 1643//900 1634//900 1594//900
f 1634//782 1595//782 1594//782
f 1591//331 1593//331 1650//331
f 1593//713 1651//713 1650//713
f 1650//713 1651//713 1652//713
f 1651//808 1653//808 1652//808
f 1652//712 1653//712 1635//712
f 1653//697 1595//697 1635//697
f 1635//697 1595//697 1634//697
f 1654//486 1591//486 1655//486
f 1591//486 1656//486 1655//486
f 1591//804 1654//804 1657//804
f 1651//643 1593//643 1653//643
f 1593//326 1595//326 1653//326
f 1658//7 1644//7 1515//7
f 1644//900 1658//900 1638//900
f 1658//782 1639//782 1638//782
f 1512//7 1514//7 1510//7
f 1659//713 1515//713 1660//713
f 1515//713 1661//713 1660//713
f 1515//7 1659//7 1662//7
f 1663//13 1590//13 1591//13
f 1590//923 1663//923 1596//923
f 1663//754 1645//754 1596//754
f 1664//13 1627//13 1646//13
f 1627//1178 1664//1178 1628//1178
f 1664//1179 1665//1179 1628//1179
f 1628//1180 1665//1180 1666//1180
f 1665//1181 1667//1181 1666//1181
f 1666//1182 1667//1182 1668//1182
f 1667//1183 1669//1183 1668//1183
f 1668//1184 1669//1184 1670//1184
f 1662//7 1658//7 1515//7
f 1658//697 1662//697 1639//697
f 1662//697 1671//697 1639//697
f 1639//317 1671//317 1578//317
f 1671//7 1660//7 1578//7
f 1578//7 1660//7 1579//7
f 1660//7 1661//7 1579//7
f 1579//7 1661//7 1672//7
f 1661//7 1673//7 1672//7
f 1657//13 1663//13 1591//13
f 1663//482 1657//482 1645//482
f 1657//482 1646//482 1645//482
f 1509//7 1507//7 1674//7
f 1507//317 1647//317 1674//317
f 1674//1185 1647//1185 1648//1185
f 1652//13 1635//13 1631//13
f 1675//1186 1631//1186 1676//1186
f 1631//1187 1632//1187 1676//1187
f 1676//1186 1632//1186 1677//1186
f 1632//1186 1633//1186 1677//1186
f 1631//13 1675//13 1650//13
f 1675//13 1678//13 1650//13
f 1650//13 1678//13 1679//13
f 1662//712 1659//712 1671//712
f 1659//808 1660//808 1671//808
f 1657//484 1654//484 1646//484
f 1654//781 1655//781 1646//781
f 1646//13 1655//13 1664//13
f 1655//13 1656//13 1664//13
f 1664//13 1656//13 1665//13
f 1656//13 1667//13 1665//13
f 1511//317 1509//317 1680//317
f 1509//317 1674//317 1680//317
f 1680//1188 1674//1188 1681//1188
f 1674//1189 1648//1189 1681//1189
f 1681//1190 1648//1190 1682//1190
f 1648//1191 1683//1191 1682//1191
f 1650//13 1652//13 1631//13
f 1513//7 1511//7 1684//7
f 1511//7 1680//7 1684//7
f 1684//1192 1680//1192 1685//1192
f 1680//1193 1681//1193 1685//1193
f 1685//1194 1681//1194 1686//1194
f 1681//1195 1682//1195 1686//1195
f 1656//13 1650//13 1687//13
f 1650//13 1688//13 1687//13
f 1650//331 1656//331 1591//331
f 1513//331 1661//331 1515//331
f 1661//7 1513//7 1689//7
f 1513//7 1690//7 1689//7
f 1579//1196 1672//1196 1691//1196
f 1672//1197 1692//1197 1691//1197
f 1691//1198 1692//1198 1693//1198
f 1692//1199 1694//1199 1693//1199
f 1695//1200 1684//1200 1696//1200
f 1684//1201 1685//1201 1696//1201
f 1696//1202 1685//1202 1697//1202
f 1685//1203 1686//1203 1697//1203
f 1684//7 1695//7 1513//7
f 1695//7 1698//7 1513//7
f 1513//7 1698//7 1699//7
f 1687//1204 1688//1204 1700//1204
f 1688//1205 1701//1205 1700//1205
f 1700//1206 1701//1206 1702//1206
f 1701//1207 1703//1207 1702//1207
f 1704//1208 1687//1208 1705//1208
f 1687//1209 1700//1209 1705//1209
f 1705//1210 1700//1210 1706//1210
f 1700//1211 1702//1211 1706//1211
f 1687//13 1704//13 1656//13
f 1704//13 1707//13 1656//13
f 1656//13 1707//13 1670//13
f 1678//1212 1675//1212 1708//1212
f 1675//1213 1676//1213 1708//1213
f 1708//1213 1676//1213 1709//1213
f 1676//1214 1677//1214 1709//1214
f 1679//1215 1678//1215 1708//1215
f 1710//1216 1679//1216 1711//1216
f 1679//1217 1708//1217 1711//1217
f 1711//1218 1708//1218 1712//1218
f 1708//1219 1709//1219 1712//1219
f 1679//13 1710//13 1650//13
f 1710//13 1713//13 1650//13
f 1650//13 1713//13 1714//13
f 1713//1220 1710//1220 1715//1220
f 1710//1221 1711//1221 1715//1221
f 1715//1222 1711//1222 1716//1222
f 1711//1223 1712//1223 1716//1223
f 1714//1224 1713//1224 1701//1224
f 1713//1225 1715//1225 1701//1225
f 1701//1226 1715//1226 1717//1226
f 1715//1227 1716//1227 1717//1227
f 1688//1228 1714//1228 1701//1228
f 1714//13 1688//13 1650//13
f 1689//1229 1690//1229 1718//1229
f 1690//1230 1719//1230 1718//1230
f 1718//1231 1719//1231 1720//1231
f 1719//1232 1721//1232 1720//1232
f 1722//1233 1689//1233 1723//1233
f 1689//1234 1718//1234 1723//1234
f 1723//1235 1718//1235 1724//1235
f 1718//1236 1720//1236 1724//1236
f 1689//7 1722//7 1661//7
f 1722//7 1725//7 1661//7
f 1661//7 1725//7 1726//7
f 1672//1237 1673//1237 1692//1237
f 1673//1238 1727//1238 1692//1238
f 1692//1239 1727//1239 1694//1239
f 1727//1240 1728//1240 1694//1240
f 1729//7 1673//7 1661//7
f 1673//1241 1729//1241 1727//1241
f 1729//1242 1730//1242 1727//1242
f 1727//1243 1730//1243 1728//1243
f 1730//1244 1731//1244 1728//1244
f 1732//7 1729//7 1661//7
f 1729//1245 1732//1245 1730//1245
f 1732//1246 1733//1246 1730//1246
f 1730//1247 1733//1247 1731//1247
f 1733//1248 1734//1248 1731//1248
f 1735//7 1732//7 1661//7
f 1732//1249 1735//1249 1733//1249
f 1735//1250 1736//1250 1733//1250
f 1733//1251 1736//1251 1734//1251
f 1736//1252 1737//1252 1734//1252
f 1738//7 1735//7 1661//7
f 1735//1253 1738//1253 1736//1253
f 1738//1254 1739//1254 1736//1254
f 1736//1255 1739//1255 1737//1255
f 1739//1256 1740//1256 1737//1256
f 1726//317 1738//317 1661//317
f 1738//1257 1726//1257 1739//1257
f 1726//1258 1741//1258 1739//1258
f 1739//1259 1741//1259 1740//1259
f 1741//1260 1742//1260 1740//1260
f 1726//1261 1725//1261 1741//1261
f 1725//1262 1743//1262 1741//1262
f 1741//1263 1743//1263 1742//1263
f 1743//1264 1744//1264 1742//1264
f 1725//1265 1722//1265 1743//1265
f 1722//1266 1723//1266 1743//1266
f 1743//1267 1723//1267 1744//1267
f 1723//1268 1724//1268 1744//1268
f 1669//13 1667//13 1656//13
f 1670//13 1669//13 1656//13
f 1670//1269 1707//1269 1745//1269
f 1707//1270 1746//1270 1745//1270
f 1745//1271 1746//1271 1747//1271
f 1746//1272 1748//1272 1747//1272
f 1707//1273 1704//1273 1746//1273
f 1704//1274 1705//1274 1746//1274
f 1746//1275 1705//1275 1748//1275
f 1705//1276 1706//1276 1748//1276
f 1698//1277 1695//1277 1749//1277
f 1695//1278 1696//1278 1749//1278
f 1749//1279 1696//1279 1750//1279
f 1696//1280 1697//1280 1750//1280
f 1699//1281 1698//1281 1751//1281
f 1698//1282 1749//1282 1751//1282
f 1751//1283 1749//1283 1752//1283
f 1749//1284 1750//1284 1752//1284
f 1753//1285 1699//1285 1751//1285
f 1699//7 1753//7 1513//7
f 1753//7 1754//7 1513//7
f 1513//7 1754//7 1755//7
f 1754//1286 1753//1286 1756//1286
f 1753//1287 1751//1287 1756//1287
f 1756//1288 1751//1288 1757//1288
f 1751//1289 1758//1289 1757//1289
f 1755//1290 1754//1290 1759//1290
f 1754//1291 1756//1291 1759//1291
f 1759//1292 1756//1292 1760//1292
f 1756//1293 1757//1293 1760//1293
f 1761//1294 1755//1294 1759//1294
f 1755//7 1761//7 1513//7
f 1761//7 1762//7 1513//7
f 1513//7 1762//7 1763//7
f 1762//1295 1761//1295 1764//1295
f 1761//1296 1759//1296 1764//1296
f 1764//1297 1759//1297 1765//1297
f 1759//1298 1766//1298 1765//1298
f 1763//1299 1762//1299 1767//1299
f 1762//1300 1764//1300 1767//1300
f 1767//1301 1764//1301 1768//1301
f 1764//1302 1765//1302 1768//1302
f 1690//1303 1763//1303 1769//1303
f 1763//1304 1767//1304 1769//1304
f 1769//1305 1767//1305 1721//1305
f 1767//1306 1768//1306 1721//1306
f 1763//7 1690//7 1513//7
f 1343//1307 1403//1307 1625//1307
f 1403//1308 1642//1308 1625//1308
f 1403//1309 1409//1309 1642//1309
f 1409//1310 1649//1310 1642//1310
f 1613//1129 1525//1129 1523//1129
f 1409//1311 1410//1311 1649//1311
f 1410//1312 1683//1312 1649//1312
f 1608//1313 1478//1313 1614//1313
f 1649//1314 1683//1314 1648//1314
f 1410//1315 1416//1315 1683//1315
f 1416//1316 1682//1316 1683//1316
f 1614//1317 1613//1317 1575//1317
f 1613//1318 1523//1318 1575//1318
f 1607//1319 1608//1319 1770//1319
f 1608//1320 1614//1320 1770//1320
f 1618//1321 1607//1321 1771//1321
f 1607//1322 1770//1322 1771//1322
f 1416//1323 1430//1323 1682//1323
f 1430//1324 1686//1324 1682//1324
f 1770//1325 1614//1325 1577//1325
f 1614//1326 1575//1326 1577//1326
f 1430//1327 1448//1327 1686//1327
f 1448//1328 1697//1328 1686//1328
f 1693//1329 1771//1329 1691//1329
f 1771//1330 1579//1330 1691//1330
f 1771//1331 1693//1331 1618//1331
f 1693//1332 1633//1332 1618//1332
f 1771//1333 1770//1333 1579//1333
f 1770//1334 1577//1334 1579//1334
f 1448//1335 1555//1335 1697//1335
f 1555//1336 1750//1336 1697//1336
f 1555//1337 1551//1337 1750//1337
f 1551//1338 1752//1338 1750//1338
f 1551//1339 1552//1339 1752//1339
f 1552//1340 1758//1340 1752//1340
f 1752//1341 1758//1341 1751//1341
f 1552//1342 1622//1342 1758//1342
f 1622//1343 1757//1343 1758//1343
f 1622//1344 1629//1344 1757//1344
f 1629//1345 1760//1345 1757//1345
f 1693//1346 1694//1346 1633//1346
f 1694//1347 1677//1347 1633//1347
f 1772//1348 1629//1348 1628//1348
f 1629//1349 1772//1349 1760//1349
f 1772//1350 1766//1350 1760//1350
f 1694//1351 1728//1351 1677//1351
f 1728//1352 1709//1352 1677//1352
f 1760//1353 1766//1353 1759//1353
f 1773//1354 1772//1354 1666//1354
f 1772//1355 1628//1355 1666//1355
f 1772//1356 1773//1356 1766//1356
f 1773//1357 1765//1357 1766//1357
f 1728//1358 1731//1358 1709//1358
f 1731//1359 1712//1359 1709//1359
f 1774//1360 1773//1360 1668//1360
f 1773//1361 1666//1361 1668//1361
f 1773//1362 1774//1362 1765//1362
f 1774//1363 1768//1363 1765//1363
f 1731//1364 1734//1364 1712//1364
f 1734//1365 1716//1365 1712//1365
f 1775//1366 1774//1366 1668//1366
f 1774//1367 1775//1367 1768//1367
f 1775//1368 1721//1368 1768//1368
f 1734//1369 1737//1369 1716//1369
f 1737//1370 1717//1370 1716//1370
f 1747//1371 1775//1371 1745//1371
f 1775//1372 1668//1372 1745//1372
f 1745//1373 1668//1373 1670//1373
f 1775//1374 1747//1374 1721//1374
f 1747//1375 1720//1375 1721//1375
f 1737//1376 1740//1376 1717//1376
f 1740//1377 1703//1377 1717//1377
f 1747//1378 1748//1378 1720//1378
f 1748//1379 1724//1379 1720//1379
f 1717//1380 1703//1380 1701//1380
f 1740//1381 1742//1381 1703//1381
f 1742//1382 1702//1382 1703//1382
f 1748//1383 1706//1383 1724//1383
f 1706//1384 1744//1384 1724//1384
f 1742//1385 1744//1385 1702//1385
f 1744//1386 1706//1386 1702//1386
f 120//1387 126//1387 124//1387
f 130//1388 213//1388 132//1388
f 129//1389 131//1389 230//1389
f 131//1390 237//1390 230//1390
f 230//1391 237//1391 183//1391
f 152//1392 271//1392 154//1392
f 272//1393 297//1393 1776//1393
f 297//131 277//131 1776//131
f 1776//131 277//131 276//131
f 276//1394 272//1394 1776//1394
f 305//1395 292//1395 302//1395
f 307//1396 306//1396 299//1396
f 293//1397 294//1397 312//1397
f 294//1398 145//1398 312//1398
f 312//1399 145//1399 147//1399
f 310//1400 311//1400 361//1400
f 151//1401 153//1401 394//1401
f 153//1402 157//1402 394//1402
f 394//1403 157//1403 393//1403
f 157//1404 159//1404 393//1404
f 391//1405 440//1405 390//1405
f 440//1405 438//1405 390//1405
f 390//1405 438//1405 389//1405
f 438//1405 436//1405 389//1405
f 389//1406 436//1406 388//1406
f 275//1407 319//1407 304//1407
f 280//1408 282//1408 445//1408
f 282//1409 284//1409 445//1409
f 445//1408 284//1408 444//1408
f 284//1410 286//1410 444//1410
f 444//1411 286//1411 288//1411
f 378//1412 380//1412 511//1412
f 380//1412 382//1412 511//1412
f 511//1413 382//1413 510//1413
f 382//1414 384//1414 510//1414
f 510//1415 384//1415 386//1415
f 221//13 577//13 460//13
f 570//1416 575//1416 603//1416
f 575//1416 574//1416 603//1416
f 603//1416 574//1416 602//1416
f 574//1416 573//1416 602//1416
f 602//1417 573//1417 572//1417
f 657//317 427//317 431//317
f 69//24 71//24 73//24
f 611//13 753//13 702//13
f 201//1418 202//1418 208//1418
f 825//317 769//317 815//317
f 680//705 682//705 678//705
f 925//13 880//13 928//13
f 807//13 848//13 828//13
f 1033//317 960//317 1014//317
f 1141//13 1138//13 1073//13
f 1141//13 1166//13 1161//13
f 1161//13 1202//13 1172//13
f 1319//13 1250//13 1322//13
f 1000//1419 1002//1419 1004//1419
f 1293//317 1418//317 1287//317
f 1436//13 1542//13 1547//13
f 1303//992 1300//992 1304//992
f 1470//13 1538//13 1531//13
f 1636//317 1504//317 1514//317
f 1551//1420 1554//1420 1549//1420
f 1554//1421 1547//1421 1549//1421
f 1721//1422 1719//1422 1769//1422
f 1719//1423 1690//1423 1769//1423
f 143//1424 145//1424 294//1424
f 311//1425 313//1425 361//1425
f 157//1426 153//1426 155//1426
f 4//7 2//7 28//7
f 25//7 8//7 6//7
f 28//7 27//7 4//7
f 27//7 32//7 4//7
f 4//7 32//7 6//7
f 32//7 26//7 6//7
f 6//7 26//7 25//7
f 14//331 12//331 25//331
f 12//331 10//331 25//331
f 25//331 10//331 8//331
f 10//331 7//331 8//331
f 5//13 7//13 10//13
f 1777//13 1//13 3//13
f 10//13 9//13 5//13
f 9//13 58//13 5//13
f 5//13 58//13 3//13
f 58//13 57//13 3//13
f 3//13 57//13 1777//13
f 3//331 4//331 5//331
f 4//331 6//331 5//331
f 52//11 1778//11 54//11
f 1778//11 1777//11 54//11
f 54//11 1777//11 57//11
f 28//331 2//331 1//331
f 30//331 28//331 1778//331
f 28//331 1//331 1778//331
f 1778//331 1//331 1777//331
f 1778//10 52//10 50//10
f 50//10 48//10 1778//10
f 48//10 47//10 1778//10
f 1778//10 47//10 30//10
f 47//10 45//10 30//10
f 30//10 45//10 43//10
f 43//10 41//10 30//10
f 41//10 38//10 30//10
f 30//10 38//10 31//10
