# Blender 5.2.2 LTS
# www.blender.org
mtllib Untitled.mtl
o Untitled
v -1.763198 0.629227 0.463839
v -1.763198 0.629227 0.463839
v -1.711529 0.650711 0.485346
v -1.711529 0.658594 0.473415
v -1.746641 0.613909 0.488236
v -1.753681 0.652195 0.422322
v -1.753681 0.652195 0.422322
v -1.815731 0.604863 0.427963
v -1.815731 0.595767 0.441729
v -1.799648 0.586550 0.465124
v -1.799648 0.586550 0.465124
v -1.800285 0.623888 0.403618
v -1.658217 0.679874 0.497305
v -1.654933 0.661925 0.514930
v -1.700231 0.636016 0.502844
v -1.656045 0.686069 0.481622
v -1.697864 0.697896 0.381084
v -1.589321 0.707694 0.515687
v -1.587149 0.693491 0.530874
v -1.874160 0.561790 0.409450
v -1.865034 0.551209 0.427029
v -1.830754 0.613472 0.367130
v -1.867399 0.580769 0.375126
v -1.786288 0.654588 0.337724
v -1.786288 0.654588 0.337724
v -1.736454 0.684256 0.344983
v -1.736454 0.684256 0.344983
v -1.751230 0.582636 0.499574
v -1.698977 0.609852 0.517558
v -1.582365 0.743822 0.433605
v -1.645136 0.721326 0.396566
v -1.864363 0.519258 0.445351
v -1.821485 0.529426 0.474243
v -1.821485 0.529426 0.474243
v -1.821485 0.529426 0.474243
v -1.645136 0.627276 0.538900
v -1.580193 0.659330 0.555166
v -1.508489 0.726591 0.547831
v -1.509548 0.737047 0.535083
v -1.506318 0.752025 0.503030
v -1.907048 0.530009 0.398278
v -1.905988 0.547889 0.368142
v -1.502560 0.697378 0.567962
v -1.905793 0.501585 0.416413
v -1.863694 0.595325 0.335482
v -1.911247 0.558360 0.311056
v -1.820372 0.634448 0.312071
v -1.734671 0.546569 0.520090
v -1.734671 0.546569 0.520090
v -1.795272 0.510972 0.496569
v -1.795272 0.510972 0.496569
v -1.684115 0.571799 0.539159
v -1.684115 0.571799 0.539159
v -1.947028 0.508249 0.364123
v -1.945916 0.497667 0.376908
v -1.688458 0.711290 0.340673
v -1.688458 0.711290 0.340673
v -1.422983 0.760576 0.557942
v -1.421924 0.773880 0.534731
v -1.941964 0.521769 0.336140
v -1.419363 0.734292 0.580008
v -1.779138 0.664059 0.309464
v -1.779138 0.664059 0.309464
v -1.779138 0.664059 0.309464
v -1.565331 0.621277 0.576767
v -1.565331 0.621277 0.576767
v -1.630328 0.590397 0.558879
v -1.630328 0.590397 0.558879
v -1.571508 0.766692 0.367452
v -1.571508 0.766692 0.367452
v -1.635729 0.736982 0.352734
v -1.635729 0.736982 0.352734
v -1.493822 0.796730 0.392215
v -1.892908 0.582505 0.277749
v -1.730999 0.689426 0.321311
v -1.730999 0.689426 0.321311
v -1.407342 0.826997 0.404783
v -1.869200 0.479596 0.456060
v -1.869200 0.479596 0.456060
v -1.908211 0.463992 0.431006
v -1.908211 0.463992 0.431006
v -1.493432 0.660316 0.590337
v -1.984701 0.469889 0.348724
v -1.983588 0.483177 0.325383
v -1.948055 0.468577 0.392206
v -1.844770 0.620330 0.270740
v -1.844770 0.620330 0.270740
v -1.770452 0.667172 0.279518
v -1.681943 0.715044 0.316065
v -1.966641 0.509346 0.278669
v -1.410820 0.692600 0.604238
v -1.953119 0.530269 0.235801
v -1.566054 0.769601 0.347200
v -1.566054 0.769601 0.347200
v -1.332550 0.793334 0.562448
v -1.329320 0.772037 0.585292
v -1.318021 0.854460 0.420532
v -1.714688 0.514644 0.538429
v -1.764328 0.478366 0.519372
v -1.637088 0.542379 0.566584
v -1.987119 0.432351 0.363234
v -2.020286 0.437734 0.317529
v -2.013915 0.429891 0.332123
v -1.950947 0.414022 0.405419
v -1.950947 0.414022 0.405419
v -1.489480 0.802284 0.371193
v -1.489480 0.802284 0.371193
v -2.006958 0.459590 0.295054
v -1.918502 0.563799 0.211212
v -1.918502 0.563799 0.211212
v -1.839704 0.453337 0.480659
v -1.740178 0.680134 0.263392
v -1.621590 0.740743 0.305958
v -1.899916 0.419589 0.446014
v -1.899916 0.419589 0.446014
v -1.837813 0.622499 0.240051
v -1.837813 0.622499 0.240051
v -1.565104 0.576997 0.586941
v -1.324060 0.737048 0.608917
v -1.488668 0.614172 0.604194
v -1.488668 0.614172 0.604194
v -1.512181 0.784178 0.302536
v -1.402577 0.648267 0.619292
v -1.402577 0.648267 0.619292
v -1.994795 0.483809 0.237105
v -1.404111 0.831721 0.388247
v -1.404111 0.831721 0.388247
v -1.445065 0.808754 0.323809
v -1.234966 0.803919 0.586581
v -1.237775 0.813563 0.573297
v -2.042069 0.397518 0.300904
v -2.031356 0.430752 0.275999
v -2.046131 0.402434 0.284375
v -2.022424 0.383320 0.335870
v -1.987755 0.376040 0.372890
v -1.825845 0.621224 0.207206
v -1.894071 0.575070 0.186538
v -1.661290 0.713519 0.258364
v -1.770699 0.652403 0.217980
v -1.720779 0.474719 0.539136
v -1.666270 0.495715 0.560321
v -1.232320 0.782457 0.604522
v -1.968583 0.511830 0.189098
v -1.795292 0.434137 0.507406
v -1.862933 0.402812 0.469447
v -1.313678 0.682863 0.632323
v -1.947436 0.365354 0.412694
v -1.947436 0.365354 0.412694
v -1.581571 0.512539 0.591214
v -1.942424 0.528565 0.158325
v -1.942424 0.528565 0.158325
v -1.314737 0.858011 0.405619
v -1.314737 0.858011 0.405619
v -1.374916 0.831965 0.324284
v -1.901274 0.368874 0.442108
v -1.500213 0.557370 0.611009
v -2.019140 0.453743 0.219755
v -2.055363 0.395474 0.223083
v -2.004084 0.470568 0.171782
v -1.225221 0.732715 0.630745
v -1.696543 0.688640 0.229579
v -1.528120 0.766106 0.263507
v -1.426336 0.581685 0.627075
v -1.426336 0.581685 0.627075
v -2.063378 0.362669 0.267928
v -2.045989 0.351329 0.304783
v -1.879263 0.567629 0.161964
v -2.065160 0.371940 0.251881
v -1.757671 0.642932 0.194462
v -2.016826 0.330605 0.342868
v -2.016826 0.330605 0.342868
v -1.736719 0.433989 0.534397
v -1.685297 0.445927 0.557027
v -1.224305 0.874946 0.434069
v -1.133429 0.828297 0.585550
v -1.120986 0.887847 0.452422
v -1.433767 0.806222 0.287617
v -1.132954 0.810950 0.603573
v -1.841505 0.382410 0.480538
v -1.777869 0.396134 0.514297
v -1.636242 0.456827 0.574058
v -2.045567 0.410662 0.171631
v -1.980376 0.325354 0.378832
v -1.980376 0.325354 0.378832
v -1.988444 0.480722 0.139058
v -1.988444 0.480722 0.139058
v -1.576700 0.734036 0.235004
v -1.222133 0.879983 0.420138
v -1.222133 0.879983 0.420138
v -1.298232 0.854520 0.341705
v -1.306019 0.636161 0.645812
v -1.306019 0.636161 0.645812
v -1.129529 0.778466 0.621542
v -1.929344 0.330923 0.419428
v -1.931126 0.516937 0.135899
v -1.981292 0.478836 0.127983
v -1.742420 0.627069 0.174152
v -1.722579 0.404895 0.537346
v -1.522913 0.518114 0.609641
v -1.564732 0.471008 0.598291
v -2.081542 0.329082 0.223561
v -2.075892 0.350650 0.188550
v -2.065601 0.320726 0.267302
v -2.039722 0.304390 0.308286
v -2.029203 0.427735 0.133530
v -1.870135 0.349303 0.458661
v -1.419153 0.793740 0.257195
v -1.452321 0.522650 0.629898
v -1.219345 0.681668 0.648793
v -1.865792 0.550839 0.141041
v -1.795342 0.369701 0.499228
v -1.118815 0.896302 0.433318
v -1.118815 0.896302 0.433318
v -1.672218 0.420508 0.557491
v -1.359274 0.823630 0.284257
v -1.287570 0.849689 0.303993
v -1.167396 0.885787 0.372194
v -1.564732 0.721459 0.219262
v -2.005053 0.294794 0.348810
v -2.005053 0.294794 0.348810
v -1.126298 0.736366 0.640588
v -1.355991 0.580093 0.643283
v -1.355991 0.580093 0.643283
v -1.378165 0.532460 0.646208
v -1.029246 0.830221 0.603961
v -1.030359 0.839590 0.593012
v -2.019159 0.430969 0.113493
v -2.019159 0.430969 0.113493
v -1.624274 0.432894 0.575503
v -1.507662 0.485273 0.615028
v -1.967738 0.302733 0.383542
v -1.027270 0.802983 0.625396
v -2.063677 0.370223 0.137479
v -1.972080 0.466792 0.112593
v -1.906466 0.492970 0.107717
v -1.883181 0.317056 0.439871
v -1.929201 0.301318 0.407298
v -1.829784 0.333860 0.470631
v -1.160297 0.881361 0.329835
v -1.756103 0.358005 0.508759
v -1.679421 0.391110 0.545497
v -1.839685 0.521627 0.109393
v -1.693188 0.606971 0.146129
v -2.075417 0.293204 0.231976
v -2.051182 0.272550 0.277419
v -2.051182 0.272550 0.277419
v -1.214527 0.637713 0.659183
v -1.214527 0.637713 0.659183
v -1.267112 0.560917 0.667529
v -1.267112 0.560917 0.667529
v -1.553876 0.450876 0.597214
v -1.488068 0.720840 0.201593
v -2.093087 0.302877 0.184071
v -2.089856 0.288360 0.196653
v -2.023359 0.267802 0.316112
v -2.023359 0.267802 0.316112
v -2.054992 0.376753 0.102360
v -2.054992 0.376753 0.102360
v -1.023649 0.754791 0.645332
v -2.093333 0.304280 0.133339
v -1.991972 0.269375 0.349274
v -1.951708 0.267856 0.375359
v -1.613365 0.414897 0.571043
v -1.348365 0.815832 0.264362
v -1.278358 0.841007 0.283514
v -1.436010 0.490654 0.630929
v -1.366002 0.787836 0.238431
v -1.020172 0.900896 0.463441
v -1.122149 0.683216 0.659645
v -1.492410 0.458055 0.611906
v -1.019644 0.911759 0.438617
v -1.019644 0.911759 0.438617
v -2.010084 0.418896 0.098205
v -2.045390 0.379368 0.091742
v -2.045390 0.379368 0.091742
v -1.932113 0.429771 0.073388
v -1.891268 0.266421 0.406412
v -1.850118 0.277849 0.431224
v -1.802564 0.290647 0.456940
v -1.150694 0.872268 0.301653
v -1.731056 0.319954 0.493565
v -1.642827 0.373290 0.543550
v -1.553733 0.421273 0.585084
v -2.085955 0.314036 0.083093
v -2.085955 0.314036 0.083093
v -1.009900 0.907428 0.381579
v -1.021640 0.709180 0.659541
v -0.922978 0.843863 0.598233
v -0.912705 0.908576 0.463602
v -2.072238 0.248618 0.219654
v -1.267697 0.825979 0.261238
v -0.923562 0.832397 0.610433
v -2.106380 0.265659 0.159479
v -2.033812 0.236878 0.280936
v -2.033812 0.236878 0.280936
v -2.007048 0.240326 0.310303
v -1.974602 0.241641 0.340777
v -1.854480 0.473497 0.077590
v -1.327712 0.518540 0.654270
v -1.958239 0.393153 0.063935
v -1.144375 0.861884 0.284963
v -0.923419 0.771093 0.646276
v -0.922308 0.802871 0.630237
v -2.101454 0.254287 0.169224
v -2.085955 0.243802 0.189384
v -2.085955 0.243802 0.189384
v -2.078135 0.315722 0.071861
v -2.078135 0.315722 0.071861
v -1.421870 0.467237 0.625285
v -1.109089 0.596087 0.683337
v -1.109089 0.596087 0.683337
v -1.488899 0.424161 0.596822
v -1.901117 0.234317 0.377768
v -2.056987 0.321127 0.065604
v -1.988955 0.353950 0.057687
v -1.777269 0.516363 0.091172
v -1.622120 0.606268 0.130802
v -1.581413 0.364366 0.547482
v -1.405506 0.722998 0.190674
v -1.246126 0.795212 0.231080
v -1.004692 0.898179 0.331119
v -0.905997 0.917020 0.410091
v -0.905997 0.917020 0.410091
v -0.910535 0.916975 0.444581
v -0.910535 0.916975 0.444581
v -1.676156 0.318632 0.504917
v -2.113193 0.256247 0.108912
v -1.176398 0.553900 0.675238
v -2.122125 0.225099 0.132678
v -2.016142 0.215202 0.276441
v -1.949555 0.204803 0.323747
v -1.965162 0.189486 0.293969
v -1.816385 0.228247 0.408277
v -1.863463 0.213925 0.376639
v -1.122468 0.829620 0.248901
v -0.920103 0.733613 0.658426
v -2.057571 0.216769 0.218386
v -2.057571 0.216769 0.218386
v -1.907455 0.205243 0.348728
v -1.307006 0.486347 0.642826
v -1.403336 0.440206 0.612338
v -1.768831 0.242202 0.432240
v -2.083113 0.204022 0.177961
v -2.083113 0.204022 0.177961
v -2.117977 0.205158 0.136761
v -2.117977 0.205158 0.136761
v -1.503779 0.375987 0.564990
v -0.996924 0.887126 0.304039
v -2.069839 0.203345 0.189740
v -2.069839 0.203345 0.189740
v -2.103396 0.270333 0.059129
v -2.103396 0.270333 0.059129
v -0.815706 0.836303 0.607980
v -0.815706 0.844186 0.596049
v -0.815563 0.808207 0.628848
v -1.876068 0.424410 0.052586
v -1.911180 0.375956 0.037829
v -2.075930 0.278219 0.051994
v -0.905716 0.910103 0.363570
v -1.816385 0.459403 0.058449
v -2.125461 0.222371 0.111219
v -1.691867 0.265322 0.462380
v -1.620411 0.280788 0.484825
v -1.007357 0.601395 0.689361
v -1.007357 0.601395 0.689361
v -0.922716 0.688663 0.670675
v -0.817982 0.768354 0.646863
v -2.040676 0.191662 0.214142
v -1.974588 0.161607 0.250856
v -1.757091 0.495964 0.070262
v -1.600746 0.583271 0.110692
v -0.982504 0.863868 0.276446
v -2.012293 0.297270 0.042409
v -2.027122 0.275803 0.040570
v -2.128852 0.197594 0.109590
v -1.286353 0.743157 0.194166
v -0.806632 0.911498 0.460618
v -1.284767 0.452317 0.622857
v -1.376116 0.403830 0.588301
v -0.802873 0.919202 0.431190
v -0.802873 0.919202 0.431190
v -1.115037 0.531078 0.665072
v -2.110794 0.253225 0.050341
v -2.127156 0.212040 0.089649
v -2.104033 0.256326 0.040045
v -2.104033 0.256326 0.040045
v -2.096881 0.171747 0.154118
v -2.096881 0.171747 0.154118
v -2.108427 0.154989 0.135613
v -2.108427 0.154989 0.135613
v -2.074148 0.176807 0.172204
v -1.929732 0.329219 0.021689
v -1.082135 0.765327 0.194073
v -0.969704 0.582160 0.686480
v -2.051551 0.165611 0.179668
v -1.906641 0.169764 0.315456
v -1.536101 0.307119 0.509655
v -0.899449 0.896021 0.317348
v -2.111658 0.241248 0.049739
v -2.074148 0.261761 0.043636
v -0.801424 0.914709 0.391304
v -2.124510 0.192894 0.104086
v -2.122814 0.206237 0.085815
v -1.874780 0.159317 0.323296
v -1.848849 0.390294 0.025129
v -2.018384 0.155356 0.197464
v -2.099885 0.244323 0.032114
v -2.099885 0.244323 0.032114
v -2.077288 0.245641 0.020639
v -2.077288 0.245641 0.020639
v -1.831902 0.170587 0.350519
v -1.783711 0.184581 0.379423
v -1.796791 0.434375 0.039394
v -1.738609 0.472423 0.052189
v -0.816642 0.718068 0.662897
v -2.092507 0.215544 0.040186
v -1.935382 0.158086 0.283049
v -1.582263 0.559674 0.092703
v -2.109259 0.170251 0.094039
v -2.108200 0.149596 0.122221
v -2.105781 0.186782 0.072960
v -1.736157 0.199639 0.401718
v -0.708767 0.836131 0.593124
v -0.709404 0.824735 0.605371
v -0.701389 0.904764 0.453772
v -2.054887 0.137612 0.161168
v -2.086272 0.128101 0.140021
v -2.086272 0.128101 0.140021
v -2.041032 0.250069 0.028479
v -2.062621 0.223991 0.003937
v -2.062621 0.223991 0.003937
v -1.256435 0.702282 0.162243
v -0.951611 0.810984 0.224242
v -0.888398 0.878265 0.290873
v -0.711576 0.793327 0.623930
v -1.990528 0.268182 0.023188
v -1.926891 0.292857 0.005093
v -1.886379 0.337510 0.009908
v -0.798355 0.897927 0.323522
v -1.066884 0.457115 0.616199
v -0.969001 0.512996 0.655521
v -2.094925 0.128115 0.130201
v -2.094925 0.128115 0.130201
v -1.452039 0.315615 0.512871
v -0.907322 0.609238 0.689629
v -0.907322 0.609238 0.689629
v -2.006026 0.132114 0.189537
v -2.006415 0.249234 0.020616
v -2.037607 0.226275 -0.001985
v -2.040220 0.218007 -0.009966
v -2.040220 0.218007 -0.009966
v -1.640712 0.199216 0.413785
v -1.699421 0.175279 0.388019
v -2.104527 0.168557 0.075660
v -2.104527 0.168557 0.075660
v -2.101633 0.154382 0.095898
v -2.094092 0.201170 0.038119
v -2.095984 0.192984 0.035107
v -2.095984 0.192984 0.035107
v -2.085798 0.122808 0.104520
v -2.086272 0.205116 0.023467
v -2.086272 0.205116 0.023467
v -1.768512 0.396583 0.014422
v -1.708496 0.434330 0.029536
v -0.713323 0.726043 0.653424
v -0.712686 0.761549 0.639969
v -1.968322 0.133909 0.225242
v -1.896228 0.130117 0.281827
v -1.553985 0.521881 0.067730
v -0.829122 0.553981 0.672774
v -0.699802 0.908239 0.401771
v -0.699802 0.908239 0.401771
v -0.699887 0.910805 0.433073
v -0.699887 0.910805 0.433073
v -2.009945 0.219613 -0.008905
v -2.096178 0.150510 0.085909
v -2.096178 0.150510 0.085909
v -2.096706 0.171346 0.062760
v -1.932787 0.124692 0.248637
v -2.074219 0.123101 0.077626
v -2.074219 0.123101 0.077626
v -1.827083 0.361206 0.005909
v -2.085355 0.189492 0.030403
v -2.083183 0.165091 0.061024
v -2.083183 0.165091 0.061024
v -2.071801 0.181091 0.032163
v -2.071801 0.181091 0.032163
v -2.076476 0.113850 0.133121
v -2.076476 0.113850 0.133121
v -2.075806 0.107975 0.111979
v -2.075806 0.107975 0.111979
v -2.075806 0.107975 0.111979
v -2.062284 0.191546 0.009586
v -2.062284 0.191546 0.009586
v -2.062284 0.191546 0.009586
v -2.057500 0.208269 -0.001538
v -2.057500 0.208269 -0.001538
v -2.057500 0.208269 -0.001538
v -2.036353 0.125708 0.160613
v -0.852935 0.813081 0.223110
v -0.791203 0.882074 0.298304
v -2.083431 0.148763 0.072409
v -2.083431 0.148763 0.072409
v -1.855187 0.133131 0.305993
v -1.969821 0.245032 -0.001937
v -1.806853 0.137111 0.328400
v -0.699185 0.896404 0.354518
v -1.758715 0.152334 0.355598
v -0.806032 0.603375 0.685755
v -0.806032 0.603375 0.685755
v -0.715352 0.686881 0.662066
v -2.065957 0.167712 0.028237
v -2.065957 0.167712 0.028237
v -0.805999 0.581639 0.683618
v -1.998400 0.123081 0.181051
v -1.998400 0.123081 0.181051
v -1.973580 0.121777 0.202363
v -1.973580 0.121777 0.202363
v -0.606138 0.812088 0.591979
v -0.607197 0.821386 0.580983
v -2.071410 0.133800 0.060125
v -2.071410 0.133800 0.060125
v -2.029785 0.118034 0.153146
v -2.029785 0.118034 0.153146
v -2.066679 0.106437 0.115877
v -2.066679 0.106437 0.115877
v -1.899424 0.282254 -0.009344
v -1.840657 0.310965 -0.012547
v -0.608783 0.784408 0.613123
v -2.068180 0.105723 0.093231
v -2.068180 0.105723 0.093231
v -2.056829 0.174057 0.020204
v -2.056829 0.174057 0.020204
v -2.056829 0.174057 0.020204
v -1.230328 0.667392 0.139188
v -1.051242 0.720732 0.164606
v -2.042886 0.173128 0.002330
v -2.042886 0.173128 0.002330
v -2.024968 0.194207 -0.018261
v -2.024968 0.194207 -0.018261
v -2.026717 0.157926 -0.000404
v -1.535060 0.234947 0.439792
v -1.367221 0.299845 0.487589
v -2.015647 0.204545 -0.018861
v -2.015647 0.204545 -0.018861
v -2.015647 0.204545 -0.018861
v -1.981895 0.131243 0.134785
v -2.017149 0.121434 0.118475
v -1.955683 0.132436 0.162662
v -0.612898 0.743672 0.630553
v -1.889660 0.122444 0.274360
v -1.889660 0.122444 0.274360
v -1.927333 0.119662 0.240400
v -1.927333 0.119662 0.240400
v -0.766370 0.836555 0.246053
v -2.052681 0.154116 0.024287
v -2.052681 0.154116 0.024287
v -1.921294 0.121524 0.226887
v -1.792714 0.334652 -0.011638
v -1.743464 0.360847 -0.004277
v -1.681277 0.396796 0.007251
v -2.055100 0.104470 0.092403
v -1.520198 0.473366 0.042984
v -0.599182 0.892374 0.443068
v -2.061419 0.124646 0.058990
v -2.050315 0.114007 0.056874
v -1.848672 0.126686 0.296820
v -1.848672 0.126686 0.296820
v -1.877497 0.121745 0.254121
v -0.599625 0.895924 0.410894
v -0.599625 0.895924 0.410894
v -1.963308 0.235168 -0.005938
v -1.963308 0.235168 -0.005938
v -2.003431 0.208647 -0.011237
v -2.003431 0.208647 -0.011237
v -2.003431 0.208647 -0.011237
v -2.003874 0.124927 0.088661
v -1.908019 0.128379 0.191983
v -0.697455 0.881926 0.308035
v -2.030475 0.132835 0.020054
v -1.797056 0.131957 0.307734
v -1.797056 0.131957 0.307734
v -1.831640 0.125369 0.256516
v -1.749308 0.146433 0.344388
v -2.026132 0.116833 0.031654
v -2.006486 0.119670 0.040840
v -1.945639 0.134568 0.144294
v -1.970122 0.130604 0.087498
v -1.692855 0.169866 0.377131
v -0.809125 0.748285 0.172984
v -2.015366 0.187724 -0.015113
v -2.015366 0.187724 -0.015113
v -1.958966 0.224845 -0.002931
v -1.997977 0.190001 0.001134
v -1.997977 0.190001 0.001134
v -1.892911 0.271289 -0.011675
v -1.892911 0.271289 -0.011675
v -1.632027 0.192186 0.399191
v -1.632027 0.192186 0.399191
v -0.601652 0.888516 0.371480
v -1.866978 0.125715 0.224742
v -0.614451 0.693944 0.646957
v -1.973794 0.189816 0.015754
v -1.892046 0.254633 -0.003024
v -1.936317 0.202276 0.021590
v -2.000201 0.164286 0.011230
v -2.000201 0.164286 0.011230
v -2.017395 0.139522 0.007212
v -2.017395 0.139522 0.007212
v -1.894270 0.128032 0.159752
v -1.938065 0.133138 0.089172
v -1.912523 0.133020 0.113785
v -1.712325 0.150861 0.300448
v -1.712325 0.150861 0.300448
v -1.960324 0.133334 0.054902
v -1.746714 0.137957 0.272265
v -1.746714 0.137957 0.272265
v -1.834144 0.298841 -0.013126
v -1.834144 0.298841 -0.013126
v -1.826908 0.284597 -0.005399
v -1.782832 0.128631 0.236498
v -1.252605 0.580258 0.096355
v -1.015922 0.668119 0.134755
v -1.966169 0.168268 0.026207
v -1.526375 0.230122 0.421861
v -1.526375 0.230122 0.421861
v -1.608037 0.190723 0.331702
v -1.608037 0.190723 0.331702
v -1.410205 0.271330 0.451487
v -1.410205 0.271330 0.451487
v -1.831887 0.122253 0.212626
v -1.848497 0.120311 0.179221
v -0.600421 0.428786 0.585134
v -0.541550 0.495840 0.629442
v -0.534451 0.473277 0.614533
v -0.689243 0.864658 0.281882
v -1.994941 0.137180 0.022924
v -1.994941 0.137180 0.022924
v -1.893827 0.211401 0.025103
v -1.861381 0.239895 0.014445
v -1.785088 0.318837 -0.009862
v -1.785088 0.318837 -0.009862
v -1.928022 0.184300 0.031886
v -1.735838 0.346080 -0.004086
v -1.735838 0.346080 -0.004086
v -1.032039 0.415068 0.578587
v -1.672591 0.379565 0.008092
v -1.672591 0.379565 0.008092
v -1.585668 0.423262 0.027137
v -1.585668 0.423262 0.027137
v -0.701374 0.593169 0.679011
v -0.701374 0.593169 0.679011
v -0.699255 0.569589 0.673259
v -0.504179 0.800294 0.567047
v -0.498919 0.863876 0.441496
v -1.958543 0.149036 0.033156
v -0.504848 0.787681 0.580886
v -2.004316 0.124652 0.026992
v -2.004316 0.124652 0.026992
v -0.602536 0.870291 0.310175
v -1.853723 0.121856 0.135894
v -1.384519 0.276374 0.376073
v -1.384519 0.276374 0.376073
v -1.500604 0.233004 0.349812
v -1.890122 0.193100 0.035184
v -1.917113 0.158419 0.039356
v -1.780076 0.278822 0.008045
v -1.813438 0.234950 0.023404
v -1.732522 0.306339 0.011485
v -1.959212 0.139786 0.041906
v -1.845936 0.206472 0.034191
v -1.327203 0.296367 0.468031
v -1.327203 0.296367 0.468031
v -1.244395 0.314046 0.482230
v -1.098976 0.343265 0.501537
v -0.508130 0.757759 0.600428
v -1.906010 0.134513 0.092598
v -1.917835 0.143617 0.056663
v -1.465351 0.473217 0.052714
v -1.465351 0.473217 0.052714
v -1.337636 0.525100 0.074771
v -1.337636 0.525100 0.074771
v -1.573700 0.390288 0.042265
v -1.662405 0.344506 0.024359
v -1.820446 0.119961 0.154419
v -1.795541 0.122120 0.170588
v -0.498529 0.874765 0.416690
v -0.498529 0.874765 0.416690
v -1.859178 0.168432 0.045972
v -1.693510 0.152732 0.257337
v -1.740588 0.133482 0.197872
v -1.878823 0.149773 0.060731
v -1.834552 0.123497 0.119838
v -0.516835 0.686852 0.627528
v -0.512720 0.724170 0.615270
v -1.745654 0.249130 0.030376
v -1.771586 0.238358 0.030570
v -0.768046 0.685666 0.134004
v -0.499640 0.871380 0.389762
v -1.595010 0.192553 0.291081
v -1.798628 0.200330 0.039961
v -1.705724 0.266089 0.036668
v -0.600364 0.859099 0.285520
v -1.644260 0.299749 0.046564
v -1.454442 0.443864 0.065440
v -1.334600 0.506645 0.079837
v -1.334600 0.506645 0.079837
v -1.235182 0.307680 0.458246
v -1.235182 0.307680 0.458246
v -1.296471 0.295926 0.287951
v -0.724568 0.783061 0.198359
v -1.832381 0.160287 0.057850
v -1.831268 0.144082 0.079144
v -1.443587 0.411217 0.083302
v -1.558838 0.353337 0.062196
v -1.792062 0.181356 0.049598
v -1.635769 0.173174 0.199408
v -1.693756 0.148106 0.180447
v -1.466872 0.245697 0.232587
v -1.389518 0.271824 0.249851
v -1.794956 0.124139 0.137402
v -1.759617 0.205329 0.045781
v -0.505589 0.856615 0.330743
v -1.233011 0.548393 0.087646
v -1.080495 0.574696 0.097594
v -0.604089 0.574280 0.664013
v -0.604089 0.574280 0.664013
v -0.520559 0.646806 0.635586
v -1.758505 0.129088 0.157932
v -1.790613 0.130795 0.114712
v -1.732573 0.211252 0.049695
v -1.324413 0.471641 0.096021
v -1.228278 0.534240 0.088122
v -1.228278 0.534240 0.088122
v -0.620223 0.810660 0.226425
v -1.789502 0.149706 0.082861
v -1.771637 0.169698 0.064068
v -0.964572 0.341939 0.493230
v -0.724183 0.357136 0.518134
v -0.645134 0.393594 0.556966
v -1.729343 0.136700 0.153134
v -1.692307 0.219931 0.060344
v -0.592706 0.838418 0.259629
v -1.165507 0.324423 0.476741
v -1.165507 0.324423 0.476741
v -1.630843 0.251331 0.073661
v -1.472326 0.341359 0.103664
v -1.544310 0.302275 0.090064
v -1.751992 0.136205 0.128235
v -1.738664 0.186452 0.062793
v -0.406561 0.762309 0.559087
v -0.406561 0.770192 0.547156
v -0.409896 0.732403 0.578759
v -1.749820 0.153701 0.095448
v -1.310664 0.435018 0.118686
v -1.397143 0.373805 0.117672
v -1.723888 0.173569 0.081488
v -0.512809 0.522292 0.639490
v -1.686131 0.153792 0.149685
v -1.122808 0.320852 0.301904
v -1.207540 0.314407 0.290334
v -0.416852 0.692153 0.596511
v -1.725001 0.142198 0.132196
v -1.722776 0.150582 0.113045
v -1.686853 0.195662 0.081225
v -1.625388 0.179430 0.166626
v -0.401354 0.838365 0.414811
v -0.402940 0.818719 0.456006
v -1.624275 0.226678 0.091891
v -1.210381 0.473156 0.121713
v -0.509703 0.839287 0.277463
v -0.402661 0.842749 0.397931
v -0.402661 0.842749 0.397931
v -1.684682 0.162164 0.125612
v -1.684682 0.174623 0.106756
v -1.463588 0.310441 0.125065
v -1.536684 0.273946 0.110779
v -0.952161 0.574756 0.097634
v -0.952161 0.574756 0.097634
v -0.711155 0.608315 0.100152
v -1.622105 0.187502 0.144871
v -1.621045 0.201963 0.119908
v -1.388459 0.341801 0.140872
v -1.141570 0.528110 0.098934
v -1.074176 0.552956 0.098092
v -1.074176 0.552956 0.098092
v -1.088316 0.331655 0.474088
v -1.088316 0.331655 0.474088
v -1.458187 0.254488 0.194048
v -1.460358 0.248349 0.209649
v -1.533400 0.258202 0.125066
v -0.416429 0.833077 0.339881
v -0.407725 0.840180 0.374060
v -1.532342 0.239807 0.149828
v -1.460358 0.292508 0.142820
v -1.299754 0.400042 0.139922
v -0.507584 0.824804 0.257945
v -1.215165 0.422067 0.149562
v -1.458187 0.271468 0.168351
v -1.385175 0.322693 0.160249
v -0.424777 0.641173 0.612087
v -1.383004 0.282414 0.214898
v -1.383004 0.300496 0.187532
v -1.334423 0.291421 0.243023
v -1.288845 0.353708 0.178346
v -1.293241 0.374357 0.159867
v -0.681038 0.727146 0.156498
v -1.286675 0.331567 0.205546
v -0.506914 0.549182 0.645032
v -0.506914 0.549182 0.645032
v -1.286675 0.313429 0.232995
v -1.123036 0.467120 0.137381
v -1.129321 0.426970 0.160233
v -0.993149 0.332928 0.470015
v -0.993149 0.332928 0.470015
v -1.051741 0.330644 0.305977
v -1.239453 0.315533 0.261473
v -0.603490 0.758314 0.179611
v -0.520403 0.777771 0.204693
v -0.423242 0.820303 0.294404
v -1.207540 0.393738 0.170277
v -1.050909 0.480017 0.133677
v -1.203197 0.372058 0.190470
v -0.309243 0.732931 0.524932
v -0.311025 0.722906 0.538085
v -1.201025 0.349916 0.217671
v -1.201025 0.331779 0.245120
v -0.940830 0.549626 0.095892
v -0.940830 0.549626 0.095892
v -0.316003 0.692100 0.557043
v -0.306154 0.777859 0.433921
v -1.140282 0.327627 0.271861
v -0.306402 0.794388 0.395581
v -1.122808 0.401285 0.180178
v -0.314222 0.799131 0.361799
v -0.308768 0.801289 0.377967
v -0.308768 0.801289 0.377967
v -0.429332 0.806399 0.255731
v -1.119525 0.382177 0.199554
v -1.037829 0.437618 0.159838
v -0.328185 0.619382 0.582946
v -0.322290 0.657629 0.571301
v -1.117353 0.359981 0.226838
v -1.117353 0.341898 0.254203
v -0.895728 0.329083 0.467475
v -0.895728 0.329083 0.467475
v -0.793768 0.322217 0.470369
v -0.973184 0.329169 0.305003
v -0.438512 0.781230 0.221841
v -0.330884 0.788971 0.305703
v -0.436535 0.523187 0.627855
v -0.436535 0.523187 0.627855
v -0.337644 0.580383 0.591696
v -1.081820 0.328106 0.284523
v -1.031315 0.409673 0.183203
v -0.953487 0.473913 0.134558
v -1.028754 0.385907 0.204536
v -0.816221 0.542904 0.088933
v -0.816221 0.542904 0.088933
v -0.785031 0.557573 0.088797
v -0.629492 0.650430 0.115635
v -1.026582 0.363765 0.231736
v -1.025471 0.345299 0.256451
v -0.564886 0.702470 0.145107
v -0.355281 0.769926 0.236545
v -0.488255 0.723993 0.164243
v -0.433940 0.461105 0.601576
v -0.405116 0.487601 0.611653
v -1.026582 0.332011 0.279792
v -0.940407 0.429253 0.164139
v -0.218438 0.682467 0.506330
v -0.225589 0.657871 0.522199
v -0.219023 0.689139 0.491081
v -0.889427 0.324207 0.301724
v -0.797051 0.316055 0.453952
v -0.797051 0.316055 0.453952
v -0.933893 0.398993 0.191008
v -0.442678 0.749310 0.190800
v -0.238441 0.605802 0.546884
v -0.217046 0.727614 0.413066
v -0.931332 0.361665 0.232865
v -0.981447 0.333292 0.280639
v -0.222553 0.747083 0.364323
v -0.930220 0.331897 0.274683
v -0.227338 0.748497 0.347998
v -0.227338 0.748497 0.347998
v -0.459306 0.376269 0.543001
v -0.853114 0.452726 0.135301
v -0.240664 0.743269 0.310024
v -0.511559 0.351313 0.521597
v -0.362873 0.495119 0.604275
v -0.362873 0.495119 0.604275
v -0.893237 0.325319 0.282682
v -0.365572 0.745141 0.205306
v -0.247230 0.570375 0.555478
v -0.564145 0.322445 0.492693
v -0.846794 0.414007 0.161496
v -0.676979 0.300944 0.458829
v -0.255492 0.731650 0.257999
v -0.840228 0.384833 0.186566
v -0.258970 0.528122 0.562077
v -0.522468 0.640104 0.116243
v -0.461477 0.654540 0.128179
v -0.891066 0.328095 0.272171
v -0.834826 0.332298 0.250377
v -0.836998 0.356755 0.219673
v -0.709087 0.523663 0.081133
v -0.709087 0.523663 0.081133
v -0.801074 0.311899 0.288677
v -0.680899 0.293640 0.439141
v -0.680899 0.293640 0.439141
v -0.600562 0.511439 0.073056
v -0.584181 0.584086 0.091574
v -0.402378 0.694295 0.156965
v -0.369211 0.708151 0.173552
v -0.312634 0.414793 0.558628
v -0.296889 0.441384 0.571285
v -0.288854 0.726314 0.215039
v -0.384956 0.397901 0.554898
v -0.833715 0.317195 0.270003
v -0.753520 0.413875 0.144149
v -0.141546 0.632642 0.471009
v -0.147390 0.616231 0.484737
v -0.143911 0.664461 0.415684
v -0.155262 0.590448 0.497305
v -0.275547 0.452988 0.569124
v -0.275547 0.452988 0.569124
v -0.147585 0.687047 0.364087
v -0.299782 0.698016 0.184115
v -0.150673 0.693866 0.341504
v -0.150673 0.693866 0.341504
v -0.170285 0.691950 0.295890
v -0.173958 0.530956 0.522119
v -0.744360 0.369044 0.178531
v -0.737794 0.331932 0.215616
v -0.776363 0.308610 0.264330
v -0.569618 0.261238 0.425161
v -0.558904 0.268395 0.439719
v -0.613608 0.488639 0.075250
v -0.613608 0.488639 0.075250
v -0.454982 0.591658 0.098974
v -0.703651 0.290724 0.277083
v -0.336536 0.661123 0.149789
v -0.364303 0.637731 0.131935
v -0.577880 0.260840 0.407639
v -0.577880 0.260840 0.407639
v -0.193376 0.478217 0.531618
v -0.193376 0.478217 0.531618
v -0.204142 0.672847 0.211832
v -0.189703 0.681163 0.241898
v -0.394628 0.585251 0.102172
v -0.218917 0.663823 0.191007
v -0.474860 0.444477 0.048586
v -0.474860 0.444477 0.048586
v -0.439750 0.511420 0.070646
v -0.398372 0.256510 0.441694
v -0.446510 0.237925 0.419585
v -0.337049 0.292190 0.470185
v -0.637420 0.345863 0.163213
v -0.649389 0.386776 0.136071
v -0.736735 0.301023 0.259316
v -0.288274 0.333822 0.497694
v -0.110601 0.597424 0.462481
v -0.110601 0.630281 0.412756
v -0.109931 0.608880 0.450394
v -0.117804 0.575213 0.474893
v -0.111907 0.645966 0.378772
v -0.251857 0.627187 0.152056
v -0.233356 0.405111 0.539886
v -0.116692 0.660941 0.341923
v -0.217469 0.425107 0.540873
v -0.217469 0.425107 0.540873
v -0.122589 0.663841 0.326579
v -0.122589 0.663841 0.326579
v -0.681887 0.289166 0.251482
v -0.625452 0.272038 0.240164
v -0.627624 0.304435 0.197446
v -0.230092 0.352225 0.504940
v -0.142006 0.645868 0.248181
v -0.129154 0.654881 0.288656
v -0.283209 0.579656 0.118132
v -0.134328 0.512819 0.497790
v -0.142006 0.477063 0.503648
v -0.142006 0.477063 0.503648
v -0.601412 0.261063 0.257483
v -0.516713 0.422932 0.068869
v -0.509087 0.439167 0.057423
v -0.509087 0.439167 0.057423
v -0.324990 0.472946 0.069795
v -0.310923 0.555091 0.101900
v -0.084688 0.578240 0.437460
v -0.084688 0.592960 0.415183
v -0.088836 0.563816 0.450102
v -0.086665 0.620950 0.357328
v -0.462255 0.219272 0.394914
v -0.095844 0.524741 0.466233
v -0.174751 0.413768 0.518518
v -0.091449 0.631405 0.327320
v -0.091449 0.631405 0.327320
v -0.468346 0.217075 0.373806
v -0.468346 0.217075 0.373806
v -0.148733 0.613492 0.197183
v -0.135017 0.622827 0.220611
v -0.542417 0.328187 0.139308
v -0.178280 0.597111 0.166702
v -0.166650 0.380146 0.503733
v -0.111451 0.478882 0.482676
v -0.104352 0.604726 0.243170
v -0.077309 0.601959 0.295518
v -0.176271 0.347522 0.489607
v -0.531508 0.285327 0.172475
v -0.065764 0.551901 0.415141
v -0.055493 0.580339 0.335408
v -0.072492 0.514548 0.442239
v -0.054433 0.522251 0.420240
v -0.206155 0.554809 0.128801
v -0.135738 0.414998 0.494759
v -0.135738 0.414998 0.494759
v -0.059692 0.588643 0.313807
v -0.059692 0.588643 0.313807
v -0.059692 0.588643 0.313807
v -0.524994 0.241450 0.219952
v -0.364639 0.444844 0.058657
v -0.128080 0.384173 0.484220
v -0.504569 0.229791 0.234422
v -0.089687 0.448638 0.465209
v -0.089687 0.448638 0.465209
v -0.254930 0.295933 0.465347
v -0.034839 0.519881 0.366895
v -0.034839 0.519881 0.366895
v -0.240792 0.510508 0.099529
v -0.098476 0.582015 0.218334
v -0.053374 0.493306 0.425685
v -0.430694 0.382172 0.056679
v -0.424128 0.397562 0.049588
v -0.424128 0.397562 0.049588
v -0.206792 0.305070 0.466470
v -0.445912 0.343034 0.089908
v -0.305487 0.254530 0.435472
v -0.270676 0.488845 0.085215
v -0.118140 0.538672 0.165004
v -0.106347 0.560457 0.189227
v -0.057240 0.570830 0.277465
v -0.057240 0.570830 0.277465
v -0.416007 0.216806 0.398200
v -0.367869 0.222526 0.404496
v -0.089348 0.399963 0.460134
v -0.089348 0.399963 0.460134
v -0.089348 0.399963 0.460134
v -0.066862 0.556398 0.235807
v -0.040963 0.560976 0.315302
v -0.040963 0.560976 0.315302
v -0.027883 0.532194 0.320855
v -0.027883 0.532194 0.320855
v -0.141426 0.514027 0.136374
v -0.036535 0.548085 0.287007
v -0.036535 0.548085 0.287007
v -0.037453 0.480960 0.405302
v -0.037453 0.480960 0.405302
v -0.025959 0.481210 0.378379
v -0.025959 0.481210 0.378379
v -0.138845 0.349557 0.476089
v -0.471011 0.284840 0.145065
v -0.422626 0.204498 0.365495
v -0.422626 0.204498 0.365495
v -0.405821 0.204404 0.380176
v -0.405821 0.204404 0.380176
v -0.070620 0.428568 0.447033
v -0.070620 0.428568 0.447033
v -0.048361 0.444946 0.420938
v -0.048361 0.444946 0.420938
v -0.156871 0.302326 0.452312
v -0.111770 0.364636 0.466396
v -0.077380 0.545993 0.204360
v -0.027655 0.533581 0.297200
v -0.457984 0.222113 0.202141
v -0.044213 0.538350 0.253486
v -0.044213 0.538350 0.253486
v -0.234225 0.271679 0.441889
v -0.175230 0.481588 0.107627
v -0.354842 0.209636 0.386150
v -0.018333 0.494835 0.335602
v -0.062519 0.396103 0.430495
v -0.029436 0.446191 0.392156
v -0.290288 0.238739 0.415209
v -0.079518 0.370757 0.440835
v -0.079518 0.370757 0.440835
v -0.176290 0.271142 0.429189
v -0.113798 0.339091 0.454430
v -0.126012 0.313083 0.444676
v -0.085609 0.510993 0.168888
v -0.027849 0.520250 0.268615
v -0.014770 0.496339 0.302077
v -0.457651 0.216929 0.223407
v -0.374012 0.197040 0.348222
v -0.374012 0.197040 0.348222
v -0.268524 0.427245 0.066685
v -0.053834 0.521602 0.215332
v -0.053834 0.521602 0.215332
v -0.337419 0.195449 0.356999
v -0.041813 0.399379 0.400657
v -0.335248 0.390847 0.054979
v -0.208117 0.455485 0.087862
v -0.092176 0.344128 0.440499
v -0.016994 0.494385 0.276215
v -0.012878 0.463378 0.332077
v -0.016994 0.438870 0.360230
v -0.381021 0.363099 0.053904
v -0.381021 0.363099 0.053904
v -0.391064 0.340219 0.068391
v -0.218583 0.251988 0.419049
v -0.067550 0.513424 0.190151
v -0.067550 0.513424 0.190151
v -0.036359 0.503174 0.227726
v -0.421533 0.296139 0.118131
v -0.106418 0.478415 0.137533
v -0.419751 0.231002 0.183443
v -0.275037 0.224035 0.393147
v -0.067550 0.359283 0.423425
v -0.067550 0.359283 0.423425
v -0.024619 0.419271 0.376765
v -0.099658 0.309645 0.422628
v -0.131876 0.278018 0.416473
v -0.024228 0.495876 0.252509
v -0.118795 0.448637 0.120254
v -0.410624 0.213586 0.211369
v -0.325451 0.190756 0.329327
v -0.325451 0.190756 0.329327
v -0.010674 0.463659 0.290312
v -0.079817 0.314857 0.406415
v -0.079817 0.314857 0.406415
v -0.047989 0.491995 0.200683
v -0.047989 0.491995 0.200683
v -0.380123 0.216634 0.188692
v -0.047989 0.363930 0.394494
v -0.030957 0.378841 0.364912
v -0.203385 0.238457 0.395366
v -0.010674 0.438686 0.328106
v -0.353996 0.300477 0.091392
v -0.374701 0.259418 0.143129
v -0.257030 0.211059 0.367314
v -0.061673 0.321501 0.386115
v -0.064957 0.472036 0.167837
v -0.064957 0.472036 0.167837
v -0.014152 0.407084 0.336710
v -0.015738 0.465610 0.259598
v -0.151293 0.249039 0.390013
v -0.084406 0.462643 0.146768
v -0.084406 0.462643 0.146768
v -0.326477 0.319594 0.067108
v -0.310199 0.338075 0.062060
v -0.310199 0.338075 0.062060
v -0.288416 0.189785 0.328685
v -0.288416 0.189785 0.328685
v -0.260033 0.197172 0.340878
v -0.169880 0.413295 0.089590
v -0.024443 0.458508 0.225420
v -0.242363 0.375249 0.069364
v -0.203631 0.392548 0.078277
v -0.101991 0.278526 0.392237
v -0.010726 0.411978 0.298113
v -0.014647 0.415976 0.261321
v -0.348152 0.206664 0.209192
v -0.046507 0.330919 0.362733
v -0.047091 0.448621 0.179453
v -0.276447 0.189668 0.294088
v -0.189193 0.226325 0.372487
v -0.126279 0.253584 0.380670
v -0.020100 0.424017 0.229718
v -0.204269 0.210087 0.349412
v -0.085765 0.282009 0.374762
v -0.085765 0.282009 0.374762
v -0.021602 0.367037 0.327508
v -0.017539 0.369710 0.297271
v -0.324833 0.253325 0.134189
v -0.066983 0.426900 0.150238
v -0.066983 0.426900 0.150238
v -0.320490 0.210145 0.186921
v -0.304797 0.285190 0.091120
v -0.035123 0.417907 0.191161
v -0.231981 0.194563 0.319497
v -0.231981 0.194563 0.319497
v -0.248981 0.189615 0.298968
v -0.248981 0.189615 0.298968
v -0.087851 0.422812 0.132795
v -0.087851 0.422812 0.132795
v -0.066983 0.293157 0.352643
v -0.162254 0.222943 0.355510
v -0.130588 0.398166 0.104164
v -0.016427 0.379580 0.279102
v -0.104657 0.258621 0.366739
v -0.104657 0.258621 0.366739
v -0.254207 0.282599 0.081977
v -0.254207 0.282599 0.081977
v -0.222769 0.334344 0.074337
v -0.222769 0.334344 0.074337
v -0.258354 0.271537 0.089530
v -0.270570 0.199813 0.219528
v -0.278833 0.202833 0.196832
v -0.027972 0.339006 0.296640
v -0.185150 0.354231 0.082564
v -0.056128 0.401035 0.157838
v -0.151345 0.374963 0.093746
v -0.127305 0.234013 0.343048
v -0.024494 0.388394 0.225836
v -0.185150 0.202406 0.312334
v -0.084816 0.267251 0.345353
v -0.084816 0.267251 0.345353
v -0.276609 0.207799 0.182854
v -0.277720 0.248923 0.123849
v -0.207323 0.193605 0.291776
v -0.207323 0.193605 0.291776
v -0.164197 0.211059 0.322966
v -0.103401 0.244565 0.327846
v -0.103401 0.244565 0.327846
v -0.022323 0.349218 0.278816
v -0.092689 0.395609 0.124648
v -0.092689 0.395609 0.124648
v -0.061107 0.286322 0.303779
v -0.035565 0.319116 0.278583
v -0.083950 0.374835 0.130698
v -0.083950 0.374835 0.130698
v -0.228276 0.191789 0.270799
v -0.228276 0.191789 0.270799
v -0.038848 0.385799 0.187205
v -0.114277 0.361648 0.112036
v -0.114277 0.361648 0.112036
v -0.083086 0.256191 0.293697
v -0.142660 0.214894 0.310758
v -0.110993 0.230298 0.301279
v -0.110993 0.230298 0.301279
v -0.032809 0.332146 0.257708
v -0.035565 0.363274 0.211755
v -0.173182 0.326935 0.089099
v -0.173182 0.326935 0.089099
v -0.210801 0.305890 0.082624
v -0.210801 0.305890 0.082624
v -0.138318 0.345095 0.101098
v -0.138318 0.345095 0.101098
v -0.138318 0.345095 0.101098
v -0.248168 0.198348 0.198783
v -0.169898 0.193326 0.281763
v -0.143492 0.196949 0.284157
v -0.055652 0.365144 0.168642
v -0.078496 0.357347 0.141316
v -0.245944 0.204417 0.183137
v -0.196415 0.189225 0.266708
v -0.196415 0.189225 0.266708
v -0.227216 0.189966 0.235195
v -0.244885 0.242695 0.122131
v -0.059767 0.279092 0.254653
v -0.055230 0.289686 0.239480
v -0.220897 0.263489 0.091523
v -0.118002 0.211676 0.286457
v -0.118002 0.211676 0.286457
v -0.233502 0.255278 0.098443
v -0.106652 0.342361 0.119068
v -0.163384 0.301328 0.099386
v -0.163384 0.301328 0.099386
v -0.088117 0.306641 0.154556
v -0.068699 0.312555 0.180638
v -0.209351 0.183586 0.221031
v -0.209351 0.183586 0.221031
v -0.223932 0.188645 0.192372
v -0.223932 0.188645 0.192372
v -0.171204 0.181480 0.254159
v -0.091348 0.233887 0.274045
v -0.091348 0.233887 0.274045
v -0.222873 0.197429 0.176002
v -0.209794 0.240335 0.108346
v -0.210378 0.223245 0.129056
v -0.145910 0.182069 0.264377
v -0.135866 0.291006 0.119654
v -0.135866 0.291006 0.119654
v -0.135866 0.291006 0.119654
v -0.107957 0.301022 0.136101
v -0.107957 0.301022 0.136101
v -0.129352 0.182628 0.264746
v -0.062185 0.269836 0.226363
v -0.065079 0.260195 0.242167
v -0.201056 0.252824 0.099339
v -0.110181 0.197134 0.264503
v -0.076181 0.292039 0.176910
v -0.202167 0.172369 0.189048
v -0.202167 0.172369 0.189048
v -0.202167 0.172369 0.189048
v -0.186475 0.169241 0.211552
v -0.194541 0.168958 0.172052
v -0.194541 0.168958 0.172052
v -0.089229 0.217088 0.258031
v -0.089229 0.217088 0.258031
v -0.202167 0.196184 0.153005
v -0.144850 0.168946 0.245877
v -0.099467 0.273017 0.139769
v -0.099467 0.273017 0.139769
v -0.082077 0.276396 0.154348
v -0.082077 0.276396 0.154348
v -0.127181 0.270358 0.125667
v -0.184694 0.239245 0.107626
v -0.184694 0.239245 0.107626
v -0.175956 0.218526 0.113592
v -0.175956 0.218526 0.113592
v -0.064603 0.241339 0.227190
v -0.062906 0.251264 0.214092
v -0.075037 0.272124 0.168785
v -0.100188 0.175115 0.247556
v -0.126315 0.160404 0.240232
v -0.103244 0.151100 0.236603
v -0.079236 0.196227 0.239332
v -0.079236 0.196227 0.239332
v -0.079236 0.196227 0.239332
v -0.181073 0.152575 0.185797
v -0.181073 0.152575 0.185797
v -0.186247 0.156660 0.173755
v -0.186247 0.156660 0.173755
v -0.182132 0.180066 0.147270
v -0.182132 0.180066 0.147270
v -0.147268 0.155169 0.224428
v -0.162681 0.225733 0.113440
v -0.162681 0.225733 0.113440
v -0.117384 0.250484 0.127278
v -0.079873 0.238893 0.134481
v -0.072918 0.256483 0.151019
v -0.072918 0.256483 0.151019
v -0.060703 0.239085 0.191181
v -0.059838 0.232221 0.149731
v -0.059838 0.232221 0.149731
v -0.059838 0.232221 0.149731
v -0.059006 0.226352 0.212373
v -0.059006 0.226352 0.212373
v -0.166406 0.142281 0.151908
v -0.150713 0.204060 0.111466
v -0.159451 0.196147 0.113548
v -0.159451 0.196147 0.113548
v -0.159451 0.196147 0.113548
v -0.105416 0.229914 0.123635
v -0.116961 0.136085 0.221767
v -0.144147 0.132989 0.199945
v -0.083878 0.152214 0.234822
v -0.083878 0.152214 0.234822
v -0.048929 0.196493 0.207386
v -0.048929 0.196493 0.207386
v -0.064623 0.173545 0.224345
v -0.064623 0.173545 0.224345
v -0.165820 0.131034 0.174082
v -0.165820 0.131034 0.174082
v -0.158389 0.120322 0.154658
v -0.059837 0.220513 0.132166
v -0.047233 0.205260 0.196039
v -0.047233 0.205260 0.196039
v -0.050711 0.218223 0.172484
v -0.050711 0.218223 0.172484
v -0.141780 0.176676 0.105717
v -0.141780 0.176676 0.105717
v -0.091224 0.207584 0.116191
v -0.124553 0.164578 0.095206
v -0.059942 0.189357 0.109061
v -0.096925 0.117707 0.219452
v -0.083650 0.121551 0.224389
v -0.041831 0.204526 0.146173
v -0.041831 0.204526 0.146173
v -0.037877 0.191947 0.125636
v -0.037877 0.191947 0.125636
v -0.149901 0.109703 0.167298
v -0.149901 0.109703 0.167298
v -0.130007 0.110674 0.192631
v -0.064479 0.136057 0.224146
v -0.064479 0.136057 0.224146
v -0.047005 0.156460 0.213056
v -0.036572 0.195908 0.165170
v -0.034790 0.178699 0.193232
v -0.155159 0.120525 0.144964
v -0.123967 0.147302 0.091222
v -0.123967 0.147302 0.091222
v -0.040686 0.179739 0.110138
v -0.145557 0.098973 0.135637
v -0.147253 0.089048 0.148736
v -0.116927 0.086413 0.191342
v -0.116927 0.086413 0.191342
v -0.137879 0.086802 0.167028
v -0.137879 0.086802 0.167028
v -0.084957 0.097192 0.215725
v -0.072741 0.102397 0.221681
v -0.072741 0.102397 0.221681
v -0.050093 0.119871 0.220882
v -0.050093 0.119871 0.220882
v -0.031506 0.139946 0.207058
v -0.019538 0.170425 0.126157
v -0.019538 0.170425 0.126157
v -0.021710 0.167999 0.171419
v -0.007181 0.154370 0.142637
v -0.021710 0.156698 0.188523
v -0.109354 0.144267 0.081784
v -0.040348 0.162013 0.093511
v -0.065363 0.058547 0.217277
v -0.097386 0.046681 0.194694
v -0.097386 0.046681 0.194694
v -0.044691 0.083965 0.224245
v -0.044691 0.083965 0.224245
v -0.053148 0.063751 0.223233
v -0.025435 0.103035 0.217189
v -0.011770 0.155954 0.104250
v -0.011770 0.155954 0.104250
v -0.122680 0.054031 0.172463
v -0.122680 0.054031 0.172463
v -0.137262 0.056830 0.147224
v -0.109353 0.124620 0.076234
v -0.109353 0.124620 0.076234
v -0.012193 0.119224 0.203194
v -0.139680 0.062699 0.131325
v -0.130748 0.064002 0.117443
v -0.001921 0.134451 0.178737
v -0.013466 0.143363 0.086101
v -0.096521 0.102169 0.058882
v -0.096521 0.102169 0.058882
v -0.037896 0.134056 0.072521
v -0.083720 0.099193 0.047087
v 0.006290 0.143259 0.113121
v 0.006290 0.143259 0.113121
v -0.014578 0.048538 0.232838
v -0.014578 0.048538 0.232838
v 0.016808 0.085284 0.212770
v 0.006290 0.069606 0.224585
v -0.109652 0.010193 0.165670
v -0.091541 0.009135 0.192059
v -0.091541 0.009135 0.192059
v -0.133166 0.029827 0.126864
v -0.120281 0.009916 0.140796
v -0.133166 0.037766 0.114850
v 0.016808 0.131757 0.142438
v 0.023764 0.108147 0.186047
v -0.036837 0.027234 0.231106
v -0.052334 0.005613 0.224251
v -0.066883 -0.021262 0.208889
v -0.066883 -0.021262 0.208889
v -0.114437 0.030497 0.085476
v -0.085859 0.083721 0.041778
v -0.085859 0.083721 0.041778
v 0.003482 0.136674 0.089113
v -0.125982 0.015247 0.099970
v -0.127764 0.005223 0.113123
v 0.049729 0.035638 0.241573
v 0.049729 0.035638 0.241573
v 0.016756 0.016624 0.246269
v 0.016756 0.016624 0.246269
v 0.024629 0.129620 0.101711
v 0.024629 0.129620 0.101711
v 0.046166 0.085128 0.197925
v 0.058381 0.049185 0.230868
v 0.046166 0.099847 0.175648
v 0.040322 0.119712 0.134478
v -0.000438 0.128213 0.071177
v -0.024869 0.118907 0.057596
v -0.019414 -0.011927 0.239749
v -0.081322 -0.034100 0.185664
v -0.081322 -0.034100 0.185664
v -0.081958 -0.049208 0.168250
v -0.081958 -0.049208 0.168250
v -0.103776 -0.029849 0.131780
v -0.069301 0.074833 0.021162
v -0.069301 0.074833 0.021162
v -0.037083 -0.027228 0.229638
v 0.020039 0.125525 0.071918
v 0.020039 0.125525 0.071918
v 0.076720 0.075646 0.194056
v 0.074302 0.105275 0.142199
v 0.087349 0.095970 0.153310
v 0.059721 0.120534 0.098105
v 0.046836 0.123059 0.075203
v 0.046836 0.123059 0.075203
v -0.117492 -0.018788 0.077481
v -0.117492 -0.027884 0.091247
v -0.096149 0.012057 0.046203
v -0.073891 0.057177 0.011893
v -0.073891 0.057177 0.011893
v 0.012641 0.117513 0.049364
v 0.012641 0.117513 0.049364
v -0.011788 0.107049 0.037535
v -0.054915 -0.044093 0.208666
v -0.000048 -0.011971 0.239720
v 0.031338 0.008897 0.243681
v 0.066202 0.042933 0.231651
v 0.066202 0.042933 0.231651
v 0.066202 0.042933 0.231651
v 0.065175 0.022557 0.230533
v 0.065175 0.022557 0.230533
v -0.030570 -0.034775 0.222135
v -0.069353 -0.055772 0.183689
v -0.069353 -0.055772 0.183689
v 0.016984 -0.011780 0.232415
v 0.049678 -0.000166 0.225347
v 0.083872 0.062404 0.200169
v 0.083872 0.062404 0.200169
v 0.084099 0.042291 0.209053
v 0.084099 0.042291 0.209053
v 0.091971 0.085053 0.170787
v 0.091971 0.085053 0.170787
v 0.084736 0.125078 0.088762
v 0.096313 0.118943 0.106882
v -0.061676 0.071478 0.004083
v -0.061676 0.071478 0.004083
v -0.004163 0.108214 0.013614
v 0.054409 0.125398 0.049659
v 0.054409 0.125398 0.049659
v 0.054409 0.125398 0.049659
v 0.020267 0.118678 0.025443
v 0.020267 0.118678 0.025443
v -0.084181 -0.068494 0.133332
v -0.084181 -0.068494 0.133332
v -0.047289 -0.050866 0.196760
v -0.000880 -0.031019 0.214788
v 0.095645 0.068898 0.177372
v 0.095645 0.068898 0.177372
v 0.102016 0.097384 0.136985
v 0.102016 0.097384 0.136985
v 0.043782 -0.016912 0.204453
v 0.078840 0.017645 0.205113
v 0.078840 0.017645 0.205113
v 0.066431 -0.000539 0.205323
v 0.066431 -0.000539 0.205323
v -0.113395 -0.046947 0.058874
v -0.098340 -0.082220 0.089743
v -0.098340 -0.082220 0.089743
v -0.093503 -0.006282 0.024137
v -0.113592 -0.030137 0.055239
v -0.071772 0.044899 -0.010963
v -0.071772 0.044899 -0.010963
v -0.032266 0.087479 -0.000087
v -0.055161 0.066136 -0.006759
v -0.055161 0.066136 -0.006759
v -0.000880 0.103827 0.010715
v 0.057692 0.123326 0.043256
v 0.057692 0.123326 0.043256
v 0.024609 0.112875 0.021608
v 0.024609 0.112875 0.021608
v 0.087382 0.125172 0.074082
v 0.087382 0.125172 0.074082
v -0.063898 -0.067934 0.150962
v 0.092836 0.045333 0.179061
v 0.101293 0.113178 0.107987
v 0.101293 0.113178 0.107987
v -0.036627 -0.065144 0.138063
v 0.101489 0.077074 0.140824
v -0.026864 0.076842 0.000316
v 0.015431 -0.038098 0.178108
v 0.004522 0.090929 0.014538
v 0.004522 0.090929 0.014538
v 0.104330 0.101504 0.102790
v 0.063147 0.111460 0.045364
v 0.063147 0.111460 0.045364
v 0.091055 0.119215 0.065231
v 0.091055 0.119215 0.065231
v 0.091055 0.119215 0.065231
v 0.101294 0.109410 0.078409
v 0.101294 0.109410 0.078409
v -0.050818 0.040741 -0.016228
v -0.074190 0.026601 -0.025571
v -0.074190 0.026601 -0.025571
v -0.005521 0.060917 0.004535
v 0.038749 0.080362 0.029730
v 0.091003 0.098538 0.061396
v 0.091003 0.098538 0.061396
v 0.079458 -0.000970 0.168122
v 0.088195 0.008908 0.127784
v 0.098908 0.054546 0.084107
v -0.109053 -0.035771 0.029343
v -0.115567 -0.051232 0.036386
v -0.078532 0.027829 -0.014811
v 0.100021 0.065519 0.064269
v 0.066411 -0.019249 0.163475
v 0.066411 -0.019249 0.163475
v 0.049658 -0.030527 0.165851
v 0.098240 0.070269 0.055063
v 0.098240 0.070269 0.055063
v -0.083316 -0.082138 0.102143
v -0.093998 -0.017788 -0.020383
v -0.113167 -0.093839 0.037718
v -0.101427 -0.098465 0.066783
v -0.101427 -0.098465 0.066783
v -0.090076 -0.005158 -0.044039
v -0.090076 -0.005158 -0.044039
v 0.080569 0.076875 0.047082
v 0.023057 0.054858 0.015274
v 0.047487 0.063007 0.030607
v -0.008329 0.044133 -0.004038
v -0.066564 0.016410 -0.032304
v 0.025228 -0.043252 0.157443
v -0.113837 -0.047167 -0.002879
v -0.077387 0.000838 -0.047509
v -0.120403 -0.060298 0.000790
v -0.027942 -0.069914 0.120048
v -0.089602 -0.092794 0.080359
v 0.071424 -0.040319 0.117430
v 0.071424 -0.040319 0.117430
v 0.079492 -0.029142 0.105159
v 0.003639 0.027036 -0.012938
v -0.022488 0.017948 -0.028771
v 0.035025 0.035445 0.009878
v 0.088195 0.063265 0.045521
v 0.048937 0.039273 0.019839
v 0.042650 -0.057440 0.128291
v 0.020587 -0.065764 0.120393
v 0.055678 -0.065809 0.103104
v 0.055678 -0.065809 0.103104
v -0.108435 -0.046854 -0.054331
v -0.124076 -0.060370 -0.016517
v 0.095853 0.024502 0.046995
v -0.089459 -0.013223 -0.061714
v -0.100757 -0.027270 -0.070996
v -0.100757 -0.027270 -0.070996
v 0.090399 0.043148 0.034625
v 0.099137 0.029211 0.030330
v 0.099137 0.029211 0.030330
v -0.126690 -0.078892 -0.008979
v -0.045664 -0.092331 0.085579
v -0.093327 -0.111284 0.055796
v -0.147888 -0.101964 -0.046398
v -0.156541 -0.113602 -0.073865
v -0.114527 -0.117024 0.027432
v -0.114527 -0.117024 0.027432
v -0.105789 -0.135482 0.029978
v -0.105789 -0.135482 0.029978
v -0.009407 0.002728 -0.043743
v 0.027153 0.010470 -0.014056
v 0.062017 0.020689 0.009957
v -0.089653 -0.031130 -0.083375
v -0.115833 -0.056375 -0.109884
v -0.115833 -0.056375 -0.109884
v -0.107095 -0.050666 -0.108629
v -0.123458 -0.071452 -0.100190
v 0.009321 -0.089144 0.090202
v -0.079662 -0.126395 0.045811
v -0.034280 -0.107278 0.068271
v 0.036312 -0.081993 0.092410
v 0.072873 0.007284 -0.001298
v -0.128632 -0.142122 0.000899
v -0.119947 -0.161667 0.005245
v -0.119947 -0.161667 0.005245
v 0.065475 -0.066442 0.075597
v 0.065475 -0.066442 0.075597
v 0.090347 -0.002854 0.033833
v -0.027376 -0.025763 -0.082345
v -0.000723 -0.008879 -0.051412
v 0.033030 -0.014503 -0.035471
v 0.074213 -0.050535 0.061418
v -0.158322 -0.121366 -0.064133
v 0.087734 -0.000925 0.010417
v 0.087734 -0.000925 0.010417
v -0.096186 -0.160453 0.025823
v -0.025595 -0.120042 0.062354
v -0.070060 -0.151365 0.041657
v 0.002509 -0.113275 0.061912
v 0.037372 -0.092856 0.070490
v 0.037372 -0.092856 0.070490
v -0.108207 -0.063148 -0.121791
v -0.108207 -0.063148 -0.121791
v -0.032798 -0.045191 -0.107409
v -0.008647 -0.050012 -0.086023
v -0.153504 -0.125277 -0.079062
v -0.153504 -0.125277 -0.079062
v -0.130466 -0.155845 -0.015479
v -0.153504 -0.130955 -0.070469
v -0.153504 -0.130955 -0.070469
v -0.122119 -0.084010 -0.105971
v 0.078328 -0.002266 -0.002695
v 0.078328 -0.002266 -0.002695
v 0.048918 -0.020878 -0.029856
v 0.048918 -0.020878 -0.029856
v 0.068121 -0.061021 0.017572
v -0.062487 -0.160328 0.033217
v 0.059774 -0.050161 -0.017083
v -0.136946 -0.145466 -0.082575
v -0.136946 -0.145466 -0.082575
v -0.128737 -0.159717 -0.042729
v -0.128737 -0.159717 -0.042729
v -0.113433 -0.098980 -0.108551
v -0.113433 -0.098980 -0.108551
v -0.096239 -0.081402 -0.128939
v -0.096239 -0.081402 -0.128939
v -0.096239 -0.081402 -0.128939
v -0.087501 -0.073434 -0.131105
v 0.047169 -0.042495 -0.034191
v 0.057603 -0.083480 0.039649
v 0.035429 -0.105897 0.039698
v 0.035429 -0.105897 0.039698
v -0.118303 -0.171263 -0.013442
v -0.118303 -0.171263 -0.013442
v -0.118303 -0.171263 -0.013442
v -0.104307 -0.173069 0.005142
v -0.083159 -0.175603 0.010899
v 0.011246 -0.119274 0.045602
v 0.011246 -0.119274 0.045602
v -0.049407 -0.169871 0.009652
v 0.016453 -0.064718 -0.066135
v 0.016453 -0.064718 -0.066135
v -0.100159 -0.114837 -0.109081
v -0.109760 -0.146084 -0.090414
v -0.119330 -0.163302 -0.057444
v -0.092286 -0.180038 -0.019240
v -0.092286 -0.180038 -0.019240
v -0.042646 -0.063326 -0.121909
v -0.029761 -0.075299 -0.119992
v -0.029761 -0.075299 -0.119992
v -0.073362 -0.100269 -0.131577
v -0.073362 -0.100269 -0.131577
v -0.043952 -0.088788 -0.128905
v -0.043952 -0.088788 -0.128905
v -0.106530 -0.158340 -0.081253
v 0.004434 -0.136624 0.007049
v 0.004434 -0.136624 0.007049
v -0.000156 -0.074598 -0.087526
v -0.000156 -0.074598 -0.087526
v 0.027557 -0.087817 -0.049396
v 0.044167 -0.094916 -0.002308
v 0.033011 -0.110578 0.004483
v 0.045226 -0.084975 -0.020430
v -0.071191 -0.179083 -0.018609
v -0.071191 -0.179083 -0.018609
v -0.096011 -0.170998 -0.050183
v -0.080987 -0.128964 -0.101276
v 0.009888 -0.094077 -0.073189
v -0.093839 -0.155763 -0.079550
v -0.041781 -0.169863 -0.012516
v -0.041781 -0.169863 -0.012516
v -0.041781 -0.169863 -0.012516
v 0.029728 -0.108856 -0.023864
v -0.067907 -0.166491 -0.047205
v -0.069020 -0.123107 -0.109631
v -0.049654 -0.112952 -0.125095
v -0.007749 -0.095646 -0.103831
v -0.025223 -0.100227 -0.116686
v -0.025223 -0.100227 -0.116686
v -0.025223 -0.100227 -0.116686
v 0.010947 -0.128349 -0.024399
v 0.013119 -0.113113 -0.053766
v -0.067907 -0.143833 -0.081495
v -0.027395 -0.156203 -0.025664
v -0.027395 -0.156203 -0.025664
v -0.049654 -0.136713 -0.089136
v -0.031984 -0.124078 -0.110272
v -0.031984 -0.124078 -0.110272
v -0.039609 -0.149003 -0.050392
v -0.003406 -0.107128 -0.099073
v -0.007749 -0.137544 -0.040423
v -0.007749 -0.137544 -0.040423
v -0.018657 -0.125982 -0.096788
v -0.018657 -0.125982 -0.096788
v -0.002295 -0.115395 -0.089793
v -0.002295 -0.115395 -0.089793
vn -0.5268 0.6478 0.5503
vn -0.4952 0.4459 0.7456
vn -0.4914 0.5981 0.6330
vn -0.4865 0.7981 0.3555
vn -0.4991 0.8203 0.2792
vn -0.6166 0.5661 0.5471
vn -0.6032 0.4343 0.6690
vn -0.5906 0.6961 0.4081
vn -0.5998 0.7322 0.3229
vn -0.5585 0.7901 0.2526
vn -0.5666 0.7819 0.2599
vn -0.5347 0.3924 0.7484
vn -0.4908 0.3111 0.8138
vn -0.4617 0.7212 0.5164
vn -0.4509 0.8437 0.2914
vn -0.4596 0.4518 0.7646
vn -0.4426 0.5003 0.7441
vn -0.4700 0.8484 0.2435
vn -0.4944 0.8572 0.1438
vn -0.4556 0.8585 0.2355
vn -0.4215 0.7775 0.4668
vn -0.4046 0.5518 0.7293
vn -0.6573 0.6185 0.4306
vn -0.6311 0.4296 0.6458
vn -0.5954 0.7719 0.2230
vn -0.6396 0.7316 0.2358
vn -0.5217 0.8230 0.2250
vn -0.5673 0.7974 0.2056
vn -0.4516 0.3494 0.8209
vn -0.4250 0.8579 0.2888
vn -0.6058 0.3283 0.7247
vn -0.5800 0.3077 0.7543
vn -0.5172 0.3012 0.8011
vn -0.4912 0.2674 0.8290
vn -0.4208 0.3628 0.8315
vn -0.3794 0.4200 0.8244
vn -0.5980 0.7906 0.1312
vn -0.3679 0.6010 0.7095
vn -0.3746 0.7923 0.4816
vn -0.3733 0.8654 0.3344
vn -0.6830 0.5093 0.5236
vn -0.6789 0.6861 0.2616
vn -0.3410 0.4564 0.8218
vn -0.6487 0.3595 0.6708
vn -0.6339 0.7515 0.1826
vn -0.6806 0.7135 0.1661
vn -0.4606 0.2791 0.8426
vn -0.4387 0.3009 0.8468
vn -0.4024 0.3045 0.8633
vn -0.7071 0.6164 0.3465
vn -0.6947 0.4342 0.5735
vn -0.4576 0.8639 0.2104
vn -0.4675 0.8689 0.1630
vn -0.4822 0.8724 0.0804
vn -0.3227 0.7107 0.6251
vn -0.3350 0.8624 0.3795
vn -0.6929 0.6977 0.1822
vn -0.2997 0.5091 0.8068
vn -0.5006 0.8579 0.1160
vn -0.5210 0.8403 0.1502
vn -0.5774 0.8109 0.0954
vn -0.5945 0.8038 0.0241
vn -0.3584 0.3129 0.8796
vn -0.4230 0.8898 0.1714
vn -0.3796 0.8940 0.2379
vn -0.6472 0.7558 0.0992
vn -0.3430 0.9042 0.2545
vn -0.5877 0.2763 0.7605
vn -0.6350 0.2517 0.7304
vn -0.3081 0.3299 0.8923
vn -0.7505 0.4319 0.5002
vn -0.7431 0.6401 0.1953
vn -0.5508 0.1779 0.8154
vn -0.5133 0.1089 0.8512
vn -0.5024 0.1819 0.8453
vn -0.5391 0.2199 0.8130
vn -0.6880 0.2955 0.6628
vn -0.7274 0.2033 0.6554
vn -0.4618 0.8868 -0.0201
vn -0.4357 0.8987 -0.0507
vn -0.4815 0.8727 -0.0814
vn -0.4924 0.8687 -0.0534
vn -0.5012 0.8496 -0.1642
vn -0.5272 0.8474 -0.0626
vn -0.4519 0.8919 0.0154
vn -0.4293 0.9031 0.0096
vn -0.7254 0.6781 0.1184
vn -0.2724 0.3665 0.8896
vn -0.7133 0.6986 0.0561
vn -0.3958 0.9156 -0.0714
vn -0.4224 0.9062 0.0174
vn -0.2729 0.8035 0.5291
vn -0.2537 0.6040 0.7556
vn -0.2837 0.9173 0.2794
vn -0.4537 0.2016 0.8681
vn -0.4140 0.1477 0.8982
vn -0.4113 0.2076 0.8875
vn -0.4520 0.1235 0.8834
vn -0.3695 0.1591 0.9155
vn -0.3673 0.2019 0.9079
vn -0.3674 0.0834 0.9263
vn -0.8323 0.4692 0.2952
vn -0.7867 0.2537 0.5628
vn -0.6844 0.1479 0.7139
vn -0.6257 0.1423 0.7670
vn -0.3758 0.9168 0.1352
vn -0.3991 0.9166 0.0251
vn -0.7651 0.6424 0.0440
vn -0.7763 0.6216 0.1052
vn -0.8283 0.5533 0.0885
vn -0.5700 0.8186 -0.0714
vn -0.6516 0.7573 -0.0451
vn -0.4536 0.0193 0.8910
vn -0.4298 0.8826 -0.1904
vn -0.3349 0.9219 -0.1950
vn -0.3881 0.9080 -0.1578
vn -0.3685 0.8909 -0.2654
vn -0.5783 0.1622 0.7995
vn -0.5624 0.0546 0.8250
vn -0.5161 -0.0154 0.8564
vn -0.3253 0.1792 0.9285
vn -0.3309 0.2092 0.9202
vn -0.3273 0.0942 0.9402
vn -0.2249 0.4397 0.8695
vn -0.4332 0.8377 -0.3326
vn -0.2715 0.2313 0.9342
vn -0.2859 0.1530 0.9460
vn -0.2894 0.1843 0.9393
vn -0.3270 0.9273 0.1823
vn -0.3166 0.9379 -0.1416
vn -0.3014 0.9415 -0.1511
vn -0.2483 0.2442 0.9374
vn -0.7141 0.6933 -0.0966
vn -0.2884 0.9481 -0.1341
vn -0.2021 0.6985 0.6864
vn -0.2101 0.8657 0.4544
vn -0.2167 0.9226 0.3192
vn -0.8699 0.2156 0.4437
vn -0.7802 0.1063 0.6165
vn -0.8967 0.3937 0.2021
vn -0.7131 0.0473 0.6995
vn -0.6997 0.0191 0.7142
vn -0.8188 0.5740 0.0051
vn -0.5000 0.8045 -0.3204
vn -0.5702 0.7965 -0.2009
vn -0.3741 0.8406 -0.3916
vn -0.2967 0.8711 -0.3913
vn -0.4041 0.0660 0.9123
vn -0.3611 -0.0284 0.9321
vn -0.1436 0.3811 0.9133
vn -0.1738 0.5204 0.8360
vn -0.6706 0.7200 -0.1786
vn -0.4723 -0.1197 0.8733
vn -0.2016 0.2960 0.9337
vn -0.2691 0.9402 0.2090
vn -0.5758 -0.0640 0.8151
vn -0.5303 -0.0876 0.8433
vn -0.6257 0.0710 0.7768
vn -0.4016 -0.0186 0.9156
vn -0.3254 -0.0304 0.9451
vn -0.3367 0.7347 -0.5890
vn -0.4875 0.7331 -0.4742
vn -0.2431 0.9632 -0.1144
vn -0.2193 0.9653 -0.1419
vn -0.2659 0.9459 -0.1862
vn -0.2703 0.9128 -0.3063
vn -0.2923 0.0740 0.9535
vn -0.8794 0.4754 0.0266
vn -0.9305 0.3427 0.1291
vn -0.8584 0.5088 -0.0650
vn -0.7783 0.6220 -0.0860
vn -0.1326 0.2735 0.9527
vn -0.3235 0.8442 -0.4274
vn -0.2753 0.7556 -0.5944
vn -0.2302 0.7645 -0.6021
vn -0.2456 0.1990 0.9487
vn -0.2456 0.0532 0.9679
vn -0.2379 0.1643 0.9573
vn -0.9250 0.1626 0.3433
vn -0.8525 0.0210 0.5223
vn -0.7637 -0.0452 0.6440
vn -0.7045 -0.0196 0.7094
vn -0.2251 0.9273 0.2992
vn -0.1438 0.6020 0.7854
vn -0.1533 0.8037 0.5750
vn -0.1639 0.9060 0.3902
vn -0.1241 0.4270 0.8957
vn -0.4015 -0.1367 0.9056
vn -0.3264 -0.2296 0.9169
vn -0.3644 -0.2948 0.8833
vn -0.8063 0.5618 -0.1853
vn -0.7303 0.6552 -0.1934
vn -0.1892 0.9776 -0.0920
vn -0.1608 0.9823 -0.0957
vn -0.4509 -0.2377 0.8604
vn -0.1823 0.2121 0.9601
vn -0.2208 0.1595 0.9622
vn -0.2276 0.1737 0.9581
vn -0.2368 0.1958 0.9516
vn -0.1028 0.3464 0.9324
vn -0.5294 -0.2207 0.8191
vn -0.6402 -0.1649 0.7503
vn -0.5633 -0.3076 0.7668
vn -0.2417 0.6379 -0.7312
vn -0.3408 0.6496 -0.6797
vn -0.4795 0.6465 -0.5934
vn -0.5705 0.6659 -0.4807
vn -0.1968 0.6660 -0.7195
vn -0.1676 0.6779 -0.7157
vn -0.2982 -0.2030 0.9327
vn -0.2611 -0.2349 0.9363
vn -0.2853 -0.0603 0.9565
vn -0.9633 0.1148 0.2425
vn -0.9050 -0.0701 0.4197
vn -0.9223 0.3864 -0.0011
vn -0.8136 -0.1506 0.5615
vn -0.7372 0.5768 -0.3520
vn -0.4009 -0.3981 0.8251
vn -0.1989 0.7826 -0.5898
vn -0.2362 -0.1080 0.9657
vn -0.1318 0.2190 0.9668
vn -0.8843 0.4579 -0.0913
vn -0.3393 -0.4053 0.8489
vn -0.1723 0.9143 0.3667
vn -0.2195 0.8899 -0.3999
vn -0.2013 0.9256 -0.3206
vn -0.1505 0.9874 -0.0500
vn -0.6633 -0.2412 0.7084
vn -0.7063 -0.1164 0.6983
vn -0.7847 -0.2261 0.5772
vn -0.7680 -0.1808 0.6145
vn -0.2737 -0.4120 0.8691
vn -0.0994 0.2750 0.9563
vn -0.1775 -0.1824 0.9671
vn -0.2078 0.0399 0.9774
vn -0.0937 0.6981 0.7099
vn -0.1011 0.8615 0.4977
vn -0.1228 0.9069 0.4031
vn -0.4922 0.5741 -0.6543
vn -0.2054 -0.2812 0.9374
vn -0.0855 0.4956 0.8643
vn -0.7961 0.5269 -0.2977
vn -0.2597 0.5795 -0.7725
vn -0.3566 0.5635 -0.7451
vn -0.1992 0.6100 -0.7670
vn -0.4508 -0.4882 0.7473
vn -0.4556 -0.4023 0.7941
vn -0.1494 0.9639 -0.2206
vn -0.2300 -0.3924 0.8906
vn -0.3821 0.4980 -0.7784
vn -0.1638 0.6362 -0.7539
vn -0.9147 -0.1372 0.3801
vn -0.8612 -0.2240 0.4563
vn -0.8628 -0.2742 0.4248
vn -0.1864 0.1824 0.9654
vn -0.2276 0.1596 0.9606
vn -0.1845 -0.4009 0.8974
vn -0.1471 0.6563 -0.7400
vn -0.1368 0.6148 -0.7768
vn -0.9629 0.2279 0.1444
vn -0.9124 -0.0676 0.4037
vn -0.6821 0.5495 -0.4826
vn -0.0873 0.3400 0.9364
vn -0.9265 0.3761 -0.0137
vn -0.5805 -0.4382 0.6864
vn -0.1615 -0.4853 0.8593
vn -0.1638 0.7996 -0.5778
vn -0.1226 0.6767 -0.7260
vn -0.1507 0.8429 -0.5165
vn -0.6771 -0.4174 0.6061
vn -0.1625 -0.3271 0.9309
vn -0.0967 0.6109 -0.7857
vn -0.0978 0.9122 0.3979
vn -0.0865 0.2510 0.9641
vn -0.1181 -0.2308 0.9658
vn -0.1468 0.0181 0.9890
vn -0.0992 0.9933 -0.0598
vn -0.0896 0.9863 -0.1385
vn -0.4253 0.4692 -0.7739
vn -0.2892 0.4934 -0.8203
vn -0.3280 0.4230 -0.8447
vn -0.3725 -0.5070 0.7773
vn -0.3147 -0.5289 0.7882
vn -0.2579 -0.5128 0.8189
vn -0.3548 -0.5870 0.7277
vn -0.1983 -0.5066 0.8391
vn -0.1149 0.8904 -0.4405
vn -0.1518 -0.4395 0.8853
vn -0.1055 -0.4774 0.8723
vn -0.8826 0.4448 -0.1521
vn -0.0655 0.9518 -0.2998
vn -0.0692 0.2789 0.9578
vn -0.0311 0.6332 0.7733
vn -0.0290 0.8162 0.5770
vn -0.0391 0.9073 0.4187
vn -0.8373 -0.2468 0.4879
vn -0.1146 -0.5399 0.8339
vn -0.1004 0.7287 -0.6775
vn -0.0193 0.4866 0.8734
vn -0.9522 0.1879 0.2407
vn -0.8435 -0.1029 0.5271
vn -0.9325 0.3612 0.0018
vn -0.6601 -0.5126 0.5491
vn -0.5605 -0.5686 0.6021
vn -0.7846 -0.3311 0.5242
vn -0.8123 -0.3665 0.4537
vn -0.8166 -0.3735 0.4400
vn -0.4666 -0.5770 0.6704
vn -0.2225 0.5555 -0.8012
vn -0.2474 0.4929 -0.8342
vn -0.0988 -0.3902 0.9154
vn -0.3250 0.3986 -0.8576
vn -0.0796 0.7786 -0.6225
vn -0.0318 0.3788 0.9249
vn -0.3016 0.3887 -0.8706
vn -0.5128 0.4822 -0.7103
vn -0.6950 0.5143 -0.5026
vn -0.7418 0.5027 -0.4439
vn -0.0450 -0.2456 0.9683
vn -0.0955 0.0154 0.9953
vn -0.1422 0.2030 0.9688
vn -0.0412 -0.5198 0.8533
vn -0.3711 -0.6218 0.6897
vn -0.3378 0.3363 -0.8791
vn -0.1785 0.6022 -0.7781
vn -0.1950 0.5359 -0.8215
vn -0.0563 -0.5732 0.8175
vn -0.0223 0.9634 0.2670
vn -0.0939 0.5732 -0.8140
vn -0.0774 0.6357 -0.7681
vn -0.0475 0.9989 -0.0049
vn -0.0336 0.9945 -0.0997
vn -0.1385 -0.5543 0.8207
vn -0.8978 0.4198 -0.1330
vn -0.0486 0.2487 0.9674
vn -0.0324 -0.4408 0.8970
vn -0.9491 0.1113 0.2946
vn -0.5871 -0.6184 0.5224
vn -0.4570 -0.6324 0.6255
vn -0.4920 -0.6483 0.5811
vn -0.2603 -0.6044 0.7530
vn -0.1696 -0.5982 0.7832
vn -0.3071 -0.6159 0.7255
vn -0.0557 0.6798 -0.7313
vn -0.0278 0.2896 0.9568
vn -0.8086 -0.3178 0.4952
vn -0.6653 -0.5676 0.4851
vn -0.6162 -0.5743 0.5389
vn -0.8410 -0.1369 0.5235
vn -0.7920 -0.1875 0.5810
vn 0.0130 -0.6210 0.7837
vn -0.0413 0.8428 -0.5366
vn -0.6501 -0.2744 0.7086
vn -0.5221 -0.4063 0.7499
vn -0.6221 -0.4147 0.6641
vn -0.6508 -0.2525 0.7161
vn -0.2410 0.4902 -0.8376
vn -0.4967 0.5956 -0.6314
vn -0.7305 0.5287 -0.4323
vn 0.0427 0.7257 0.6867
vn 0.0411 0.8765 0.4796
vn 0.0301 0.9309 0.3639
vn 0.0450 0.5137 0.8568
vn -0.3019 0.4329 -0.8494
vn -0.0184 0.9758 -0.2179
vn -0.9602 0.2789 0.0117
vn -0.9195 0.2903 -0.2648
vn -0.1083 -0.6065 0.7877
vn -0.0849 -0.6137 0.7849
vn 0.0037 -0.6508 0.7593
vn -0.0250 0.2500 0.9679
vn 0.0377 0.2457 0.9686
vn 0.0115 0.2208 0.9753
vn 0.0426 0.3739 0.9265
vn -0.5533 -0.5742 0.6034
vn -0.5441 -0.6460 0.5354
vn -0.4837 -0.6472 0.5893
vn -0.1500 0.5668 -0.8101
vn -0.1292 -0.6408 0.7568
vn -0.0267 0.7265 -0.6867
vn -0.2522 0.4040 -0.8793
vn -0.9835 -0.1661 0.0712
vn -0.3350 0.3923 -0.8567
vn -0.0727 0.5884 -0.8053
vn 0.0087 -0.5502 0.8350
vn 0.0357 0.9788 0.2015
vn -0.0209 0.9998 -0.0014
vn 0.0048 -0.4346 0.9006
vn -0.9552 -0.0899 -0.2819
vn -0.8413 0.2311 -0.4887
vn -0.0874 0.6257 -0.7751
vn -0.2230 0.6365 -0.7383
vn -0.5717 -0.3415 0.7460
vn -0.7566 -0.1475 0.6370
vn -0.8783 -0.3710 0.3016
vn -0.7651 -0.1599 0.6238
vn -0.0438 0.5900 -0.8062
vn -0.0527 0.5463 -0.8359
vn -0.0239 -0.1459 0.9890
vn 0.0042 -0.2791 0.9603
vn -0.5255 -0.4881 0.6969
vn -0.4121 -0.6498 0.6387
vn -0.3282 -0.6510 0.6845
vn 0.0577 -0.6934 0.7183
vn -0.0040 0.8987 -0.4385
vn -0.8466 -0.1243 -0.5176
vn -0.8065 -0.3519 -0.4751
vn -0.7223 -0.0764 -0.6874
vn -0.0731 0.6987 -0.7117
vn 0.0528 0.9936 -0.1003
vn 0.0447 0.9825 -0.1811
vn -0.8749 -0.4145 -0.2504
vn -0.8762 -0.4641 -0.1302
vn -0.2647 -0.6521 0.7104
vn -0.1540 0.4965 -0.8542
vn -0.2122 0.4639 -0.8601
vn -0.1630 0.6772 -0.7175
vn -0.4337 0.3880 -0.8133
vn -0.1917 -0.6545 0.7314
vn -0.0985 0.5117 -0.8535
vn -0.0699 0.5376 -0.8403
vn -0.8371 -0.0985 -0.5382
vn -0.9351 -0.0825 -0.3447
vn -0.8732 -0.3767 -0.3092
vn -0.8278 -0.4952 -0.2638
vn 0.1302 0.6077 0.7834
vn 0.1335 0.8065 0.5759
vn 0.1207 0.4460 0.8869
vn 0.1143 0.9190 0.3774
vn -0.4920 -0.5034 0.7103
vn -0.4294 -0.5113 0.7445
vn -0.5942 -0.3744 0.7118
vn -0.6725 0.1134 -0.7313
vn -0.4393 0.3458 -0.8291
vn -0.0277 -0.7462 0.6651
vn -0.0287 0.6548 -0.7552
vn -0.0002 0.7723 -0.6353
vn 0.1207 0.3972 0.9097
vn -0.3771 0.3941 -0.8381
vn -0.2839 0.5589 -0.7791
vn -0.3435 0.3842 -0.8569
vn -0.1783 0.4147 -0.8923
vn -0.2686 0.3978 -0.8773
vn 0.0484 0.9340 -0.3541
vn 0.0355 -0.6504 0.7587
vn 0.0215 -0.5306 0.8473
vn -0.7876 -0.6016 0.1336
vn -0.6672 -0.4543 0.5903
vn 0.0668 0.1965 0.9782
vn -0.4666 -0.6488 0.6011
vn 0.1303 0.9799 0.1513
vn -0.0003 0.7461 -0.6658
vn -0.2167 0.4591 -0.8615
vn -0.4937 0.1345 -0.8592
vn -0.4582 0.2515 -0.8525
vn 0.0645 -0.7612 0.6453
vn -0.9234 -0.2993 -0.2403
vn -0.7867 -0.4979 -0.3650
vn -0.9183 0.2351 -0.3185
vn -0.9418 0.1799 -0.2840
vn 0.0190 -0.1273 0.9917
vn -0.7886 -0.5592 -0.2558
vn -0.7939 0.1305 -0.5939
vn -0.0664 0.4722 -0.8790
vn -0.1084 0.4510 -0.8859
vn -0.0413 0.4898 -0.8708
vn 0.1103 0.2887 0.9511
vn -0.5258 -0.6481 0.5509
vn -0.4088 -0.7724 0.4861
vn -0.3709 -0.7059 0.6034
vn -0.2481 -0.7585 0.6026
vn 0.0264 -0.4178 0.9081
vn 0.0392 -0.2260 0.9733
vn 0.0509 -0.4761 0.8779
vn 0.0820 0.9933 -0.0819
vn 0.1002 0.9799 -0.1727
vn -0.0155 0.5735 -0.8191
vn -0.5244 -0.5752 -0.6278
vn -0.4809 -0.5973 -0.6418
vn -0.4852 -0.6787 -0.5513
vn -0.6192 -0.6010 -0.5053
vn -0.5807 -0.5682 -0.5830
vn -0.5436 -0.3676 -0.7546
vn 0.1677 -0.8375 0.5201
vn -0.7892 -0.4829 -0.3795
vn -0.2241 0.2765 -0.9345
vn -0.5043 -0.6193 -0.6018
vn -0.6881 -0.4070 -0.6007
vn -0.3994 -0.7381 -0.5437
vn -0.5736 -0.6427 0.5078
vn -0.3076 -0.7691 0.5602
vn -0.7321 -0.6781 -0.0652
vn -0.6166 -0.7631 0.1936
vn -0.3297 -0.7243 0.6055
vn -0.5233 -0.5689 -0.6344
vn -0.6411 -0.1380 -0.7550
vn -0.6417 -0.4260 -0.6377
vn -0.0114 0.6598 -0.7514
vn 0.0307 0.8182 -0.5742
vn -0.8091 -0.3410 -0.4787
vn -0.8449 -0.3376 -0.4149
vn -0.1071 -0.8367 0.5370
vn -0.2965 0.4455 -0.8447
vn -0.0561 -0.7823 0.6204
vn 0.1084 0.9584 -0.2642
vn 0.0974 0.2008 0.9748
vn 0.1731 0.2135 0.9615
vn 0.1308 0.1794 0.9750
vn -0.8046 -0.2292 -0.5479
vn -0.8426 -0.2737 -0.4639
vn -0.7428 -0.2839 -0.6063
vn 0.0529 -0.1421 0.9884
vn -0.2011 -0.8412 0.5020
vn -0.3667 -0.7852 0.4990
vn -0.4251 -0.7872 0.4468
vn 0.2079 0.6879 0.6954
vn 0.2085 0.8344 0.5101
vn 0.1981 0.9316 0.3047
vn -0.1685 -0.9364 0.3079
vn -0.2642 -0.9312 0.2512
vn -0.2891 -0.8908 0.3504
vn -0.0214 0.2007 -0.9794
vn -0.1324 0.2289 -0.9644
vn 0.1868 0.4909 0.8509
vn -0.7546 -0.5930 -0.2809
vn -0.6764 -0.3035 -0.6711
vn 0.0469 0.3956 -0.9172
vn -0.0213 0.4796 -0.8772
vn 0.0916 0.2471 -0.9647
vn -0.0321 0.5119 -0.8584
vn -0.5701 -0.4171 -0.7078
vn -0.6189 -0.4069 -0.6718
vn -0.6452 -0.4287 -0.6324
vn -0.5007 -0.2304 -0.8344
vn -0.2219 -0.2602 -0.9397
vn -0.3490 -0.4242 -0.8356
vn -0.4485 0.0249 -0.8934
vn 0.1119 -0.8085 0.5777
vn 0.0206 -0.7103 0.7036
vn 0.1698 -0.2090 -0.9631
vn 0.0269 -0.3596 -0.9327
vn -0.2496 0.1732 -0.9527
vn 0.2632 -0.9644 -0.0237
vn 0.2949 -0.9537 0.0595
vn 0.1843 -0.9826 -0.0230
vn 0.1740 -0.9754 -0.1351
vn 0.0731 -0.9942 0.0789
vn 0.1227 -0.9916 -0.0406
vn 0.0855 -0.9850 -0.1497
vn 0.0899 -0.9798 -0.1789
vn 0.1787 0.3498 0.9196
vn -0.2714 -0.9470 -0.1721
vn -0.1840 -0.9820 0.0432
vn -0.2639 -0.8362 0.4807
vn -0.0970 -0.9043 0.4158
vn 0.0184 0.7212 -0.6925
vn -0.7652 -0.2775 -0.5809
vn -0.6189 -0.4068 -0.6719
vn -0.5961 -0.4700 -0.6510
vn -0.5947 -0.3717 -0.7128
vn -0.6146 -0.5682 -0.5471
vn -0.6179 -0.5452 -0.5666
vn 0.0695 -0.9854 -0.1551
vn 0.0496 -0.9972 -0.0562
vn -0.0020 -0.9944 -0.1055
vn 0.0295 0.2363 -0.9712
vn 0.0770 0.2348 -0.9690
vn -0.5024 -0.7097 -0.4939
vn -0.6333 -0.6091 -0.4774
vn 0.1077 -0.9694 0.2208
vn 0.0654 -0.9970 -0.0424
vn 0.0444 -0.9970 0.0641
vn 0.1660 0.9852 0.0422
vn 0.1290 0.9883 -0.0815
vn -0.1093 0.2298 -0.9671
vn 0.1933 0.3125 -0.9300
vn -0.1012 0.0973 -0.9901
vn 0.0603 -0.9974 0.0392
vn 0.0746 -0.9948 0.0694
vn 0.2689 -0.9622 0.0433
vn 0.1150 -0.9933 0.0064
vn -0.0437 -0.9990 -0.0057
vn 0.0903 0.8978 -0.4310
vn -0.5237 -0.5337 -0.6640
vn 0.1179 -0.9904 0.0719
vn 0.1554 -0.9471 0.2806
vn -0.0968 -0.8724 -0.4791
vn 0.2920 -0.9510 -0.1011
vn 0.0014 -0.9996 -0.0276
vn 0.0826 -0.9933 -0.0811
vn -0.1324 -0.9910 -0.0211
vn 0.1690 -0.9055 0.3893
vn 0.2325 -0.9119 0.3383
vn -0.0208 0.5625 -0.8265
vn 0.6227 -0.2154 -0.7522
vn 0.6734 -0.2895 -0.6802
vn 0.6428 -0.2740 -0.7154
vn 0.5627 -0.1703 -0.8089
vn 0.2624 -0.4405 -0.8585
vn 0.4111 -0.4603 -0.7869
vn 0.2844 -0.3207 -0.9035
vn 0.1485 -0.2184 -0.9645
vn 0.1489 -0.3907 -0.9084
vn 0.2058 -0.5151 -0.8321
vn 0.2381 -0.9028 0.3582
vn -0.2019 -0.5987 -0.7751
vn 0.0170 0.0029 -0.9999
vn 0.1808 0.9686 -0.1705
vn 0.1626 0.9568 -0.2410
vn 0.0207 -0.9974 0.0683
vn 0.2448 -0.4725 -0.8466
vn 0.3804 -0.4212 -0.8233
vn 0.1622 -0.4805 -0.8619
vn 0.6220 -0.3033 -0.7219
vn 0.5502 -0.3849 -0.7411
vn 0.3247 -0.2904 -0.9001
vn 0.4362 -0.3080 -0.8455
vn -0.0806 -0.9955 -0.0501
vn 0.0163 -0.9737 -0.2271
vn 0.2911 -0.9458 0.1439
vn 0.3191 -0.9383 0.1331
vn 0.2523 -0.9507 -0.1802
vn -0.0843 -0.9961 0.0273
vn 0.2301 -0.9655 0.1218
vn 0.1920 -0.3938 -0.8989
vn 0.1851 -0.4392 -0.8791
vn 0.1189 -0.0216 -0.9927
vn 0.1339 -0.9883 0.0725
vn 0.2325 -0.9693 0.0796
vn 0.0298 0.3392 -0.9402
vn -0.0180 0.4091 -0.9123
vn 0.2018 -0.3209 -0.9254
vn 0.3399 -0.9359 0.0929
vn 0.3497 -0.9358 0.0441
vn 0.3299 -0.9401 0.0861
vn 0.3106 -0.9416 0.1299
vn 0.2261 -0.9152 0.3335
vn 0.0120 -0.6169 0.7869
vn 0.0320 -0.5633 0.8256
vn 0.0540 0.7891 -0.6118
vn 0.2926 -0.4099 -0.8640
vn 0.3979 -0.4335 -0.8085
vn 0.4964 -0.4046 -0.7680
vn 0.4389 -0.5533 -0.7079
vn 0.1427 -0.4354 -0.8889
vn 0.1540 -0.4958 -0.8547
vn 0.1363 0.0471 -0.9895
vn 0.3248 -0.8158 -0.4784
vn 0.1328 -0.3374 -0.9319
vn 0.1330 -0.9910 0.0171
vn 0.2028 -0.8899 -0.4086
vn 0.2474 -0.3629 -0.8984
vn 0.2198 -0.4087 -0.8858
vn 0.1815 0.0411 -0.9825
vn 0.1838 0.0657 -0.9808
vn 0.0705 -0.2969 0.9523
vn 0.0724 -0.2298 0.9705
vn 0.1987 0.1443 0.9694
vn 0.2765 0.5873 0.7607
vn 0.2905 0.7782 0.5568
vn 0.2970 0.8540 0.4271
vn 0.2105 -0.5307 -0.8210
vn 0.2590 0.4092 0.8749
vn 0.1538 0.9317 -0.3290
vn -0.0986 -0.9917 -0.0830
vn 0.3011 -0.9526 0.0438
vn 0.3234 -0.9452 0.0455
vn 0.3389 -0.7321 -0.5910
vn 0.1758 -0.3960 -0.9012
vn 0.3061 -0.3383 -0.8899
vn 0.3130 -0.3238 -0.8928
vn 0.0937 -0.4066 -0.9088
vn 0.2831 -0.9586 0.0307
vn 0.1823 -0.9313 0.3153
vn 0.1467 -0.9403 0.3070
vn 0.1370 -0.9240 0.3569
vn 0.0852 -0.8705 0.4847
vn 0.2436 0.3210 0.9152
vn 0.1356 -0.3759 -0.9167
vn 0.3389 -0.3083 -0.8889
vn 0.3340 -0.3150 -0.8884
vn 0.1209 0.0539 -0.9912
vn 0.1745 0.0359 -0.9840
vn 0.0648 0.1419 -0.9878
vn 0.3334 -0.3147 -0.8887
vn 0.3281 -0.2930 -0.8981
vn 0.0404 -0.9984 -0.0383
vn 0.2861 0.9178 0.2752
vn 0.1316 -0.4852 -0.8645
vn 0.1309 -0.8263 -0.5479
vn 0.3087 -0.9465 0.0935
vn 0.3315 -0.9410 0.0688
vn 0.3704 -0.9279 0.0422
vn 0.2841 -0.2740 -0.9188
vn 0.2949 -0.3326 -0.8958
vn 0.2437 -0.9689 0.0428
vn 0.0450 -0.9564 -0.2887
vn 0.2133 -0.9737 -0.0803
vn 0.2342 0.2411 0.9418
vn 0.3140 -0.3448 -0.8846
vn 0.2333 -0.3797 -0.8952
vn -0.0234 0.4583 -0.8885
vn 0.2508 0.9591 -0.1312
vn 0.2485 0.9479 -0.1993
vn 0.3687 -0.9295 -0.0059
vn 0.1932 -0.5169 -0.8340
vn 0.3519 -0.3399 -0.8721
vn 0.2031 -0.4146 -0.8871
vn 0.1124 0.8451 -0.5227
vn 0.3613 -0.3586 -0.8607
vn 0.2505 -0.2159 -0.9437
vn 0.2428 -0.3065 -0.9204
vn 0.1930 -0.9806 0.0349
vn 0.2320 -0.9704 -0.0674
vn 0.1482 -0.9770 -0.1533
vn 0.1560 -0.9876 0.0157
vn 0.0064 0.6375 -0.7704
vn 0.1552 -0.7119 -0.6849
vn 0.1244 -0.8442 -0.5215
vn 0.3198 -0.3856 -0.8655
vn 0.3922 -0.9198 -0.0087
vn 0.3556 -0.9346 -0.0061
vn 0.3239 -0.9426 -0.0812
vn 0.1569 -0.9756 -0.1538
vn 0.1869 -0.8983 -0.3977
vn 0.2747 -0.4214 -0.8643
vn 0.2337 0.9285 -0.2885
vn 0.0281 0.1638 -0.9861
vn 0.2218 0.1499 0.9635
vn 0.2001 -0.8028 -0.5617
vn 0.3600 -0.4544 -0.8148
vn 0.2419 -0.3993 -0.8843
vn 0.0982 -0.0620 -0.9932
vn 0.1377 -0.2395 -0.9611
vn 0.0480 0.7065 -0.7061
vn 0.2430 -0.6937 -0.6780
vn 0.0469 -0.9222 0.3838
vn -0.0076 -0.8772 0.4800
vn -0.0729 -0.8840 0.4617
vn -0.0326 -0.7482 0.6627
vn -0.0096 -0.6741 0.7386
vn 0.2892 -0.9515 -0.1050
vn 0.3938 -0.4074 -0.8240
vn 0.1140 -0.2393 0.9642
vn 0.0871 0.7584 -0.6459
vn 0.1297 -0.9275 0.3507
vn 0.3937 -0.4292 -0.8129
vn 0.3594 -0.4230 -0.8318
vn 0.3071 -0.9168 -0.2551
vn 0.2344 -0.9262 -0.2953
vn 0.1372 -0.3908 -0.9102
vn 0.2990 -0.5531 -0.7776
vn 0.3675 0.6626 0.6526
vn 0.3660 0.8025 0.4713
vn 0.3863 0.8183 0.4255
vn 0.3230 -0.9064 -0.2721
vn 0.3341 0.4334 0.8370
vn 0.2555 -0.8152 -0.5198
vn 0.2573 -0.4427 -0.8590
vn 0.3234 -0.4411 -0.8372
vn 0.3970 -0.6254 -0.6718
vn 0.3359 -0.7084 -0.6208
vn 0.1113 -0.3312 0.9370
vn 0.1408 -0.2268 0.9637
vn 0.3997 -0.9011 -0.1679
vn 0.4168 -0.8969 -0.1481
vn 0.1208 -0.9901 -0.0709
vn 0.1548 -0.9862 0.0580
vn 0.3099 0.2880 0.9061
vn 0.3160 -0.8252 -0.4683
vn 0.4145 -0.7377 -0.5329
vn 0.3931 -0.9063 -0.1551
vn 0.0325 -0.0108 -0.9994
vn 0.3925 0.8596 0.3272
vn 0.4101 0.8836 0.2261
vn 0.4270 -0.5434 -0.7227
vn 0.1525 -0.4754 -0.8665
vn 0.1991 0.8809 -0.4294
vn 0.3280 0.9281 -0.1764
vn 0.3243 0.9202 -0.2191
vn 0.4120 -0.8282 -0.3798
vn 0.4247 -0.5273 -0.7359
vn 0.3982 -0.5353 -0.7449
vn -0.0270 0.1825 -0.9828
vn -0.0221 0.3159 -0.9485
vn 0.4469 -0.8089 -0.3820
vn 0.4485 -0.7092 -0.5439
vn 0.3522 -0.5463 -0.7599
vn 0.0960 -0.4389 -0.8934
vn 0.0778 -0.5094 -0.8570
vn 0.0492 -0.2750 -0.9602
vn 0.0542 -0.9985 -0.0117
vn 0.0812 -0.9963 0.0291
vn 0.4320 -0.8042 -0.4082
vn 0.4527 -0.6392 -0.6216
vn 0.4578 -0.7314 -0.5055
vn 0.3109 0.9089 -0.2778
vn 0.4264 -0.6338 -0.6453
vn 0.2839 -0.4928 -0.8225
vn 0.2748 -0.5662 -0.7771
vn 0.1310 0.7724 -0.6214
vn 0.1924 -0.5144 -0.8357
vn 0.4358 -0.7145 -0.5473
vn 0.3747 -0.6655 -0.6456
vn 0.2817 0.1573 0.9465
vn 0.3748 -0.8618 -0.3418
vn 0.3890 -0.7396 -0.5493
vn 0.2992 -0.8373 -0.4576
vn 0.2923 -0.6596 -0.6924
vn 0.0032 0.5348 -0.8450
vn 0.2976 -0.7524 -0.5877
vn 0.1864 -0.6009 -0.7773
vn 0.2450 0.1168 0.9625
vn 0.1092 -0.5401 -0.8345
vn 0.0004 -0.9328 0.3603
vn -0.0574 -0.9367 0.3453
vn -0.0410 -0.9960 -0.0791
vn -0.0146 -0.9998 0.0156
vn 0.2203 -0.9249 -0.3098
vn 0.0425 0.6134 -0.7886
vn 0.2940 0.0808 0.9524
vn 0.0958 0.6891 -0.7183
vn 0.3029 0.8927 -0.3337
vn 0.2005 -0.7066 -0.6786
vn 0.0266 -0.4792 -0.8773
vn 0.2045 -0.7853 -0.5844
vn 0.4321 0.5207 0.7363
vn 0.4562 0.7590 0.4644
vn 0.3998 0.3436 0.8497
vn 0.4798 0.7907 0.3802
vn 0.1877 -0.8504 -0.4915
vn 0.1149 -0.6453 -0.7552
vn -0.0147 0.0664 -0.9977
vn -0.0345 -0.3274 -0.9442
vn 0.3733 0.2557 0.8918
vn 0.4920 0.8256 0.2761
vn 0.1256 -0.9185 -0.3750
vn 0.5078 0.8486 0.1484
vn 0.1175 -0.7261 -0.6775
vn 0.4030 0.8803 -0.2504
vn 0.3989 0.8808 -0.2551
vn 0.2320 0.8263 -0.5132
vn 0.1123 -0.7989 -0.5909
vn 0.0277 -0.5692 -0.8217
vn 0.3557 0.1748 0.9181
vn 0.0985 -0.8432 -0.5285
vn 0.3872 0.8656 -0.3175
vn -0.1111 -0.9229 0.3686
vn -0.1046 -0.9945 0.0014
vn -0.0751 -0.9969 0.0230
vn 0.0316 -0.6627 -0.7482
vn 0.1655 0.7256 -0.6680
vn 0.3546 0.0254 0.9347
vn 0.3421 0.0769 0.9365
vn 0.0786 -0.9486 -0.3065
vn 0.0276 -0.9678 -0.2501
vn 0.0308 -0.7348 -0.6776
vn -0.0549 -0.4987 -0.8650
vn 0.1694 -0.2570 0.9515
vn 0.0309 -0.7973 -0.6027
vn -0.0421 0.1536 -0.9872
vn -0.0501 0.0792 -0.9956
vn -0.0527 0.0495 -0.9974
vn 0.0141 0.4160 -0.9093
vn 0.0088 -0.8587 -0.5124
vn 0.0497 0.4933 -0.8684
vn 0.3129 0.8096 -0.4966
vn 0.0916 0.5645 -0.8203
vn 0.0730 -0.5141 0.8546
vn 0.1525 -0.3756 0.9141
vn -0.0114 -0.9552 -0.2959
vn -0.0681 -0.6151 -0.7855
vn -0.0985 -0.4269 -0.8989
vn -0.1179 -0.5037 -0.8558
vn 0.5521 0.5745 0.6043
vn 0.5621 0.7452 0.3587
vn 0.4913 0.3215 0.8095
vn 0.5713 0.7599 0.3102
vn -0.1691 -0.9855 -0.0102
vn -0.1491 -0.9885 0.0269
vn -0.0715 -0.6958 -0.7147
vn 0.1413 0.6354 -0.7591
vn 0.2133 0.6753 -0.7061
vn 0.4527 0.2074 0.8672
vn 0.5751 0.8094 0.1188
vn -0.0760 -0.7867 -0.6126
vn -0.0775 -0.9262 -0.3691
vn 0.5465 0.8327 -0.0897
vn 0.4940 0.8247 -0.2755
vn -0.0215 -0.6619 0.7492
vn 0.0223 -0.6101 0.7920
vn 0.0671 -0.5840 0.8090
vn 0.4755 0.8275 -0.2987
vn -0.0484 -0.7014 0.7111
vn 0.2227 -0.2746 0.9354
vn -0.1278 -0.9797 -0.1542
vn 0.4056 0.0812 0.9104
vn -0.1204 -0.8381 0.5320
vn -0.1341 -0.6294 -0.7654
vn 0.4608 0.8018 -0.3806
vn 0.3570 0.7227 -0.5918
vn -0.2026 -0.9317 0.3014
vn -0.1486 -0.7042 -0.6942
vn -0.1713 -0.7573 -0.6302
vn 0.4055 -0.0124 0.9140
vn 0.3981 0.0156 0.9172
vn 0.0525 0.4142 -0.9087
vn 0.0077 0.3195 -0.9476
vn 0.0908 0.4557 -0.8855
vn -0.1497 -0.8747 -0.4610
vn -0.1736 -0.7940 -0.5826
vn -0.0663 0.0443 -0.9968
vn -0.1504 -0.4314 -0.8895
vn -0.1769 -0.5531 -0.8141
vn -0.2579 -0.9628 -0.0805
vn -0.2268 -0.9729 0.0441
vn -0.0706 0.1338 -0.9885
vn 0.1378 0.5281 -0.8379
vn 0.1833 0.5894 -0.7868
vn -0.1647 -0.0569 -0.9847
vn 0.1117 -0.5294 0.8410
vn 0.1986 -0.3769 0.9047
vn 0.2719 -0.2923 0.9169
vn -0.1720 -0.9328 -0.3168
vn 0.6587 0.5796 0.4797
vn 0.5706 0.2993 0.7647
vn 0.6519 0.6897 0.3152
vn 0.5396 0.2108 0.8151
vn 0.6570 0.7259 0.2036
vn 0.6492 0.7606 0.0103
vn -0.2085 -0.6856 -0.6975
vn 0.2551 0.5959 -0.7615
vn 0.5824 0.7621 -0.2830
vn 0.5647 0.7630 -0.3145
vn 0.4980 0.0793 0.8636
vn -0.2512 -0.7637 -0.5947
vn -0.2034 -0.9176 -0.3416
vn 0.5382 0.7417 -0.4004
vn 0.4360 -0.0130 0.8999
vn -0.2891 -0.9439 0.1596
vn -0.2417 -0.9131 0.3285
vn -0.1122 -0.7721 0.6255
vn -0.2674 -0.4270 -0.8638
vn -0.2590 -0.5125 -0.8187
vn 0.1116 0.3920 -0.9132
vn 0.0718 0.3741 -0.9246
vn 0.0661 0.3065 -0.9496
vn 0.1935 0.5053 -0.8410
vn 0.1422 0.4483 -0.8825
vn -0.3199 -0.9441 -0.0797
vn -0.3049 -0.9510 0.0509
vn 0.4238 -0.0336 0.9052
vn 0.5035 0.6954 -0.5129
vn 0.3936 0.5931 -0.7023
vn -0.0462 0.1341 -0.9899
vn -0.0619 -0.7231 0.6879
vn -0.0025 -0.6919 0.7220
vn 0.0538 -0.6283 0.7761
vn -0.2700 -0.6336 -0.7250
vn -0.2332 -0.9020 -0.3632
vn 0.0823 -0.5955 0.7991
vn 0.6976 0.3405 0.6304
vn 0.7519 0.5298 0.3923
vn 0.7394 0.6064 0.2924
vn 0.6063 0.1781 0.7750
vn 0.7275 0.6491 0.2221
vn 0.7311 0.6806 0.0465
vn -0.3055 -0.7114 -0.6329
vn 0.2881 0.4982 -0.8178
vn 0.2420 -0.4244 0.8725
vn 0.3761 -0.2397 0.8950
vn 0.7028 0.6975 -0.1400
vn 0.5783 0.0776 0.8121
vn 0.6443 0.7099 -0.2846
vn 0.6628 0.6799 -0.3139
vn -0.2905 -0.8922 -0.3457
vn -0.3250 -0.8743 -0.3605
vn 0.1288 -0.5718 0.8102
vn 0.6066 0.6919 -0.3915
vn 0.2093 0.4253 -0.8805
vn -0.2281 -0.1344 -0.9643
vn 0.5363 -0.0088 0.8440
vn -0.3256 -0.4703 -0.8203
vn -0.3027 -0.5789 -0.7572
vn -0.2816 -0.3600 -0.8894
vn 0.1242 0.3036 -0.9447
vn 0.0926 0.1765 -0.9799
vn 0.1634 0.3730 -0.9133
vn 0.8217 0.3717 0.4320
vn 0.8255 0.4939 0.2729
vn 0.7622 0.2150 0.6106
vn 0.7933 0.5841 0.1719
vn 0.6060 0.6371 -0.4763
vn 0.7838 0.6207 0.0213
vn -0.1726 -0.8877 0.4268
vn 0.6748 0.1029 0.7308
vn 0.4640 -0.0446 0.8847
vn 0.4702 -0.1474 0.8701
vn 0.5456 -0.1123 0.8305
vn 0.4985 -0.0549 0.8652
vn 0.7121 0.6469 -0.2729
vn 0.7147 0.6363 -0.2903
vn -0.2880 -0.9413 0.1759
vn 0.5210 0.5623 -0.6422
vn 0.4103 0.4945 -0.7662
vn -0.3076 -0.9428 -0.1281
vn -0.3111 -0.9503 0.0097
vn 0.1880 0.3162 -0.9299
vn 0.3780 -0.3556 0.8548
vn 0.6242 0.0068 0.7813
vn 0.6853 0.6300 -0.3653
vn 0.2490 -0.5186 0.8180
vn -0.3189 -0.6696 -0.6708
vn 0.8664 0.3696 0.3358
vn 0.8503 0.4959 0.1760
vn 0.7205 0.0963 0.6868
vn 0.8415 0.2507 0.4786
vn 0.8180 0.5718 0.0624
vn 0.3125 0.4247 -0.8497
vn 0.5696 -0.0615 0.8196
vn 0.6641 0.0097 0.7476
vn 0.6436 0.5848 -0.4937
vn 0.7374 0.6256 -0.2548
vn -0.3428 -0.8421 -0.4163
vn 0.0718 0.0422 -0.9965
vn 0.5106 -0.2453 0.8241
vn 0.7555 0.0727 0.6511
vn 0.0885 -0.6248 0.7758
vn 0.1507 -0.6181 0.7715
vn 0.0700 -0.6984 0.7123
vn 0.8777 0.3865 0.2833
vn 0.8723 0.4319 0.2293
vn 0.2314 0.3582 -0.9045
vn 0.5563 0.5299 -0.6401
vn 0.8444 0.1297 0.5198
vn -0.2107 -0.3034 -0.9293
vn -0.2790 -0.4371 -0.8550
vn -0.2066 -0.2443 -0.9474
vn -0.3185 -0.5580 -0.7663
vn 0.0403 -0.7662 0.6413
vn 0.4774 0.4784 -0.7370
vn 0.7295 0.5979 -0.3322
vn -0.0270 -0.7878 0.6153
vn -0.0617 -0.9174 0.3931
vn 0.5893 -0.1810 0.7874
vn 0.5791 -0.0791 0.8114
vn 0.7220 0.5663 -0.3975
vn 0.8537 0.5028 0.1356
vn 0.4030 0.4106 -0.8179
vn 0.8409 0.5046 -0.1958
vn 0.7668 0.5952 -0.2403
vn 0.7973 0.5750 -0.1836
vn 0.8724 0.4850 -0.0599
vn 0.8978 0.2648 0.3518
vn 0.4146 -0.4402 0.7964
vn -0.2686 -0.6458 -0.7146
vn -0.2416 -0.6624 -0.7091
vn -0.2139 -0.9578 0.1920
vn 0.7068 -0.0061 0.7074
vn 0.7769 0.0177 0.6293
vn 0.6456 -0.0733 0.7601
vn -0.1942 -0.9732 -0.1233
vn -0.2042 -0.9789 0.0095
vn 0.2908 -0.5988 0.7462
vn 0.5648 -0.3230 0.7594
vn 0.6405 -0.3014 0.7064
vn 0.5159 -0.4516 0.7279
vn 0.6672 0.5166 -0.5366
vn 0.9347 0.3413 0.0996
vn 0.9198 0.3836 -0.0829
vn -0.2473 -0.8449 -0.4743
vn 0.7480 0.5486 -0.3735
vn 0.7634 0.5527 -0.3342
vn 0.0951 -0.7666 0.6351
vn 0.1184 -0.6870 0.7170
vn 0.3285 0.3325 -0.8840
vn 0.0603 -0.8308 0.5532
vn 0.9208 0.3064 0.2414
vn 0.9474 0.1299 0.2926
vn 0.9526 0.2413 0.1851
vn 0.7175 -0.1841 0.6718
vn 0.7209 -0.2147 0.6589
vn 0.7673 -0.1752 0.6169
vn 0.7570 -0.1374 0.6389
vn 0.8464 -0.1888 0.4980
vn 0.8207 -0.0943 0.5635
vn 0.8896 -0.0350 0.4555
vn 0.8802 0.0253 0.4740
vn 0.1442 -0.7635 0.6295
vn 0.2138 -0.7188 0.6616
vn 0.4375 -0.5493 0.7119
vn 0.5853 0.4288 -0.6882
vn 0.8795 0.3893 -0.2737
vn 0.8101 0.4615 -0.3617
vn 0.9738 0.2269 0.0171
vn -0.1325 -0.9909 -0.0246
vn -0.1092 -0.9869 0.1187
vn -0.1213 -0.9762 -0.1797
vn 0.1753 0.1669 -0.9703
vn 0.1021 0.0074 -0.9947
vn 0.7344 0.5003 -0.4587
vn -0.0779 -0.9870 0.1407
vn 0.0357 -0.9394 0.3410
vn 0.9108 -0.1620 0.3798
vn 0.0683 -0.0744 -0.9949
vn 0.2470 0.2589 -0.9338
vn 0.6220 -0.3966 0.6751
vn 0.9539 0.2433 -0.1758
vn 0.9621 -0.0043 0.2728
vn 0.9838 0.1078 0.1431
vn -0.1412 -0.3889 -0.9104
vn -0.2518 -0.5597 -0.7895
vn 0.1202 -0.8280 0.5477
vn 0.6929 0.4137 -0.5906
vn 0.9159 0.2641 -0.3022
vn 0.8386 0.3644 -0.4050
vn 0.7667 0.4271 -0.4793
vn -0.2197 -0.6843 -0.6953
vn 0.4838 0.3680 -0.7941
vn -0.1835 -0.6989 -0.6912
vn -0.1452 -0.8434 -0.5173
vn -0.1951 -0.7110 -0.6756
vn 0.9959 0.0680 -0.0590
vn 0.6728 -0.3725 0.6392
vn 0.7857 -0.2883 0.5474
vn 0.8510 -0.2940 0.4351
vn 0.5470 -0.5432 0.6369
vn 0.3934 -0.6775 0.6215
vn 0.9702 0.1086 -0.2168
vn 0.4404 0.2578 -0.8600
vn -0.0491 -0.9882 0.1452
vn -0.0987 -0.9773 -0.1876
vn -0.0998 -0.9921 -0.0758
vn 0.6423 -0.5136 0.5689
vn 0.7970 0.3225 -0.5107
vn 0.7365 0.4115 -0.5369
vn 0.5546 -0.6454 0.5253
vn 0.8988 -0.2614 0.3519
vn 0.1344 -0.8586 0.4947
vn 0.1831 -0.8088 0.5589
vn 0.2738 -0.7827 0.5589
vn 0.9676 -0.1602 0.1954
vn 0.9946 -0.0022 0.1034
vn 0.9959 -0.0883 -0.0176
vn 0.1267 -0.9197 0.3715
vn 0.7257 -0.4830 0.4900
vn 0.7788 -0.4609 0.4255
vn 0.7172 0.3661 -0.5929
vn 0.6712 0.3642 -0.6456
vn 0.5675 0.2823 -0.7735
vn 0.0285 -0.2867 -0.9576
vn -0.1238 -0.5112 -0.8505
vn 0.1219 -0.1088 -0.9866
vn 0.0761 -0.9693 0.2338
vn 0.3330 0.1672 -0.9280
vn 0.2500 0.0755 -0.9653
vn 0.4452 0.1058 -0.8892
vn 0.9041 0.1837 -0.3858
vn 0.1808 -0.0086 -0.9835
vn 0.6301 -0.6192 0.4686
vn 0.9868 -0.0534 -0.1527
vn -0.1010 -0.8922 -0.4402
vn 0.8656 -0.4032 0.2970
vn 0.9305 -0.3008 0.2092
vn 0.8039 -0.5427 0.2435
vn 0.8025 0.1966 -0.5634
vn 0.7144 0.2568 -0.6509
vn -0.0360 -0.9964 -0.0774
vn 0.0355 -0.9991 -0.0222
vn -0.0145 -0.9999 -0.0010
vn -0.0721 -0.9919 -0.1046
vn 0.1820 -0.9000 0.3960
vn 0.1906 -0.8308 0.5230
vn 0.2886 -0.8640 0.4125
vn 0.4152 -0.7657 0.4913
vn 0.5238 0.1986 -0.8284
vn 0.9625 -0.0005 -0.2712
vn 0.1584 -0.9546 0.2522
vn 0.7156 -0.5936 0.3682
vn 0.9722 -0.2276 0.0542
vn -0.1796 -0.7509 -0.6355
vn -0.2199 -0.7012 -0.6782
vn 0.6856 0.1439 -0.7136
vn 0.6532 0.2487 -0.7152
vn -0.1732 -0.6642 -0.7272
vn 0.8975 0.0264 -0.4402
vn 0.1068 -0.9830 0.1495
vn 0.6442 0.0923 -0.7592
vn 0.6225 0.1213 -0.7731
vn 0.6006 0.2175 -0.7694
vn 0.4506 -0.8294 0.3304
vn 0.4966 0.0580 -0.8660
vn 0.9822 -0.1543 -0.1073
vn 0.5465 -0.7406 0.3910
vn 0.0291 -0.3744 -0.9268
vn 0.2028 -0.1145 -0.9725
vn 0.1265 -0.2196 -0.9673
vn -0.1132 -0.8613 -0.4954
vn -0.1014 -0.9607 -0.2582
vn -0.2822 -0.9511 -0.1258
vn 0.9000 -0.4133 0.1387
vn 0.8807 -0.4729 0.0266
vn 0.2873 -0.0385 -0.9571
vn 0.7882 -0.0303 -0.6146
vn 0.3673 0.0088 -0.9301
vn 0.9515 -0.2996 -0.0704
vn 0.9517 -0.1671 -0.2574
vn 0.0647 -0.9743 0.2159
vn 0.1864 -0.9342 0.3042
vn 0.2782 -0.8853 0.3727
vn 0.7343 -0.6361 0.2369
vn 0.6650 -0.6598 0.3498
vn -0.1157 -0.9931 -0.0200
vn 0.8847 -0.1632 -0.4366
vn -0.1827 -0.7867 -0.5897
vn 0.1062 -0.9921 0.0668
vn 0.1181 -0.9831 0.1400
vn 0.4337 -0.7841 0.4439
vn 0.5643 -0.7736 0.2882
vn 0.6239 -0.7281 0.2839
vn 0.8017 -0.5799 0.1448
vn 0.6695 -0.0662 -0.7399
vn 0.8276 -0.2790 -0.4871
vn 0.4714 -0.0068 -0.8819
vn 0.3816 -0.0578 -0.9225
vn 0.5312 -0.0232 -0.8469
vn 0.7503 -0.6278 0.2072
vn 0.6938 -0.6990 0.1734
vn 0.5095 -0.7720 0.3801
vn 0.9158 -0.3434 -0.2085
vn 0.8892 -0.3100 -0.3364
vn 0.2946 -0.1167 -0.9485
vn 0.2580 -0.1685 -0.9513
vn 0.2188 -0.2448 -0.9446
vn 0.0741 -0.4409 -0.8945
vn 0.1348 -0.2244 -0.9651
vn -0.2642 -0.9626 0.0608
vn 0.0347 -0.9231 0.3829
vn 0.2184 -0.7992 0.5600
vn -0.0763 -0.9703 0.2295
vn 0.7370 -0.2281 -0.6363
vn -0.2434 -0.8556 -0.4569
vn -0.0592 -0.9875 0.1457
vn -0.3079 -0.9495 0.0610
vn -0.1393 -0.9838 0.1125
vn -0.2811 -0.7834 -0.5543
vn -0.1794 -0.6971 -0.6942
vn 0.6925 -0.6383 0.3362
vn 0.7871 -0.4975 0.3646
vn 0.8780 -0.4672 0.1039
vn 0.9120 -0.3383 -0.2320
vn 0.8601 -0.2716 -0.4318
vn 0.4770 -0.6446 0.5974
vn 0.5824 -0.2373 -0.7775
vn 0.5153 -0.1049 -0.8505
vn 0.4737 -0.1784 -0.8625
vn 0.3553 -0.2262 -0.9070
vn 0.4099 -0.1987 -0.8902
vn 0.3484 -0.2567 -0.9015
vn 0.2168 -0.3826 -0.8981
vn 0.7695 -0.1262 -0.6260
vn -0.5088 -0.8174 -0.2700
vn -0.5123 -0.7060 -0.4889
vn 0.5308 -0.3114 -0.7882
vn 0.4804 -0.2618 -0.8370
vn -0.2221 -0.8967 0.3829
vn -0.4109 -0.8822 0.2301
vn -0.4415 -0.8156 0.3741
vn 0.6897 -0.5903 0.4194
vn 0.9170 -0.2922 0.2715
vn -0.3972 -0.7124 -0.5785
vn 0.6544 -0.1775 -0.7350
vn -0.1562 -0.6317 -0.7593
vn -0.0536 -0.8325 0.5515
vn 0.1600 -0.6881 0.7078
vn 0.5656 -0.4638 0.6819
vn 0.9894 -0.1357 -0.0515
vn 0.4172 -0.2457 -0.8750
vn 0.0992 -0.3135 -0.9444
vn 0.6151 -0.4288 0.6616
vn 0.6571 -0.4847 0.5773
vn 0.9386 0.0081 -0.3449
vn -0.5900 -0.7862 0.1840
vn -0.5775 -0.8022 0.1514
vn -0.6466 -0.6454 -0.4066
vn -0.6069 -0.7864 -0.1153
vn 0.8411 -0.2493 0.4800
vn 0.9395 -0.1046 0.3263
vn -0.3334 -0.5101 -0.7929
vn -0.5632 -0.5856 -0.5830
vn -0.6042 -0.5024 -0.6185
vn -0.2173 -0.8100 0.5447
vn -0.3967 -0.7329 0.5528
vn 0.8500 0.2480 -0.4647
vn 0.6415 0.1172 -0.7582
vn 0.9175 0.3309 -0.2206
vn 0.4847 -0.0058 -0.8746
vn 0.4303 0.2238 -0.8745
vn 0.3880 0.0174 -0.9215
vn 0.4385 -0.0764 -0.8955
vn 0.3192 -0.0398 -0.9469
vn 0.9902 0.1354 -0.0350
vn -0.2072 -0.7205 0.6618
vn 0.3927 -0.3578 0.8472
vn -0.0411 -0.5195 0.8535
vn 0.5672 -0.2405 0.7877
vn 0.8416 -0.1324 0.5236
vn 0.9551 0.1593 0.2497
vn -0.6795 -0.7322 0.0472
vn -0.5756 -0.7271 0.3741
vn -0.7904 -0.5627 -0.2420
vn -0.7768 -0.5048 -0.3764
vn -0.8071 -0.5612 -0.1835
vn -0.6223 -0.4578 -0.6350
vn -0.5234 -0.6216 0.5828
vn 0.2815 0.2167 -0.9348
vn 0.1630 0.1203 -0.9793
vn 0.1124 -0.2340 -0.9657
vn 0.5749 0.4085 -0.7089
vn 0.6406 0.4820 -0.5977
vn 0.3586 0.4366 -0.8251
vn 0.1730 0.3089 -0.9352
vn 0.8866 0.4415 -0.1380
vn 0.8425 0.4506 -0.2953
vn 0.9349 0.3548 0.0071
vn 0.9033 0.4289 0.0057
vn -0.7741 -0.3761 -0.5093
vn -0.7181 -0.3698 -0.5895
vn -0.1135 0.1480 -0.9825
vn -0.2337 -0.0058 -0.9723
vn -0.0980 -0.0205 -0.9950
vn -0.6840 -0.3625 -0.6330
vn -0.7577 -0.2647 -0.5966
vn -0.3406 -0.6182 0.7083
vn 0.3142 -0.2743 0.9089
vn 0.5937 -0.1423 0.7920
vn 0.7235 0.0690 0.6868
vn 0.5982 0.0371 0.8005
vn 0.7509 0.1529 0.6425
vn 0.7192 0.1274 0.6830
vn -0.8913 -0.4246 -0.1591
vn -0.7854 -0.6154 0.0669
vn -0.7752 -0.6188 0.1268
vn -0.8508 -0.2413 -0.4669
vn -0.5689 -0.6362 0.5211
vn 0.7800 0.5481 -0.3018
vn 0.5574 0.5680 -0.6056
vn 0.9211 0.3408 0.1882
vn 0.8138 0.3557 0.4595
vn 0.8738 0.4187 0.2474
vn 0.9096 0.2494 0.3324
vn -0.2405 0.3053 -0.9214
vn -0.4164 0.0996 -0.9037
vn 0.0888 0.4168 -0.9046
vn 0.1754 0.5374 -0.8249
vn -0.3946 -0.4539 0.7989
vn -0.0532 -0.3120 0.9486
vn 0.8487 0.5264 0.0513
vn 0.8526 0.5105 0.1112
vn 0.8229 0.5655 -0.0547
vn 0.8376 0.5462 -0.0006
vn 0.8129 0.5533 -0.1819
vn 0.6702 0.6287 -0.3944
vn -0.6513 -0.5246 0.5482
vn -0.6203 -0.4511 0.6416
vn -0.8487 -0.4760 0.2306
vn 0.4726 0.0542 0.8796
vn 0.5807 0.1495 0.8003
vn 0.4826 -0.0009 0.8759
vn 0.1492 -0.1700 0.9741
vn -0.8137 -0.1634 -0.5579
vn -0.4709 0.2018 -0.8588
vn 0.4095 0.6434 -0.6467
vn -0.8834 -0.1576 -0.4413
vn -0.9453 -0.3117 0.0966
vn -0.5928 -0.3300 0.7346
vn -0.4128 -0.2710 0.8695
vn -0.7080 -0.3953 0.5853
vn -0.1646 -0.1400 0.9764
vn -0.8225 -0.3223 0.4687
vn 0.1114 -0.1009 0.9886
vn 0.2886 0.1675 0.9427
vn 0.5457 0.2994 0.7827
vn 0.7440 0.4258 0.5149
vn 0.7647 0.6386 -0.0859
vn 0.7431 0.6252 -0.2389
vn 0.8282 0.4999 0.2534
vn 0.7714 0.6235 0.1271
vn 0.1681 0.6102 -0.7742
vn -0.3069 0.4091 -0.8593
vn -0.5654 0.2251 -0.7935
vn -0.4510 -0.0924 0.8877
vn -0.2694 0.0007 0.9630
vn -0.6038 -0.1687 0.7791
vn 0.0898 0.1693 0.9815
vn 0.2578 0.3255 0.9097
vn -0.0341 0.0881 0.9955
vn -0.1620 0.0179 0.9866
vn 0.5337 0.4536 0.7137
vn 0.7551 0.6376 -0.1526
vn 0.5501 0.7132 -0.4343
vn -0.9008 -0.3111 0.3029
vn -0.7827 -0.2714 0.5601
vn -0.7386 -0.2390 0.6304
vn -0.9650 -0.1308 -0.2274
vn -0.8318 -0.0974 -0.5464
vn -0.8461 0.0119 -0.5328
vn -0.6788 -0.2783 0.6796
vn 0.6764 0.6021 0.4241
vn 0.3069 0.7178 -0.6250
vn -0.8501 -0.0433 -0.5249
vn -0.6221 0.2528 -0.7410
vn 0.0439 0.6611 -0.7490
vn -0.3727 0.5019 -0.7805
vn 0.6810 0.7322 -0.0108
vn 0.6357 0.7285 -0.2554
vn 0.0113 0.3303 0.9438
vn 0.1075 0.4299 0.8964
vn -0.3296 0.0704 0.9415
vn -0.2192 0.1126 0.9692
vn 0.3096 0.5902 0.7455
vn 0.4866 0.7198 0.4951
vn -0.8651 -0.3849 0.3216
vn -0.8330 -0.3381 0.4379
vn -0.7575 -0.2534 0.6017
vn -0.6775 -0.1555 0.7189
vn -0.9196 -0.0068 -0.3928
vn -0.9694 -0.2428 0.0353
vn -0.9570 -0.2849 0.0546
vn 0.5888 0.7820 0.2046
vn -0.5135 -0.0536 0.8564
vn -0.6349 -0.2199 0.7407
vn -0.6817 -0.1560 0.7148
vn -0.8522 0.1141 -0.5106
vn -0.9346 -0.0045 -0.3558
vn -0.8755 0.0587 -0.4797
vn 0.4100 0.8314 -0.3751
vn 0.5481 0.7881 -0.2800
vn -0.4138 0.6573 -0.6298
vn -0.6102 0.3856 -0.6921
vn -0.0602 0.3364 0.9398
vn 0.0864 0.4704 0.8782
vn -0.2365 -0.1526 0.9596
vn -0.0591 -0.0483 0.9971
vn 0.2987 0.6166 0.7284
vn 0.3803 0.8973 0.2241
vn 0.3521 0.9357 0.0221
vn 0.4301 0.8716 -0.2351
vn 0.3553 0.7214 0.5944
vn 0.3891 0.8184 0.4229
vn 0.3854 0.7129 0.5859
vn 0.1290 0.8410 -0.5255
vn -0.0872 0.7692 -0.6330
vn -0.2951 -0.4463 0.8449
vn -0.8398 -0.4152 0.3497
vn -0.7989 -0.3483 0.4903
vn -0.7468 -0.2668 0.6092
vn -0.8585 -0.4276 0.2830
vn -0.9400 -0.3127 0.1361
vn -0.3335 0.8751 -0.3507
vn 0.2016 0.9156 -0.3480
vn 0.1788 0.9162 0.3587
vn 0.3159 0.8341 0.4522
vn 0.1436 0.9741 0.1747
vn 0.0433 0.9989 0.0154
vn 0.1087 0.9825 -0.1511
vn -0.9671 0.0369 -0.2516
vn -0.8915 0.1669 -0.4212
vn -0.8832 0.3061 -0.3554
vn -0.7874 0.4331 -0.4386
vn -0.7259 0.5025 -0.4696
vn -0.5636 0.4921 -0.6634
vn -0.1216 0.9526 -0.2791
vn -0.3769 -0.6532 0.6567
vn 0.1249 -0.7947 0.5940
vn -0.6835 -0.3996 0.6109
vn -0.3740 -0.8123 0.4475
vn 0.1190 -0.5349 0.8365
vn 0.3147 -0.3910 0.8649
vn 0.3835 -0.1148 0.9164
vn 0.3252 -0.7309 0.6000
vn -0.0286 0.9841 -0.1753
vn 0.0060 0.9855 -0.1695
vn 0.5823 -0.3813 0.7180
vn 0.5376 -0.0765 0.8397
vn 0.5122 0.4965 0.7008
vn 0.4843 -0.6464 0.5897
vn 0.6607 0.4589 0.5940
vn -0.7705 -0.4660 0.4350
vn 0.4367 -0.8024 0.4068
vn 0.7608 0.2666 0.5916
vn 0.8104 -0.1677 0.5614
vn 0.8889 -0.3413 0.3056
vn 0.8944 -0.0914 0.4379
vn 0.7817 -0.0771 0.6189
vn 0.7719 0.3845 0.5064
vn 0.5032 0.6884 0.5224
vn 0.5075 0.7569 0.4117
vn 0.4343 0.8543 0.2855
vn 0.0206 0.9850 0.1711
vn -0.2989 0.8684 -0.3957
vn -0.4696 0.8167 -0.3352
vn 0.0344 0.8166 -0.5761
vn -0.1854 0.9826 -0.0112
vn 0.5669 0.8227 -0.0424
vn -0.0358 0.9987 0.0360
vn -0.8656 -0.3897 0.3146
vn -0.9294 -0.2799 0.2404
vn 0.1171 -0.9153 0.3854
vn 0.2894 -0.8685 0.4024
vn 0.9627 -0.2110 0.1692
vn 0.9517 0.0786 0.2969
vn 0.8386 0.2255 0.4959
vn 0.2955 -0.8939 0.3370
vn 0.9916 -0.1045 0.0757
vn 0.9730 0.1441 0.1801
vn 0.8538 0.3527 0.3829
vn 0.6104 -0.6450 0.4598
vn 0.7255 -0.4876 0.4856
vn -0.4059 -0.8379 0.3648
vn -0.0241 -0.9513 0.3072
vn -0.7362 -0.5719 0.3619
vn -0.9629 0.2053 -0.1749
vn -0.9873 -0.1261 0.0968
vn -0.9195 0.3343 -0.2069
vn -0.5624 0.5587 -0.6095
vn -0.8393 0.4330 -0.3287
vn 0.2441 0.3055 -0.9204
vn -0.1061 0.5240 -0.8451
vn 0.2852 0.1465 -0.9472
vn -0.1220 0.4467 -0.8863
vn 0.2842 0.4231 -0.8603
vn 0.3064 0.7794 -0.5465
vn 0.2148 -0.9326 0.2900
vn 0.2756 0.9065 -0.3197
vn 0.5327 0.3999 -0.7458
vn 0.8664 -0.4469 0.2226
vn 0.9991 0.0424 -0.0003
vn 0.9704 0.2396 0.0298
vn 0.7455 0.6637 0.0606
vn 0.7578 0.6452 -0.0968
vn 0.4148 0.0586 -0.9080
vn 0.9900 -0.1402 0.0166
vn 0.5223 -0.0504 -0.8513
vn 0.5093 -0.1944 -0.8383
vn 0.5223 -0.0506 -0.8513
vn 0.5243 0.0945 -0.8463
vn 0.4860 0.2184 -0.8462
vn 0.5121 0.1026 -0.8528
vn 0.9358 0.1520 -0.3180
vn 0.7710 0.2139 -0.5998
vn 0.8222 0.1031 -0.5598
vn 0.7588 0.6416 -0.1121
vn 0.1700 0.3930 -0.9037
vn -0.1515 0.5772 -0.8024
vn -0.7799 0.4994 -0.3773
vn -0.8944 0.4129 -0.1723
vn -0.5625 0.5587 -0.6095
vn 0.3536 0.2659 -0.8968
vn 0.2362 0.5177 -0.8223
vn 0.4336 0.1822 -0.8825
vn 0.3908 0.3936 -0.8321
vn 0.4186 0.2995 -0.8574
vn 0.7721 -0.5716 0.2777
vn 0.7330 -0.6042 0.3123
vn 0.9685 -0.2371 0.0756
vn -0.8987 0.4190 -0.1294
vn -0.9838 0.1780 0.0216
vn -0.9037 0.4259 -0.0434
vn 0.9942 -0.0391 -0.1004
vn 0.4051 -0.8073 0.4292
vn 0.5836 -0.7182 0.3790
vn 0.2026 -0.8763 0.4372
vn 0.9731 0.0662 -0.2207
vn -0.3349 -0.8086 0.4838
vn -0.1097 -0.9204 0.3753
vn -0.8602 0.5099 -0.0060
vn 0.0784 -0.8900 0.4492
vn -0.9647 -0.0475 0.2590
vn -0.9349 -0.1506 0.3214
vn -0.4266 -0.6643 0.6138
vn -0.1871 -0.8115 0.5537
vn -0.9002 0.4307 -0.0646
vn 0.3908 0.3166 -0.8643
vn 0.3642 0.4051 -0.8386
vn 0.4465 0.4070 -0.7968
vn 0.0903 0.6017 -0.7936
vn -0.9507 0.2554 0.1759
vn -0.1505 0.7184 -0.6791
vn -0.5200 0.7159 -0.4659
vn 0.8118 -0.5289 0.2476
vn 0.9347 -0.3400 0.1033
vn 0.3834 0.5208 -0.7627
vn 0.3161 0.6058 -0.7301
vn 0.0846 0.6881 -0.7207
vn 0.3219 0.4979 -0.8053
vn 0.3092 0.5389 -0.7836
vn 0.2655 -0.8180 0.5103
vn 0.5269 -0.7459 0.4075
vn 0.0935 -0.8342 0.5436
vn 0.6878 -0.6286 0.3629
vn -0.8607 0.5088 -0.0175
vn -0.8825 0.4573 0.1100
vn -0.9165 0.3973 0.0476
vn -0.9389 0.1408 0.3142
vn 0.9867 -0.1580 0.0375
vn -0.2529 0.7682 -0.5882
vn -0.1580 0.7995 -0.5795
vn -0.4308 0.7744 -0.4633
vn 0.9775 -0.2039 0.0539
vn 0.5150 0.4079 -0.7539
vn -0.8810 -0.0729 0.4674
vn -0.0382 -0.7811 0.6232
vn 0.0509 -0.7499 0.6596
vn -0.1896 -0.7105 0.6777
vn -0.9199 0.2311 0.3169
vn -0.8741 0.3173 -0.3677
vn -0.9094 0.3440 -0.2339
vn -0.9855 -0.1387 0.0973
vn -0.8361 -0.3335 0.4355
vn -0.4664 -0.4973 0.7316
vn 0.3384 0.6496 -0.6808
vn 0.1718 0.7338 -0.6573
vn 0.2444 0.6445 -0.7245
vn -0.8892 -0.1312 0.4383
vn -0.9296 0.3287 -0.1668
vn -0.2054 0.7905 -0.5770
vn -0.4088 0.7469 -0.5245
vn -0.2482 -0.5100 0.8236
vn -0.1032 -0.6500 0.7529
vn 0.2777 -0.8125 0.5126
vn 0.4309 0.5295 -0.7308
vn -0.8076 -0.3465 0.4772
vn -0.7089 -0.2415 0.6627
vn 0.8037 -0.5703 0.1697
vn 0.9190 -0.3939 0.0170
vn 0.7397 -0.6130 0.2776
vn 0.9576 -0.2878 -0.0151
vn 0.9170 -0.2725 -0.2913
vn 0.4134 0.6246 -0.6625
vn 0.0851 0.7803 -0.6196
vn 0.2603 0.6207 -0.7396
vn 0.4027 0.5569 -0.7265
vn -0.8468 -0.4969 0.1897
vn 0.6946 0.3468 -0.6303
vn 0.5959 0.4371 -0.6737
vn -0.3634 -0.5788 0.7300
vn -0.1890 -0.5053 0.8420
vn -0.5581 -0.6078 0.5649
vn -0.3588 -0.8533 0.3783
vn -0.0318 -0.5847 0.8106
vn 0.2837 -0.7815 0.5557
vn 0.4688 -0.7982 0.3783
vn 0.6395 -0.7289 0.2443
vn -0.2009 0.5816 -0.7883
vn -0.7477 -0.0398 -0.6629
vn -0.7039 0.0248 -0.7098
vn -0.0544 0.2898 -0.9555
vn 0.6179 0.3587 -0.6997
vn -0.8318 -0.2236 -0.5080
vn -0.8496 -0.5169 -0.1046
vn -0.7820 -0.6220 0.0401
vn -0.5949 -0.1760 -0.7843
vn -0.7873 -0.6019 0.1339
vn 0.5194 0.3631 -0.7735
vn 0.9005 -0.4004 -0.1695
vn 0.8387 -0.2284 -0.4943
vn 0.0842 -0.7642 0.6394
vn 0.7505 -0.0512 -0.6589
vn -0.7498 -0.5521 -0.3648
vn -0.4759 -0.6621 -0.5788
vn -0.3803 -0.8946 -0.2346
vn -0.6054 -0.7838 -0.1385
vn -0.6990 -0.7068 -0.1088
vn -0.4263 -0.3404 -0.8381
vn -0.1117 -0.5262 -0.8430
vn -0.4691 -0.2384 -0.8504
vn -0.6786 -0.1648 -0.7158
vn -0.0528 -0.0096 -0.9986
vn -0.2645 0.0301 -0.9639
vn 0.6784 0.2026 -0.7062
vn 0.7302 -0.0299 -0.6826
vn 0.6608 0.0988 -0.7440
vn 0.8160 -0.5781 0.0007
vn 0.6516 -0.7405 0.1646
vn 0.6329 -0.7265 0.2676
vn -0.4439 -0.8837 -0.1483
vn -0.4291 -0.8712 0.2385
vn -0.1412 -0.9780 0.1533
vn -0.0318 -0.9254 0.3776
vn 0.4420 -0.8073 0.3910
vn 0.5164 -0.7997 0.3061
vn 0.3470 -0.8819 0.3192
vn 0.8021 -0.2223 -0.5542
vn 0.7644 -0.0223 -0.6444
vn -0.4716 -0.4073 -0.7821
vn -0.1733 -0.5635 -0.8078
vn -0.3352 -0.4842 -0.8082
vn -0.0075 -0.6856 -0.7279
vn 0.0362 -0.9337 -0.3563
vn -0.1801 -0.9556 -0.2333
vn 0.1639 -0.9766 0.1394
vn 0.5586 0.2503 -0.7907
vn 0.2534 0.3812 -0.8891
vn 0.6986 0.2806 -0.6582
vn 0.2814 0.1354 -0.9500
vn -0.0722 -0.8172 -0.5719
vn 0.6203 -0.7843 0.0100
vn 0.7284 -0.6833 -0.0510
vn 0.5155 -0.8118 0.2745
vn 0.4064 -0.9030 0.1391
vn 0.5204 -0.8231 0.2273
vn 0.8407 -0.4158 -0.3468
vn 0.8232 -0.5453 -0.1582
vn 0.2267 -0.7514 -0.6197
vn -0.0596 -0.7838 -0.6181
vn 0.5391 -0.0117 -0.8422
vn 0.8527 -0.0767 -0.5168
vn 0.7991 0.0991 -0.5929
vn 0.2130 -0.8074 -0.5502
vn 0.3328 -0.8363 -0.4357
vn 0.1955 -0.9202 -0.3391
vn 0.7724 -0.5912 -0.2321
vn 0.1808 -0.4955 -0.8496
vn 0.2960 -0.2141 -0.9309
vn 0.7432 0.0725 -0.6651
vn 0.5789 -0.1514 -0.8012
vn 0.6609 0.1287 -0.7394
vn 0.7446 -0.2912 -0.6006
vn 0.6502 -0.7367 -0.1857
vn 0.7916 -0.4850 -0.3715
vn 0.1432 -0.8869 -0.4392
vn 0.6157 -0.7768 -0.1327
vn 0.5949 -0.7900 -0.1484
vn 0.6256 -0.7346 -0.2628
vn 0.3821 -0.8468 -0.3701
vn 0.4443 -0.2939 -0.8463
vn 0.1684 -0.7778 -0.6055
vn 0.3549 -0.8483 -0.3931
vn 0.4247 -0.7991 -0.4256
vn 0.7422 -0.5356 -0.4029
vn 0.4773 -0.8159 -0.3264
vn 0.3697 -0.8751 -0.3123
vn 0.6005 -0.7521 -0.2717
vn 0.5836 -0.5492 -0.5982
vn 0.5433 -0.4497 -0.7090
vt 0.914600 0.358500
vt 0.903600 0.363700
vt 0.913300 0.372300
vt 0.918800 0.372600
vt 0.932400 0.363300
vt 0.902900 0.123000
vt 0.911800 0.120700
vt 0.900500 0.109100
vt 0.896700 0.123500
vt 0.882400 0.112300
vt 0.884500 0.124000
vt 0.903800 0.350200
vt 0.892600 0.364500
vt 0.916900 0.386900
vt 0.923000 0.388500
vt 0.904600 0.376300
vt 0.907200 0.388300
vt 0.955600 0.381900
vt 0.963000 0.373200
vt 0.956700 0.396500
vt 0.918100 0.406500
vt 0.910100 0.407400
vt 0.902500 0.139200
vt 0.910200 0.138500
vt 0.876700 0.134900
vt 0.887600 0.141800
vt 0.851200 0.121500
vt 0.857100 0.130700
vt 0.893800 0.378300
vt 0.951200 0.412800
vt 0.923300 0.143800
vt 0.928600 0.135100
vt 0.887100 0.347900
vt 0.875900 0.357100
vt 0.891700 0.393400
vt 0.894600 0.411300
vt 0.854900 0.141900
vt 0.913100 0.429900
vt 0.919400 0.429600
vt 0.932500 0.432200
vt 0.907400 0.150500
vt 0.894100 0.152300
vt 0.900000 0.433300
vt 0.919600 0.154800
vt 0.872200 0.147000
vt 0.874600 0.162500
vt 0.877600 0.372400
vt 0.878000 0.385700
vt 0.876700 0.400800
vt 0.903200 0.164100
vt 0.909500 0.164200
vt 0.973500 0.402300
vt 0.970800 0.387600
vt 0.971300 0.376900
vt 0.918200 0.455500
vt 0.928400 0.456600
vt 0.891500 0.166800
vt 0.905300 0.457600
vt 0.968600 0.363700
vt 0.958000 0.359500
vt 0.846200 0.134800
vt 0.846400 0.155300
vt 0.878800 0.418700
vt 0.976300 0.420400
vt 0.976200 0.442200
vt 0.858500 0.163700
vt 0.979700 0.468300
vt 0.936000 0.153100
vt 0.933000 0.162600
vt 0.884300 0.438500
vt 0.908500 0.178200
vt 0.898300 0.179800
vt 0.156800 0.928100
vt 0.156400 0.916300
vt 0.133500 0.902900
vt 0.135300 0.913100
vt 0.921100 0.169300
vt 0.921900 0.186000
vt 0.583700 0.842000
vt 0.588700 0.822900
vt 0.568200 0.858500
vt 0.574600 0.861200
vt 0.547400 0.886000
vt 0.554200 0.888000
vt 0.593600 0.824900
vt 0.602700 0.804000
vt 0.877700 0.183400
vt 0.887900 0.462900
vt 0.859600 0.187600
vt 0.609200 0.776900
vt 0.613300 0.778600
vt 0.924800 0.483500
vt 0.912800 0.484800
vt 0.981600 0.495400
vt 0.113900 0.882400
vt 0.117300 0.873700
vt 0.099000 0.865100
vt 0.135300 0.890100
vt 0.097800 0.846600
vt 0.085700 0.846200
vt 0.114400 0.855000
vt 0.907600 0.194300
vt 0.913600 0.193400
vt 0.938100 0.182500
vt 0.947900 0.172600
vt 0.983700 0.445100
vt 0.982900 0.423900
vt 0.871900 0.200200
vt 0.895300 0.193400
vt 0.897000 0.205900
vt 0.836500 0.162100
vt 0.843500 0.184400
vt 0.152700 0.899200
vt 0.567400 0.847000
vt 0.601500 0.757100
vt 0.592300 0.799600
vt 0.574000 0.816400
vt 0.169800 0.941300
vt 0.178200 0.936400
vt 0.175000 0.922100
vt 0.078700 0.821700
vt 0.068600 0.823700
vt 0.097000 0.824700
vt 0.897200 0.488300
vt 0.538800 0.882200
vt 0.868800 0.444100
vt 0.074500 0.796800
vt 0.059400 0.795100
vt 0.985700 0.470500
vt 0.622500 0.746500
vt 0.612000 0.730500
vt 0.872500 0.469300
vt 0.850300 0.203800
vt 0.633000 0.712900
vt 0.920000 0.514600
vt 0.926300 0.513800
vt 0.982400 0.525100
vt 0.912600 0.209700
vt 0.926000 0.206200
vt 0.906500 0.212000
vt 0.938200 0.200600
vt 0.951800 0.195500
vt 0.874400 0.212600
vt 0.522000 0.909600
vt 0.525200 0.918500
vt 0.549200 0.860300
vt 0.587200 0.764400
vt 0.128800 0.874000
vt 0.130500 0.859600
vt 0.889500 0.521700
vt 0.909400 0.516200
vt 0.836500 0.206800
vt 0.176800 0.913300
vt 0.877000 0.495800
vt 0.986800 0.497600
vt 0.204800 0.950600
vt 0.193700 0.934100
vt 0.192900 0.954200
vt 0.142500 0.877800
vt 0.120300 0.842100
vt 0.513500 0.904600
vt 0.502700 0.929600
vt 0.642500 0.677800
vt 0.625800 0.673100
vt 0.617000 0.703200
vt 0.602300 0.727000
vt 0.087400 0.803300
vt 0.890000 0.228400
vt 0.904500 0.228400
vt 0.870700 0.236300
vt 0.855600 0.219400
vt 0.871600 0.527800
vt 0.560700 0.831000
vt 0.540400 0.856000
vt 0.572200 0.784200
vt 0.854000 0.467600
vt 0.076900 0.777400
vt 0.059300 0.770500
vt 0.911400 0.227400
vt 0.924800 0.222600
vt 0.940600 0.220600
vt 0.951900 0.214600
vt 0.987700 0.526600
vt 0.916500 0.548300
vt 0.926100 0.548000
vt 0.979900 0.558500
vt 0.903200 0.551400
vt 0.160800 0.890900
vt 0.149300 0.871000
vt 0.173000 0.895700
vt 0.854900 0.240600
vt 0.843100 0.224500
vt 0.649900 0.641700
vt 0.638700 0.621800
vt 0.193300 0.921800
vt 0.861500 0.502400
vt 0.051600 0.744200
vt 0.032100 0.728200
vt 0.040900 0.764700
vt 0.887200 0.555500
vt 0.211800 0.942200
vt 0.226500 0.960000
vt 0.231100 0.954200
vt 0.503100 0.900200
vt 0.493600 0.926000
vt 0.481700 0.946000
vt 0.485100 0.948500
vt 0.530400 0.850900
vt 0.564400 0.780300
vt 0.136900 0.853300
vt 0.126100 0.836300
vt 0.106000 0.816400
vt 0.906500 0.247500
vt 0.921300 0.240100
vt 0.890700 0.249500
vt 0.936900 0.236000
vt 0.847900 0.244600
vt 0.208000 0.924600
vt 0.590900 0.722400
vt 0.094500 0.796000
vt 0.857700 0.533400
vt 0.870500 0.256000
vt 0.192400 0.906100
vt 0.987600 0.560100
vt 0.604600 0.698300
vt 0.615100 0.670000
vt 0.654900 0.601600
vt 0.244200 0.966900
vt 0.236100 0.973100
vt 0.947700 0.245600
vt 0.950600 0.230300
vt 0.171700 0.880500
vt 0.868500 0.561000
vt 0.084800 0.769500
vt 0.065700 0.750200
vt 0.920800 0.582900
vt 0.926400 0.582500
vt 0.979600 0.591800
vt 0.465000 0.961700
vt 0.111400 0.811200
vt 0.907800 0.584600
vt 0.858200 0.262600
vt 0.479000 0.917600
vt 0.474200 0.943100
vt 0.486100 0.891500
vt 0.242100 0.946100
vt 0.223300 0.940200
vt 0.627100 0.620100
vt 0.148700 0.854200
vt 0.457500 0.958800
vt 0.516300 0.833100
vt 0.917400 0.256500
vt 0.935500 0.252600
vt 0.924300 0.272900
vt 0.836500 0.522500
vt 0.848600 0.491100
vt 0.131700 0.831100
vt 0.557800 0.751300
vt 0.510400 0.806300
vt 0.901100 0.264400
vt 0.908300 0.265900
vt 0.854200 0.264600
vt 0.890100 0.589300
vt 0.885600 0.276000
vt 0.250500 0.960700
vt 0.152100 0.839400
vt 0.597200 0.694800
vt 0.583200 0.702600
vt 0.607300 0.667100
vt 0.261100 0.971500
vt 0.102100 0.788700
vt 0.553500 0.720000
vt 0.989600 0.593100
vt 0.840100 0.573000
vt 0.064800 0.730600
vt 0.045900 0.710200
vt 0.658000 0.563300
vt 0.642900 0.560900
vt 0.445100 0.973100
vt 0.452600 0.929300
vt 0.440200 0.940200
vt 0.231300 0.924000
vt 0.219400 0.909700
vt 0.206600 0.893100
vt 0.248100 0.925300
vt 0.184900 0.868600
vt 0.617400 0.617300
vt 0.122900 0.809200
vt 0.115400 0.785200
vt 0.868000 0.285200
vt 0.628000 0.560300
vt 0.874700 0.593700
vt 0.919200 0.619500
vt 0.925600 0.619600
vt 0.981100 0.629000
vt 0.916600 0.281100
vt 0.150100 0.815700
vt 0.597200 0.663800
vt 0.906100 0.621400
vt 0.902900 0.281100
vt 0.908400 0.282300
vt 0.890100 0.295700
vt 0.279400 0.972900
vt 0.269500 0.963800
vt 0.271100 0.981200
vt 0.931200 0.283200
vt 0.944700 0.263000
vt 0.259600 0.952400
vt 0.464500 0.898800
vt 0.444500 0.908500
vt 0.092100 0.762800
vt 0.427800 0.952800
vt 0.610200 0.615400
vt 0.893600 0.623000
vt 0.421700 0.979200
vt 0.422200 0.987200
vt 0.447100 0.976600
vt 0.864100 0.287500
vt 0.040700 0.675700
vt 0.022700 0.652600
vt 0.023000 0.694000
vt 0.101900 0.754000
vt 0.264100 0.925300
vt 0.407800 0.963100
vt 0.478500 0.868200
vt 0.454700 0.884900
vt 0.137900 0.787400
vt 0.988800 0.630600
vt 0.498100 0.799000
vt 0.580200 0.656800
vt 0.657900 0.521300
vt 0.649600 0.520300
vt 0.179300 0.848100
vt 0.871600 0.303500
vt 0.839400 0.607900
vt 0.075600 0.720800
vt 0.904800 0.299200
vt 0.285600 0.965000
vt 0.272900 0.940500
vt 0.285600 0.944800
vt 0.237300 0.893700
vt 0.224600 0.877100
vt 0.252100 0.909900
vt 0.591300 0.608400
vt 0.880800 0.627100
vt 0.926100 0.293600
vt 0.302100 0.979100
vt 0.309400 0.971200
vt 0.910700 0.304300
vt 0.922600 0.295800
vt 0.116700 0.741100
vt 0.618000 0.558100
vt 0.317300 0.986900
vt 0.326000 0.981900
vt 0.313800 0.982200
vt 0.303300 0.990300
vt 0.406200 0.987500
vt 0.406300 0.998000
vt 0.424600 0.990000
vt 0.920600 0.657500
vt 0.926100 0.657800
vt 0.982500 0.666500
vt 0.907500 0.658800
vt 0.427500 0.923100
vt 0.636500 0.521500
vt 0.899100 0.305000
vt 0.873200 0.310500
vt 0.206000 0.850000
vt 0.191900 0.824400
vt 0.173300 0.794500
vt 0.866100 0.630000
vt 0.875400 0.665100
vt 0.841000 0.642500
vt 0.892500 0.660600
vt 0.322600 0.960400
vt 0.304900 0.945700
vt 0.295600 0.931600
vt 0.466800 0.861300
vt 0.242500 0.861700
vt 0.604100 0.553700
vt 0.401300 0.969200
vt 0.904600 0.312700
vt 0.410100 0.931400
vt 0.557000 0.673900
vt 0.089000 0.710000
vt 0.993000 0.669800
vt 0.999000 0.635500
vt 0.046200 0.651000
vt 0.895100 0.313100
vt 0.869200 0.312200
vt 0.399200 0.987400
vt 0.397600 0.999000
vt 0.333300 0.989800
vt 0.329300 0.999000
vt 0.922100 0.319900
vt 0.923400 0.310800
vt 0.557800 0.595500
vt 0.536300 0.664000
vt 0.013800 0.614500
vt 0.017800 0.599100
vt 0.326000 0.973000
vt 0.282500 0.922200
vt 0.281600 0.909900
vt 0.165200 0.763200
vt 0.621100 0.520400
vt 0.875900 0.314200
vt 0.895300 0.315900
vt 0.869600 0.317800
vt 0.391200 0.975300
vt 0.652300 0.480400
vt 0.641500 0.480800
vt 0.904000 0.315600
vt 0.919400 0.324800
vt 0.269100 0.895000
vt 0.442100 0.878300
vt 0.427000 0.899300
vt 0.389000 0.989400
vt 0.392000 0.997800
vt 0.255100 0.878300
vt 0.454900 0.855100
vt 0.486300 0.792800
vt 0.878700 0.324800
vt 0.895700 0.325300
vt 0.906000 0.325200
vt 0.910200 0.329700
vt 0.918300 0.696800
vt 0.924700 0.696900
vt 0.905100 0.697700
vt 0.982600 0.705200
vt 0.348600 0.983100
vt 0.338800 0.972300
vt 0.343400 0.992700
vt 0.865200 0.331600
vt 0.865400 0.320800
vt 0.250700 0.846100
vt 0.575000 0.544000
vt 0.609200 0.517100
vt 0.892600 0.699300
vt 0.393900 0.955700
vt 0.388100 0.962200
vt 0.395200 0.931400
vt 0.413100 0.892000
vt 0.408600 0.915000
vt 0.620300 0.481500
vt 0.076700 0.627500
vt 0.045200 0.594400
vt 0.926600 0.329700
vt 0.929400 0.327600
vt 0.840500 0.679400
vt 0.330500 0.954300
vt 0.990200 0.707100
vt 0.376700 0.975100
vt 0.372400 0.976400
vt 0.372000 0.983000
vt 0.378100 0.984600
vt 0.234100 0.825800
vt 0.900800 0.330200
vt 0.908000 0.333400
vt 0.881600 0.329500
vt 0.882700 0.332600
vt 0.005700 0.577000
vt 0.920000 0.337600
vt 0.876100 0.332000
vt 0.437200 0.844800
vt 0.424000 0.868700
vt 0.468200 0.783200
vt 0.879900 0.701700
vt 0.318800 0.941100
vt 0.313600 0.927900
vt 0.301600 0.915300
vt 0.292300 0.900600
vt 0.021100 0.544000
vt 0.009200 0.537000
vt 0.031900 0.430700
vt 0.647400 0.441100
vt 0.639200 0.441800
vt 0.372300 0.964800
vt 0.055600 0.142500
vt 0.059400 0.144300
vt 0.059000 0.129500
vt 0.057200 0.124100
vt 0.062400 0.118100
vt 0.057400 0.149500
vt 0.211200 0.788400
vt 0.911600 0.344200
vt 0.387800 0.921400
vt 0.064300 0.130100
vt 0.066300 0.123200
vt 0.065200 0.143400
vt 0.351600 0.986100
vt 0.353900 0.978400
vt 0.925600 0.340600
vt 0.930500 0.333800
vt 0.341300 0.964600
vt 0.066300 0.153500
vt 0.867200 0.337800
vt 0.874600 0.340000
vt 0.572500 0.506200
vt 0.609400 0.479700
vt 0.904100 0.337500
vt 0.903700 0.345200
vt 0.282700 0.883100
vt 0.380400 0.948800
vt 0.268800 0.866400
vt 0.624400 0.442900
vt 0.867700 0.704600
vt 0.873600 0.741000
vt 0.839700 0.718300
vt 0.886000 0.342700
vt 0.896800 0.335200
vt 0.884100 0.337600
vt 0.002500 0.538200
vt 0.344900 0.961500
vt 0.334700 0.950700
vt 0.328300 0.941800
vt 0.918800 0.736100
vt 0.924400 0.735700
vt 0.982400 0.743900
vt 0.359700 0.973800
vt 0.360800 0.977200
vt 0.316700 0.925300
vt 0.400000 0.879700
vt 0.394000 0.898500
vt 0.905800 0.736200
vt 0.920300 0.345900
vt 0.881900 0.342900
vt 0.365500 0.967400
vt 0.519600 0.655200
vt 0.446800 0.771700
vt 0.536600 0.585100
vt 0.708000 0.272800
vt 0.713300 0.267100
vt 0.706100 0.264900
vt 0.699000 0.266800
vt 0.697000 0.279700
vt 0.710600 0.279200
vt 0.694400 0.273400
vt 0.171100 0.729500
vt 0.096100 0.611000
vt 0.694700 0.283200
vt 0.699500 0.283400
vt 0.362900 0.971200
vt 0.767700 0.275600
vt 0.756100 0.281000
vt 0.759400 0.294100
vt 0.775700 0.287000
vt 0.758200 0.262300
vt 0.751300 0.267300
vt 0.768200 0.303500
vt 0.783000 0.296100
vt 0.890700 0.737600
vt 0.751100 0.262200
vt 0.756500 0.258900
vt 0.305200 0.912200
vt 0.296000 0.897500
vt 0.582500 0.472200
vt 0.652600 0.149800
vt 0.657600 0.155100
vt 0.657600 0.143800
vt 0.718900 0.268800
vt 0.717200 0.263500
vt 0.736200 0.265200
vt 0.734500 0.261200
vt 0.791200 0.315600
vt 0.795800 0.313000
vt 0.778800 0.321300
vt 0.408200 0.860200
vt 0.419900 0.835500
vt 0.738000 0.269700
vt 0.742400 0.259900
vt 0.288800 0.878500
vt 0.800100 0.331800
vt 0.806200 0.326800
vt 0.992800 0.746400
vt 0.998700 0.710400
vt 0.376300 0.946600
vt 0.368200 0.962500
vt 0.383800 0.919200
vt 0.800500 0.349300
vt 0.812800 0.341900
vt 0.746100 0.286700
vt 0.744800 0.299500
vt 0.790100 0.336400
vt 0.608900 0.443600
vt 0.722400 0.277700
vt 0.815500 0.361400
vt 0.272800 0.862200
vt 0.729600 0.279400
vt 0.732100 0.286700
vt 0.762100 0.307700
vt 0.745000 0.311700
vt 0.768800 0.327200
vt 0.254600 0.843000
vt 0.239200 0.821700
vt 0.539900 0.491800
vt 0.074100 0.153500
vt 0.076000 0.145500
vt 0.068300 0.146400
vt 0.069600 0.152700
vt 0.695800 0.304300
vt 0.704300 0.289700
vt 0.696300 0.287600
vt 0.692500 0.302500
vt 0.683500 0.329100
vt 0.689900 0.329500
vt 0.216600 0.784300
vt 0.717000 0.282900
vt 0.390000 0.896200
vt 0.634800 0.403500
vt 0.623300 0.405300
vt 0.787300 0.350100
vt 0.708600 0.312800
vt 0.709200 0.298700
vt 0.708100 0.328800
vt 0.075300 0.134900
vt 0.068300 0.126200
vt 0.717200 0.301700
vt 0.713100 0.289100
vt 0.753000 0.321000
vt 0.746000 0.323900
vt 0.280300 0.847200
vt 0.255100 0.810600
vt 0.733900 0.303900
vt 0.777000 0.344400
vt 0.293100 0.858700
vt 0.677500 0.351300
vt 0.683200 0.354100
vt 0.395400 0.877000
vt 0.793900 0.368300
vt 0.803400 0.381300
vt 0.484000 0.666200
vt 0.512700 0.573300
vt 0.715800 0.316000
vt 0.812000 0.432500
vt 0.809400 0.472700
vt 0.832600 0.461500
vt 0.832800 0.422000
vt 0.190700 0.743300
vt 0.065500 0.448300
vt 0.041700 0.426400
vt 0.597300 0.441400
vt 0.723700 0.304800
vt 0.722700 0.291200
vt 0.075600 0.124100
vt 0.074100 0.118600
vt 0.703200 0.359300
vt 0.698800 0.341100
vt 0.403600 0.857600
vt 0.726600 0.287700
vt 0.715300 0.330300
vt 0.774300 0.364800
vt 0.732600 0.320000
vt 0.674700 0.369700
vt 0.689100 0.371800
vt 0.414700 0.832500
vt 0.429900 0.798000
vt 0.009100 0.495600
vt 0.001000 0.497800
vt 0.839200 0.756300
vt 0.915900 0.775700
vt 0.923100 0.775900
vt 0.975600 0.782700
vt 0.723900 0.320400
vt 0.902800 0.776000
vt 0.603300 0.407400
vt 0.762900 0.343200
vt 0.809200 0.516100
vt 0.834000 0.504800
vt 0.728400 0.304500
vt 0.705000 0.375200
vt 0.684600 0.389600
vt 0.671000 0.388100
vt 0.712500 0.347100
vt 0.206700 0.731600
vt 0.174600 0.713600
vt 0.168500 0.679000
vt 0.161200 0.683500
vt 0.139700 0.630500
vt 0.890200 0.776700
vt 0.716000 0.365200
vt 0.668100 0.411600
vt 0.680900 0.415700
vt 0.464700 0.700200
vt 0.447500 0.750500
vt 0.471800 0.659500
vt 0.677400 0.448600
vt 0.665400 0.443900
vt 0.769500 0.355700
vt 0.985600 0.784000
vt 0.724400 0.342300
vt 0.732900 0.334700
vt 0.809800 0.393800
vt 0.796000 0.401800
vt 0.798800 0.438300
vt 0.663600 0.488800
vt 0.674100 0.493100
vt 0.780900 0.385200
vt 0.757600 0.350900
vt 0.769100 0.379200
vt 0.877400 0.778200
vt 0.701500 0.399900
vt 0.702800 0.385000
vt 0.510700 0.478100
vt 0.626900 0.365100
vt 0.619600 0.366200
vt 0.769900 0.487700
vt 0.723300 0.367700
vt 0.697800 0.422800
vt 0.717100 0.379900
vt 0.594000 0.407400
vt 0.691900 0.454400
vt 0.660400 0.536500
vt 0.666000 0.537800
vt 0.834500 0.535900
vt 0.777900 0.551200
vt 0.775400 0.585000
vt 0.829700 0.571200
vt 0.554000 0.458300
vt 0.730100 0.352400
vt 0.740400 0.352600
vt 0.686900 0.497400
vt 0.773700 0.424700
vt 0.772600 0.403200
vt 0.770300 0.516700
vt 0.763400 0.365700
vt 0.754800 0.367700
vt 0.717300 0.390100
vt 0.601300 0.370100
vt 0.477700 0.600500
vt 0.865200 0.780600
vt 0.740700 0.368500
vt 0.719100 0.405200
vt 0.678800 0.541900
vt 0.467500 0.657900
vt 0.460300 0.699300
vt 0.566000 0.417200
vt 0.730500 0.375500
vt 0.149200 0.625000
vt 0.134400 0.579200
vt 0.135800 0.512800
vt 0.109900 0.489600
vt 0.085200 0.462600
vt 0.766200 0.390300
vt 0.717000 0.428000
vt 0.004500 0.459500
vt 0.581400 0.405400
vt 0.155100 0.654000
vt 0.711900 0.460200
vt 0.708300 0.486900
vt 0.764400 0.537600
vt 0.758200 0.382200
vt 0.663600 0.578000
vt 0.726800 0.387800
vt 0.915800 0.815500
vt 0.921300 0.815700
vt 0.960000 0.820400
vt 0.758400 0.392300
vt 0.902700 0.815800
vt 0.744100 0.383400
vt 0.694100 0.547200
vt 0.706300 0.515000
vt 0.731000 0.407200
vt 0.735600 0.393300
vt 0.020200 0.421500
vt 0.010800 0.420800
vt 0.761800 0.406700
vt 0.762100 0.429300
vt 0.778400 0.617100
vt 0.832500 0.597300
vt 0.887600 0.816100
vt 0.750600 0.393400
vt 0.743700 0.407800
vt 0.762100 0.490700
vt 0.471100 0.598400
vt 0.977000 0.822700
vt 0.983000 0.823400
vt 0.728200 0.430500
vt 0.687600 0.585000
vt 0.583600 0.373200
vt 0.610100 0.329400
vt 0.603900 0.332000
vt 0.752400 0.407600
vt 0.724600 0.463100
vt 0.721800 0.490200
vt 0.474100 0.551400
vt 0.477900 0.458500
vt 0.753500 0.430900
vt 0.742400 0.431600
vt 0.720700 0.518300
vt 0.669000 0.611100
vt 0.694600 0.618200
vt 0.663900 0.636500
vt 0.778100 0.644100
vt 0.830700 0.626800
vt 0.755800 0.491700
vt 0.732600 0.464200
vt 0.744400 0.464400
vt 0.593800 0.336200
vt 0.731400 0.491400
vt 0.708500 0.551500
vt 0.720400 0.553900
vt 0.574500 0.373100
vt 0.707400 0.583300
vt 0.744000 0.492000
vt 0.731000 0.519400
vt 0.870500 0.817500
vt 0.757000 0.519700
vt 0.744400 0.520000
vt 0.756800 0.555800
vt 0.730700 0.555500
vt 0.526100 0.443600
vt 0.744200 0.556100
vt 0.720200 0.586200
vt 0.838400 0.795400
vt 0.710500 0.615900
vt 0.144400 0.588900
vt 0.140500 0.551700
vt 0.778800 0.674200
vt 0.830000 0.663300
vt 0.765700 0.573300
vt 0.538700 0.412800
vt 0.836900 0.824900
vt 0.548100 0.380100
vt 0.579400 0.340100
vt 0.731300 0.587800
vt 0.691200 0.645800
vt 0.744800 0.588400
vt 0.912100 0.855800
vt 0.918400 0.856500
vt 0.898900 0.855600
vt 0.956300 0.861300
vt 0.757400 0.588100
vt 0.722400 0.618400
vt 0.660100 0.683000
vt 0.665100 0.687700
vt 0.886300 0.855800
vt 0.971600 0.863100
vt 0.767300 0.610900
vt 0.978500 0.863200
vt 0.732700 0.619500
vt 0.590300 0.294700
vt 0.586000 0.297200
vt 0.566200 0.343600
vt 0.746200 0.620100
vt 0.708800 0.650800
vt 0.873500 0.856900
vt 0.758800 0.619800
vt 0.570100 0.305100
vt 0.141900 0.513200
vt 0.779500 0.706400
vt 0.830800 0.700700
vt 0.722300 0.653300
vt 0.550900 0.348300
vt 0.836700 0.856300
vt 0.861300 0.857000
vt 0.771600 0.633000
vt 0.769700 0.654300
vt 0.734200 0.654200
vt 0.693600 0.683100
vt 0.018400 0.392300
vt 0.747700 0.654800
vt 0.462100 0.488000
vt 0.458600 0.500100
vt 0.465800 0.547500
vt 0.491900 0.426200
vt 0.759500 0.654900
vt 0.512700 0.399900
vt 0.548600 0.316400
vt 0.521500 0.369700
vt 0.042500 0.387400
vt 0.030800 0.378100
vt 0.770100 0.671500
vt 0.712800 0.688100
vt 0.665400 0.735600
vt 0.699300 0.721800
vt 0.911200 0.896100
vt 0.917400 0.896600
vt 0.900600 0.894800
vt 0.949800 0.900500
vt 0.778800 0.740700
vt 0.830200 0.738900
vt 0.727900 0.690500
vt 0.534100 0.351200
vt 0.534100 0.321400
vt 0.880500 0.893700
vt 0.969000 0.901100
vt 0.749300 0.691200
vt 0.769000 0.691200
vt 0.974200 0.900800
vt 0.565000 0.265200
vt 0.098300 0.408800
vt 0.082800 0.390900
vt 0.069400 0.364200
vt 0.554800 0.271300
vt 0.116900 0.426400
vt 0.028100 0.362300
vt 0.773300 0.705300
vt 0.869300 0.893700
vt 0.138000 0.467100
vt 0.716100 0.724300
vt 0.539400 0.278400
vt 0.528600 0.292200
vt 0.145200 0.467600
vt 0.730400 0.726700
vt 0.747000 0.727700
vt 0.836500 0.895400
vt 0.857000 0.893600
vt 0.485900 0.385400
vt 0.465000 0.410600
vt 0.491300 0.361500
vt 0.769400 0.706300
vt 0.762000 0.728200
vt 0.447900 0.459700
vt 0.668000 0.777100
vt 0.711400 0.760300
vt 0.780600 0.778500
vt 0.831400 0.784000
vt 0.439200 0.418600
vt 0.508400 0.337600
vt 0.515500 0.324300
vt 0.433300 0.423900
vt 0.059500 0.337700
vt 0.047800 0.333500
vt 0.043800 0.326000
vt 0.771500 0.728500
vt 0.909200 0.932300
vt 0.901200 0.930700
vt 0.933400 0.933200
vt 0.891200 0.929600
vt 0.954100 0.934300
vt 0.962500 0.934600
vt 0.732100 0.763800
vt 0.513000 0.297600
vt 0.544900 0.237000
vt 0.534100 0.245600
vt 0.869300 0.927200
vt 0.751900 0.766000
vt 0.772100 0.750600
vt 0.518600 0.254500
vt 0.853600 0.925300
vt 0.156500 0.426000
vt 0.151500 0.423400
vt 0.145200 0.420100
vt 0.674600 0.814200
vt 0.715600 0.800700
vt 0.462500 0.337800
vt 0.465300 0.360900
vt 0.434100 0.357100
vt 0.494900 0.313200
vt 0.484400 0.324600
vt 0.781700 0.818400
vt 0.829400 0.824500
vt 0.837900 0.921800
vt 0.509300 0.260800
vt 0.502100 0.267100
vt 0.409800 0.372300
vt 0.152400 0.375300
vt 0.138800 0.358700
vt 0.117900 0.338100
vt 0.733200 0.805300
vt 0.772500 0.766000
vt 0.096400 0.322600
vt 0.903000 0.948000
vt 0.909400 0.948100
vt 0.925700 0.949100
vt 0.893900 0.946700
vt 0.939600 0.950100
vt 0.954200 0.950300
vt 0.753100 0.809000
vt 0.482800 0.281300
vt 0.062300 0.306600
vt 0.055500 0.301700
vt 0.959400 0.949400
vt 0.871900 0.945600
vt 0.531600 0.227100
vt 0.520100 0.230700
vt 0.773000 0.787400
vt 0.773600 0.809400
vt 0.085900 0.301700
vt 0.508100 0.236700
vt 0.461400 0.295000
vt 0.411300 0.385200
vt 0.861400 0.946300
vt 0.687600 0.852400
vt 0.730300 0.842400
vt 0.680600 0.855300
vt 0.419100 0.313900
vt 0.409100 0.329800
vt 0.451000 0.306400
vt 0.905600 0.961700
vt 0.915800 0.962200
vt 0.898300 0.960600
vt 0.939700 0.963900
vt 0.494500 0.235100
vt 0.951100 0.963900
vt 0.164800 0.379600
vt 0.884000 0.960900
vt 0.041300 0.295000
vt 0.061800 0.284200
vt 0.065100 0.268800
vt 0.045600 0.274700
vt 0.521100 0.215800
vt 0.504400 0.211600
vt 0.171100 0.381200
vt 0.486500 0.241100
vt 0.475200 0.253300
vt 0.782000 0.856400
vt 0.829200 0.867700
vt 0.426000 0.292500
vt 0.074600 0.279000
vt 0.867900 0.958900
vt 0.493500 0.223100
vt 0.088000 0.280600
vt 0.750200 0.846500
vt 0.905700 0.973500
vt 0.936100 0.981600
vt 0.888500 0.972600
vt 0.896900 0.980300
vt 0.944500 0.981200
vt 0.454300 0.265600
vt 0.848800 0.956300
vt 0.865600 0.971600
vt 0.480600 0.221900
vt 0.504200 0.204700
vt 0.774700 0.848700
vt 0.394500 0.353700
vt 0.076100 0.264100
vt 0.888100 0.983400
vt 0.113400 0.307000
vt 0.107700 0.289300
vt 0.135500 0.323200
vt 0.911900 0.992600
vt 0.928500 0.998100
vt 0.435000 0.280400
vt 0.467500 0.226000
vt 0.891100 0.992300
vt 0.687900 0.888500
vt 0.693400 0.886100
vt 0.676900 0.868500
vt 0.712300 0.880100
vt 0.156000 0.344300
vt 0.455500 0.231400
vt 0.490200 0.204900
vt 0.162000 0.362100
vt 0.169500 0.357000
vt 0.075400 0.249500
vt 0.060300 0.252300
vt 0.476200 0.209800
vt 0.937300 0.990800
vt 0.442000 0.241400
vt 0.539000 0.067000
vt 0.546900 0.064800
vt 0.539400 0.052200
vt 0.532900 0.057800
vt 0.899000 0.999000
vt 0.088600 0.266100
vt 0.742100 0.870300
vt 0.731600 0.889600
vt 0.174100 0.363000
vt 0.866000 0.982400
vt 0.877700 0.991000
vt 0.855100 0.977700
vt 0.781800 0.874700
vt 0.829700 0.885500
vt 0.109100 0.269800
vt 0.085200 0.256300
vt 0.088000 0.243700
vt 0.095600 0.255400
vt 0.465900 0.214800
vt 0.524900 0.063600
vt 0.532600 0.068100
vt 0.773900 0.875000
vt 0.474400 0.201100
vt 0.485000 0.197200
vt 0.144200 0.316000
vt 0.124900 0.297300
vt 0.426400 0.255600
vt 0.163500 0.338100
vt 0.507700 0.058500
vt 0.495600 0.066500
vt 0.512000 0.070500
vt 0.451800 0.081200
vt 0.451500 0.092800
vt 0.460400 0.085300
vt 0.462300 0.073200
vt 0.470500 0.088100
vt 0.474200 0.071100
vt 0.483500 0.074400
vt 0.487000 0.062300
vt 0.135300 0.289700
vt 0.124900 0.274900
vt 0.106100 0.258400
vt 0.447200 0.219400
vt 0.538600 0.078100
vt 0.547300 0.077900
vt 0.522900 0.076600
vt 0.826200 0.904600
vt 0.834500 0.891700
vt 0.779100 0.893000
vt 0.403000 0.293200
vt 0.391200 0.319600
vt 0.460500 0.206000
vt 0.177700 0.343700
vt 0.173900 0.330000
vt 0.482400 0.085100
vt 0.384000 0.337700
vt 0.414800 0.269100
vt 0.096400 0.247100
vt 0.530600 0.082900
vt 0.492000 0.081800
vt 0.506300 0.079900
vt 0.697100 0.905400
vt 0.706500 0.901600
vt 0.153100 0.308900
vt 0.452500 0.211900
vt 0.538400 0.088300
vt 0.547700 0.092800
vt 0.555600 0.092000
vt 0.722700 0.915900
vt 0.430600 0.228600
vt 0.766400 0.889800
vt 0.771500 0.905100
vt 0.747800 0.907500
vt 0.519400 0.088300
vt 0.094900 0.238100
vt 0.454500 0.098400
vt 0.464700 0.100700
vt 0.111100 0.247600
vt 0.123600 0.258000
vt 0.529500 0.094700
vt 0.417900 0.234300
vt 0.181400 0.324400
vt 0.780400 0.917100
vt 0.822000 0.923700
vt 0.112500 0.239900
vt 0.553700 0.103200
vt 0.561700 0.101400
vt 0.127700 0.246100
vt 0.477300 0.100400
vt 0.162200 0.300600
vt 0.144300 0.282500
vt 0.139600 0.263100
vt 0.492400 0.095800
vt 0.502100 0.087800
vt 0.505600 0.102000
vt 0.172900 0.300300
vt 0.450000 0.116600
vt 0.457900 0.116700
vt 0.448000 0.204600
vt 0.434700 0.212200
vt 0.427500 0.220300
vt 0.705700 0.932700
vt 0.711100 0.926600
vt 0.376400 0.310800
vt 0.179700 0.310300
vt 0.401500 0.255200
vt 0.393500 0.268700
vt 0.399300 0.240100
vt 0.538700 0.105100
vt 0.387300 0.284100
vt 0.130200 0.239500
vt 0.518000 0.109000
vt 0.772800 0.928100
vt 0.467300 0.117000
vt 0.486400 0.110600
vt 0.462200 0.132800
vt 0.550900 0.120400
vt 0.559600 0.118100
vt 0.811600 0.943100
vt 0.813300 0.953500
vt 0.822400 0.937900
vt 0.785800 0.946700
vt 0.163900 0.280000
vt 0.152600 0.275800
vt 0.156300 0.264900
vt 0.139100 0.253600
vt 0.412300 0.222700
vt 0.529700 0.113900
vt 0.177400 0.288900
vt 0.452700 0.133800
vt 0.496600 0.115600
vt 0.746800 0.926900
vt 0.726400 0.935000
vt 0.555200 0.135400
vt 0.564100 0.127600
vt 0.729300 0.952900
vt 0.540500 0.125600
vt 0.184900 0.294400
vt 0.556300 0.153200
vt 0.559700 0.142800
vt 0.417100 0.214200
vt 0.154200 0.251900
vt 0.402300 0.225200
vt 0.504400 0.116300
vt 0.140000 0.245300
vt 0.724500 0.954500
vt 0.375700 0.277200
vt 0.362900 0.289900
vt 0.772500 0.945000
vt 0.777900 0.943900
vt 0.779800 0.955700
vt 0.490000 0.126100
vt 0.491200 0.136800
vt 0.382500 0.262200
vt 0.547200 0.140200
vt 0.390500 0.248700
vt 0.497800 0.126100
vt 0.523100 0.125800
vt 0.183200 0.278700
vt 0.174200 0.271300
vt 0.167900 0.264100
vt 0.458700 0.144200
vt 0.450000 0.144700
vt 0.804200 0.962000
vt 0.534600 0.136500
vt 0.744800 0.945200
vt 0.810500 0.969600
vt 0.818900 0.959600
vt 0.168600 0.255800
vt 0.153600 0.242900
vt 0.141700 0.237600
vt 0.476000 0.144400
vt 0.549800 0.157100
vt 0.535900 0.148600
vt 0.389700 0.234300
vt 0.382900 0.244000
vt 0.397300 0.222100
vt 0.472500 0.158100
vt 0.459100 0.156900
vt 0.164800 0.244300
vt 0.500700 0.136900
vt 0.522000 0.137600
vt 0.375500 0.258000
vt 0.368800 0.272900
vt 0.720000 0.970800
vt 0.732000 0.967400
vt 0.711100 0.966000
vt 0.793300 0.963100
vt 0.183600 0.264200
vt 0.180400 0.254400
vt 0.190100 0.273600
vt 0.542700 0.159400
vt 0.773500 0.956800
vt 0.190200 0.285900
vt 0.790400 0.970300
vt 0.803700 0.974300
vt 0.746000 0.957900
vt 0.735800 0.962500
vt 0.464300 0.167600
vt 0.473700 0.169900
vt 0.489900 0.156600
vt 0.497000 0.156100
vt 0.520500 0.163300
vt 0.174200 0.245600
vt 0.546300 0.171900
vt 0.552700 0.168600
vt 0.552400 0.178700
vt 0.717800 0.984800
vt 0.718000 0.997700
vt 0.726700 0.988700
vt 0.736900 0.974900
vt 0.527300 0.172900
vt 0.780100 0.965200
vt 0.773000 0.965900
vt 0.534700 0.190600
vt 0.543300 0.195200
vt 0.193900 0.263200
vt 0.203800 0.276800
vt 0.209000 0.267200
vt 0.464900 0.177100
vt 0.489600 0.165500
vt 0.752600 0.971200
vt 0.531800 0.180800
vt 0.742400 0.971600
vt 0.189800 0.254000
vt 0.188600 0.247800
vt 0.183400 0.241200
vt 0.496700 0.165600
vt 0.735600 0.999000
vt 0.742600 0.981200
vt 0.178100 0.234100
vt 0.169400 0.236300
vt 0.517100 0.171100
vt 0.214600 0.272600
vt 0.210400 0.281800
vt 0.778200 0.977200
vt 0.782700 0.973900
vt 0.475100 0.178000
vt 0.490200 0.174200
vt 0.749100 0.984700
vt 0.766200 0.974200
vt 0.768000 0.982200
vt 0.198100 0.252400
vt 0.207500 0.252000
vt 0.520800 0.181200
vt 0.524500 0.187300
vt 0.515300 0.178600
vt 0.722300 0.073100
vt 0.720300 0.081100
vt 0.731600 0.083200
vt 0.734100 0.077900
vt 0.755800 0.092600
vt 0.496500 0.173800
vt 0.200800 0.244700
vt 0.193300 0.235800
vt 0.203100 0.235400
vt 0.188100 0.228700
vt 0.476400 0.186900
vt 0.491600 0.181100
vt 0.222000 0.265300
vt 0.219900 0.263500
vt 0.390600 0.033700
vt 0.386800 0.039300
vt 0.390400 0.042500
vt 0.754100 0.991400
vt 0.219800 0.248900
vt 0.728900 0.089400
vt 0.747900 0.096800
vt 0.747600 0.989700
vt 0.712900 0.078000
vt 0.710600 0.085300
vt 0.715000 0.093900
vt 0.725600 0.097200
vt 0.512500 0.192600
vt 0.517400 0.186700
vt 0.501000 0.182000
vt 0.502300 0.190900
vt 0.387900 0.052900
vt 0.376800 0.043200
vt 0.744600 0.104500
vt 0.748200 0.105800
vt 0.753300 0.097900
vt 0.362900 0.048500
vt 0.365600 0.056400
vt 0.211900 0.239400
vt 0.202100 0.228100
vt 0.197500 0.221600
vt 0.648900 0.139600
vt 0.639800 0.140800
vt 0.638000 0.152200
vt 0.646600 0.156000
vt 0.394400 0.058400
vt 0.397000 0.050100
vt 0.394700 0.040600
vt 0.391600 0.061000
vt 0.228100 0.256300
vt 0.707000 0.093700
vt 0.708500 0.101200
vt 0.492100 0.189400
vt 0.629900 0.154100
vt 0.638700 0.157700
vt 0.486600 0.189800
vt 0.737600 0.121900
vt 0.742900 0.114600
vt 0.721800 0.106600
vt 0.711200 0.115900
vt 0.216500 0.230800
vt 0.213400 0.226100
vt 0.641700 0.167400
vt 0.632900 0.166200
vt 0.635800 0.173400
vt 0.646800 0.176500
vt 0.701800 0.104000
vt 0.702000 0.112800
vt 0.234900 0.248900
vt 0.227100 0.242200
vt 0.400600 0.058200
vt 0.633400 0.133000
vt 0.630600 0.142200
vt 0.643000 0.131400
vt 0.208200 0.219600
vt 0.369200 0.068900
vt 0.738400 0.127900
vt 0.704400 0.119800
vt 0.394700 0.069700
vt 0.401000 0.068900
vt 0.233600 0.236000
vt 0.222600 0.225100
vt 0.240800 0.243200
vt 0.218900 0.220900
vt 0.406400 0.064900
vt 0.212800 0.213200
vt 0.625600 0.131900
vt 0.622400 0.142000
vt 0.621600 0.152100
vt 0.622100 0.174400
vt 0.632000 0.177500
vt 0.623200 0.159700
vt 0.615400 0.167000
vt 0.706000 0.129000
vt 0.733500 0.132100
vt 0.734800 0.139200
vt 0.232100 0.215700
vt 0.228400 0.211500
vt 0.243000 0.226600
vt 0.617700 0.123800
vt 0.614200 0.131700
vt 0.630500 0.126000
vt 0.221900 0.209400
vt 0.612200 0.140500
vt 0.696100 0.120400
vt 0.695000 0.130300
vt 0.409000 0.078400
vt 0.416400 0.072900
vt 0.412800 0.059100
vt 0.403100 0.081000
vt 0.370900 0.079500
vt 0.398800 0.084600
vt 0.247900 0.235900
vt 0.610800 0.152200
vt 0.697200 0.138100
vt 0.371900 0.090700
vt 0.732000 0.150800
vt 0.707600 0.142300
vt 0.727900 0.155300
vt 0.608300 0.175000
vt 0.616500 0.178800
vt 0.601500 0.116300
vt 0.597800 0.125100
vt 0.235900 0.203700
vt 0.228100 0.196400
vt 0.596600 0.133000
vt 0.597600 0.146700
vt 0.419500 0.093500
vt 0.426100 0.087100
vt 0.433200 0.080900
vt 0.424000 0.069700
vt 0.405200 0.092400
vt 0.410600 0.091400
vt 0.413300 0.101900
vt 0.603300 0.164500
vt 0.244700 0.208300
vt 0.257000 0.212000
vt 0.254000 0.222400
vt 0.398700 0.102800
vt 0.407000 0.102800
vt 0.372000 0.100700
vt 0.691000 0.140600
vt 0.688400 0.133300
vt 0.725000 0.169600
vt 0.729800 0.161000
vt 0.585600 0.108300
vt 0.577400 0.116600
vt 0.243900 0.195300
vt 0.232000 0.183300
vt 0.576500 0.123500
vt 0.593000 0.166500
vt 0.599500 0.177300
vt 0.682800 0.141300
vt 0.586200 0.140100
vt 0.588300 0.150100
vt 0.574100 0.142000
vt 0.693800 0.147100
vt 0.704200 0.151300
vt 0.251800 0.201000
vt 0.442200 0.103600
vt 0.442900 0.094800
vt 0.445600 0.085500
vt 0.427400 0.107300
vt 0.416000 0.117200
vt 0.700900 0.160400
vt 0.686200 0.149100
vt 0.579000 0.164000
vt 0.573200 0.159800
vt 0.585800 0.179600
vt 0.590300 0.186100
vt 0.599900 0.185300
vt 0.409800 0.118300
vt 0.392600 0.118800
vt 0.370700 0.116200
vt 0.368400 0.109100
vt 0.364500 0.114800
vt 0.728100 0.176700
vt 0.690500 0.156200
vt 0.262900 0.206200
vt 0.255400 0.197900
vt 0.267300 0.216100
vt 0.273300 0.210400
vt 0.242800 0.188000
vt 0.234000 0.177300
vt 0.225900 0.171700
vt 0.243600 0.181300
vt 0.676100 0.151000
vt 0.674400 0.156800
vt 0.231500 0.164800
vt 0.225300 0.165500
vt 0.572800 0.122600
vt 0.240100 0.169300
vt 0.569500 0.138000
vt 0.448000 0.101600
vt 0.250500 0.170100
vt 0.566100 0.131000
vt 0.757800 0.121200
vt 0.764100 0.127200
vt 0.769400 0.119100
vt 0.762800 0.115400
vt 0.566100 0.147400
vt 0.570000 0.152500
vt 0.568100 0.166400
vt 0.573100 0.179700
vt 0.577900 0.185600
vt 0.699100 0.166100
vt 0.723200 0.175200
vt 0.688800 0.162000
vt 0.651000 0.157200
vt 0.651000 0.171200
vt 0.657600 0.162900
vt 0.576700 0.190400
vt 0.587600 0.195200
vt 0.437800 0.118100
vt 0.429800 0.133000
vt 0.267300 0.202700
vt 0.254500 0.186600
vt 0.778800 0.124700
vt 0.785400 0.118500
vt 0.777100 0.115900
vt 0.264700 0.179000
vt 0.798000 0.124700
vt 0.804300 0.120200
vt 0.791400 0.116300
vt 0.244200 0.162400
vt 0.238400 0.158600
vt 0.290400 0.213900
vt 0.284600 0.206700
vt 0.276000 0.215100
vt 0.406700 0.127500
vt 0.412200 0.131100
vt 0.391400 0.129800
vt 0.362900 0.119300
vt 0.367700 0.125800
vt 0.698300 0.168300
vt 0.711500 0.173500
vt 0.709900 0.176900
vt 0.721500 0.179700
vt 0.687700 0.164900
vt 0.673600 0.159100
vt 0.285500 0.196200
vt 0.660800 0.153500
vt 0.660100 0.157600
vt 0.769700 0.141300
vt 0.815100 0.127400
vt 0.816600 0.123400
vt 0.570500 0.178600
vt 0.569300 0.187000
vt 0.696700 0.171700
vt 0.808200 0.145200
vt 0.651000 0.174800
vt 0.651000 0.195200
vt 0.656100 0.185700
vt 0.654700 0.173300
vt 0.661400 0.164600
vt 0.672000 0.162500
vt 0.824000 0.131700
vt 0.825900 0.140100
vt 0.830100 0.133700
vt 0.574300 0.192200
vt 0.721700 0.189800
vt 0.731600 0.194500
vt 0.368700 0.134600
vt 0.371300 0.131300
vt 0.729100 0.185800
vt 0.702500 0.182200
vt 0.704900 0.188900
vt 0.683600 0.173700
vt 0.691500 0.183500
vt 0.667100 0.173600
vt 0.759000 0.133400
vt 0.766100 0.148900
vt 0.783900 0.147700
vt 0.401000 0.136100
vt 0.407200 0.138200
vt 0.382300 0.144800
vt 0.816700 0.147100
vt 0.263700 0.166100
vt 0.260100 0.160200
vt 0.270800 0.174400
vt 0.820500 0.148300
vt 0.306000 0.217300
vt 0.302000 0.211900
vt 0.395300 0.147600
vt 0.290900 0.192100
vt 0.419000 0.149600
vt 0.427900 0.143500
vt 0.316600 0.216900
vt 0.310900 0.213200
vt 0.372400 0.147800
vt 0.681100 0.179200
vt 0.665000 0.178600
vt 0.660400 0.175000
vt 0.729600 0.199600
vt 0.400000 0.150100
vt 0.735300 0.207000
vt 0.740200 0.207000
vt 0.773800 0.165400
vt 0.780300 0.164500
vt 0.688300 0.191300
vt 0.701700 0.196900
vt 0.712800 0.201500
vt 0.682300 0.188900
vt 0.665800 0.187200
vt 0.281100 0.166200
vt 0.289100 0.160100
vt 0.286800 0.173900
vt 0.277300 0.155900
vt 0.381000 0.161400
vt 0.395300 0.154600
vt 0.371100 0.160700
vt 0.402400 0.157600
vt 0.811000 0.162800
vt 0.741200 0.213600
vt 0.743300 0.223900
vt 0.746700 0.219100
vt 0.816900 0.165300
vt 0.663400 0.193000
vt 0.422400 0.158700
vt 0.306900 0.196700
vt 0.301600 0.176100
vt 0.322500 0.212900
vt 0.398700 0.173300
vt 0.375300 0.179900
vt 0.394500 0.183500
vt 0.399200 0.183000
vt 0.332500 0.219800
vt 0.336600 0.215600
vt 0.693700 0.203700
vt 0.709400 0.210400
vt 0.678800 0.197600
vt 0.422100 0.172200
vt 0.368500 0.178600
vt 0.752200 0.234400
vt 0.755800 0.235800
vt 0.328500 0.206600
vt 0.314800 0.191100
vt 0.297500 0.166300
vt 0.676000 0.205000
vt 0.428400 0.176700
vt 0.427900 0.163300
vt 0.778800 0.183500
vt 0.787100 0.181700
vt 0.771000 0.177600
vt 0.807500 0.174000
vt 0.814600 0.179700
vt 0.707100 0.216200
vt 0.719500 0.226600
vt 0.723800 0.237800
vt 0.693800 0.216600
vt 0.421300 0.180300
vt 0.670200 0.205700
vt 0.674500 0.208500
vt 0.344200 0.210600
vt 0.336100 0.201600
vt 0.351100 0.218900
vt 0.353400 0.212400
vt 0.319400 0.187000
vt 0.316000 0.176600
vt 0.306000 0.164700
vt 0.295600 0.155600
vt 0.753900 0.241100
vt 0.366900 0.183900
vt 0.377100 0.185000
vt 0.747100 0.247800
vt 0.713900 0.235900
vt 0.396100 0.188200
vt 0.400000 0.187500
vt 0.414800 0.188700
vt 0.380300 0.190000
vt 0.425800 0.184400
vt 0.687900 0.218300
vt 0.796700 0.196200
vt 0.809200 0.202900
vt 0.340300 0.198000
vt 0.817800 0.184400
vt 0.400200 0.195200
vt 0.008300 0.110100
vt 0.021100 0.105600
vt 0.020800 0.100200
vt 0.003600 0.105200
vt 0.002800 0.129500
vt 0.014800 0.118800
vt 0.001000 0.108200
vt 0.369700 0.191100
vt 0.743100 0.256800
vt 0.750600 0.249000
vt 0.704200 0.237400
vt 0.815800 0.206700
vt 0.820100 0.199600
vt 0.784400 0.197900
vt 0.778200 0.206500
vt 0.772900 0.195100
vt 0.031400 0.093700
vt 0.358400 0.217200
vt 0.360800 0.206800
vt 0.351500 0.204400
vt 0.321300 0.172600
vt 0.317600 0.163900
vt 0.348200 0.191900
vt 0.808000 0.224900
vt 0.818500 0.224300
vt 0.001000 0.141600
vt 0.010100 0.145100
vt 0.009000 0.130600
vt 0.018300 0.131300
vt 0.030500 0.108500
vt 0.039100 0.100300
vt 0.359200 0.198800
vt 0.724800 0.249800
vt 0.729200 0.245800
vt 0.712000 0.244200
vt 0.731300 0.254900
vt 0.019400 0.115500
vt 0.779000 0.226500
vt 0.786900 0.216800
vt 0.772600 0.211500
vt 0.353300 0.188300
vt 0.336200 0.173100
vt 0.800900 0.214800
vt 0.793200 0.213000
vt 0.023000 0.118600
vt 0.019200 0.137300
vt 0.724200 0.256800
vt 0.812800 0.234600
vt 0.821700 0.234200
vt 0.028300 0.127400
vt 0.038600 0.115400
vt 0.045200 0.105600
vt 0.795400 0.223800
vt 0.020200 0.147500
vt 0.017400 0.153500
vt 0.820700 0.244800
vt 0.822900 0.251300
vt 0.830100 0.246100
vt 0.816500 0.246100
vt 0.790200 0.231400
vt 0.802400 0.234400
vt 0.031000 0.134900
vt 0.775000 0.245800
vt 0.782600 0.243700
vt 0.791900 0.240100
vt 0.053500 0.112800
vt 0.027000 0.153400
vt 0.030000 0.146500
vt 0.043400 0.126000
vt 0.053000 0.121800
vt 0.811800 0.245900
vt 0.052900 0.133200
vt 0.036800 0.146200
vt 0.041300 0.150200
vt 0.810700 0.252400
vt 0.814800 0.256800
s 1
f 2/1/1 5/2/2 3/3/3
f 2/1/1 3/3/3 4/4/4
f 2/1/1 4/4/4 7/5/5
f 9/6/6 11/7/7 1/8/8
f 9/6/6 1/8/8 8/9/9
f 1/8/8 6/10/10 12/11/11
f 1/8/8 12/11/11 8/9/9
f 10/12/12 28/13/13 5/2/2
f 10/12/12 5/2/2 2/1/1
f 13/14/14 16/15/15 4/4/4
f 13/14/14 4/4/4 3/3/3
f 3/3/3 15/16/16 14/17/17
f 3/3/3 14/17/17 13/14/14
f 3/3/3 5/2/2 15/16/16
f 17/18/18 27/19/19 7/5/5
f 17/18/18 7/5/5 4/4/4
f 16/15/15 31/20/20 17/18/18
f 16/15/15 17/18/18 4/4/4
f 13/14/14 18/21/21 16/15/15
f 19/22/22 18/21/21 13/14/14
f 19/22/22 13/14/14 14/17/17
f 20/23/23 21/24/24 9/6/6
f 20/23/23 9/6/6 8/9/9
f 9/6/6 21/24/24 11/7/7
f 8/9/9 12/11/11 22/25/25
f 8/9/9 22/25/25 23/26/26
f 8/9/9 23/26/26 20/23/23
f 6/10/10 26/27/27 24/28/28
f 6/10/10 24/28/28 12/11/11
f 5/2/2 28/13/13 29/29/29
f 5/2/2 29/29/29 15/16/16
f 30/30/30 31/20/20 16/15/15
f 30/30/30 16/15/15 18/21/21
f 32/31/31 35/32/32 11/7/7
f 32/31/31 11/7/7 21/24/24
f 34/33/33 51/34/34 28/13/13
f 34/33/33 28/13/13 10/12/12
f 15/16/16 29/29/29 36/35/35
f 15/16/16 36/35/35 14/17/17
f 14/17/17 36/35/35 37/36/36
f 14/17/17 37/36/36 19/22/22
f 24/28/28 47/37/37 22/25/25
f 24/28/28 22/25/25 12/11/11
f 38/38/38 39/39/39 18/21/21
f 38/38/38 18/21/21 19/22/22
f 40/40/40 30/30/30 18/21/21
f 40/40/40 18/21/21 39/39/39
f 20/23/23 41/41/41 21/24/24
f 42/42/42 41/41/41 20/23/23
f 42/42/42 20/23/23 23/26/26
f 19/22/22 37/36/36 43/43/43
f 19/22/22 43/43/43 38/38/38
f 44/44/44 32/31/31 21/24/24
f 44/44/44 21/24/24 41/41/41
f 22/25/25 47/37/37 45/45/45
f 22/25/25 45/45/45 23/26/26
f 23/26/26 45/45/45 46/46/46
f 23/26/26 46/46/46 42/42/42
f 49/47/47 53/48/48 29/29/29
f 49/47/47 29/29/29 28/13/13
f 28/13/13 51/34/34 49/47/47
f 53/48/48 68/49/49 36/35/35
f 53/48/48 36/35/35 29/29/29
f 54/50/50 55/51/51 41/41/41
f 54/50/50 41/41/41 42/42/42
f 41/41/41 55/51/51 44/44/44
f 31/20/20 72/52/52 57/53/53
f 31/20/20 57/53/53 17/18/18
f 57/53/53 76/54/54 27/19/19
f 57/53/53 27/19/19 17/18/18
f 39/39/39 38/38/38 58/55/55
f 39/39/39 58/55/55 59/56/56
f 39/39/39 59/56/56 40/40/40
f 42/42/42 46/46/46 60/57/57
f 42/42/42 60/57/57 54/50/50
f 61/58/58 58/55/55 38/38/38
f 61/58/58 38/38/38 43/43/43
f 27/19/19 76/54/54 64/59/59
f 27/19/19 64/59/59 25/60/60
f 63/61/61 87/62/62 47/37/37
f 63/61/61 47/37/37 24/28/28
f 36/35/35 68/49/49 66/63/63
f 36/35/35 66/63/63 37/36/36
f 70/64/64 72/52/52 31/20/20
f 70/64/64 31/20/20 30/30/30
f 73/65/65 70/64/64 30/30/30
f 73/65/65 30/30/30 40/40/40
f 47/37/37 87/62/62 74/66/66
f 47/37/37 74/66/66 45/45/45
f 45/45/45 74/66/66 46/46/46
f 77/67/67 73/65/65 40/40/40
f 77/67/67 40/40/40 59/56/56
f 32/31/31 79/68/68 35/32/32
f 81/69/69 79/68/68 32/31/31
f 81/69/69 32/31/31 44/44/44
f 37/36/36 66/63/63 82/70/70
f 37/36/36 82/70/70 43/43/43
f 54/50/50 83/71/71 55/51/51
f 84/72/72 83/71/71 54/50/50
f 84/72/72 54/50/50 60/57/57
f 78/73/73 111/74/74 50/75/75
f 78/73/73 50/75/75 33/76/76
f 85/77/77 81/69/69 44/44/44
f 85/77/77 44/44/44 55/51/51
f 83/71/71 101/78/78 85/77/77
f 83/71/71 85/77/77 55/51/51
f 75/79/79 89/80/80 88/81/81
f 75/79/79 88/81/81 62/82/82
f 88/81/81 116/83/83 86/84/84
f 88/81/81 86/84/84 62/82/82
f 56/85/85 71/86/86 89/80/80
f 56/85/85 89/80/80 75/79/79
f 90/87/87 84/72/72 60/57/57
f 90/87/87 60/57/57 46/46/46
f 43/43/43 82/70/70 91/88/88
f 43/43/43 91/88/88 61/58/58
f 92/89/89 90/87/87 46/46/46
f 92/89/89 46/46/46 74/66/66
f 93/90/90 89/80/80 71/86/86
f 93/90/90 71/86/86 69/91/91
f 58/55/55 95/92/92 59/56/56
f 96/93/93 95/92/92 58/55/55
f 96/93/93 58/55/55 61/58/58
f 97/94/94 77/67/67 59/56/56
f 97/94/94 59/56/56 95/92/92
f 48/95/95 98/96/96 52/97/97
f 99/98/98 98/96/96 48/95/95
f 99/98/98 48/95/95 50/75/75
f 52/97/97 100/99/99 67/100/100
f 98/96/96 141/101/101 100/99/99
f 98/96/96 100/99/99 52/97/97
f 102/102/102 103/103/103 83/71/71
f 102/102/102 83/71/71 84/72/72
f 83/71/71 103/103/103 101/78/78
f 105/104/104 115/105/105 81/69/69
f 105/104/104 81/69/69 85/77/77
f 85/77/77 101/78/78 105/104/104
f 107/106/106 94/107/107 70/64/64
f 107/106/106 70/64/64 73/65/65
f 90/87/87 125/108/108 108/109/109
f 90/87/87 108/109/109 84/72/72
f 108/109/109 132/110/110 102/102/102
f 108/109/109 102/102/102 84/72/72
f 87/62/62 117/111/111 110/112/112
f 87/62/62 110/112/112 74/66/66
f 74/66/66 110/112/112 92/89/89
f 111/74/74 144/113/113 99/98/98
f 111/74/74 99/98/98 50/75/75
f 89/80/80 112/114/114 88/81/81
f 93/90/90 122/115/115 113/116/116
f 93/90/90 113/116/116 89/80/80
f 113/116/116 138/117/117 112/114/114
f 113/116/116 112/114/114 89/80/80
f 78/73/73 80/118/118 114/119/119
f 114/119/119 145/120/120 111/74/74
f 114/119/119 111/74/74 78/73/73
f 67/100/100 118/121/121 65/122/122
f 100/99/99 149/123/123 118/121/121
f 100/99/99 118/121/121 67/100/100
f 61/58/58 91/88/88 119/124/124
f 61/58/58 119/124/124 96/93/93
f 112/114/114 136/125/125 116/83/83
f 112/114/114 116/83/83 88/81/81
f 66/63/63 121/126/126 82/70/70
f 118/121/121 156/127/127 120/128/128
f 118/121/121 120/128/128 65/122/122
f 77/67/67 127/129/129 107/106/106
f 77/67/67 107/106/106 73/65/65
f 106/130/130 128/131/131 122/115/115
f 106/130/130 122/115/115 93/90/90
f 82/70/70 121/126/126 124/132/132
f 82/70/70 124/132/132 91/88/88
f 92/89/89 143/133/133 125/108/108
f 92/89/89 125/108/108 90/87/87
f 106/130/130 126/134/134 128/131/131
f 129/135/135 130/136/136 95/92/92
f 129/135/135 95/92/92 96/93/93
f 130/136/136 174/137/137 97/94/94
f 130/136/136 97/94/94 95/92/92
f 131/138/138 134/139/139 103/103/103
f 131/138/138 103/103/103 102/102/102
f 133/140/140 131/138/138 102/102/102
f 133/140/140 102/102/102 132/110/110
f 134/139/139 135/141/141 101/78/78
f 134/139/139 101/78/78 103/103/103
f 135/141/141 148/142/142 105/104/104
f 135/141/141 105/104/104 101/78/78
f 125/108/108 157/143/143 132/110/110
f 125/108/108 132/110/110 108/109/109
f 116/83/83 136/125/125 137/144/144
f 116/83/83 137/144/144 109/145/145
f 139/146/146 136/125/125 112/114/114
f 139/146/146 112/114/114 138/117/117
f 122/115/115 162/147/147 138/117/117
f 122/115/115 138/117/117 113/116/116
f 98/96/96 99/98/98 140/148/148
f 140/148/148 173/149/149 141/101/101
f 140/148/148 141/101/101 98/96/96
f 119/124/124 160/150/150 142/151/151
f 119/124/124 142/151/151 96/93/93
f 96/93/93 142/151/151 129/135/135
f 110/112/112 151/152/152 143/133/133
f 110/112/112 143/133/133 92/89/89
f 145/120/120 179/153/153 144/113/113
f 145/120/120 144/113/113 111/74/74
f 91/88/88 124/132/132 146/154/154
f 91/88/88 146/154/154 119/124/124
f 97/94/94 153/155/155 127/129/129
f 97/94/94 127/129/129 77/67/67
f 147/156/156 155/157/157 114/119/119
f 147/156/156 114/119/119 104/158/158
f 144/113/113 172/159/159 140/148/148
f 144/113/113 140/148/148 99/98/98
f 141/101/101 181/160/160 149/123/123
f 141/101/101 149/123/123 100/99/99
f 137/144/144 167/161/161 150/162/162
f 137/144/144 150/162/162 109/145/145
f 152/163/163 190/164/164 154/165/165
f 152/163/163 154/165/165 126/134/134
f 154/165/165 177/166/166 128/131/131
f 154/165/165 128/131/131 126/134/134
f 114/119/119 155/157/157 145/120/120
f 149/123/123 199/167/167 156/127/127
f 149/123/123 156/127/127 118/121/121
f 158/168/168 168/169/169 133/140/140
f 158/168/168 133/140/140 132/110/110
f 157/143/143 182/170/170 158/168/168
f 157/143/143 158/168/168 132/110/110
f 125/108/108 143/133/133 159/171/171
f 125/108/108 159/171/171 157/143/143
f 146/154/154 209/172/172 160/150/150
f 146/154/154 160/150/150 119/124/124
f 161/173/173 169/174/174 139/146/146
f 161/173/173 139/146/146 138/117/117
f 162/147/147 187/175/175 161/173/173
f 162/147/147 161/173/173 138/117/117
f 121/126/126 164/176/176 124/132/132
f 156/127/127 208/177/177 163/178/178
f 156/127/127 163/178/178 120/128/128
f 165/179/179 166/180/180 131/138/138
f 165/179/179 131/138/138 133/140/140
f 166/180/180 171/181/181 134/139/139
f 166/180/180 134/139/139 131/138/138
f 139/146/146 169/174/174 167/161/161
f 139/146/146 167/161/161 136/125/125
f 136/125/125 167/161/161 137/144/144
f 133/140/140 168/169/169 165/179/179
f 171/181/181 184/182/182 135/141/141
f 171/181/181 135/141/141 134/139/139
f 140/148/148 172/159/159 173/149/149
f 174/137/137 189/183/183 153/155/155
f 174/137/137 153/155/155 97/94/94
f 129/135/135 178/184/184 175/185/185
f 129/135/135 175/185/185 130/136/136
f 130/136/136 175/185/185 176/186/186
f 130/136/136 176/186/186 174/137/137
f 177/166/166 162/147/147 122/115/115
f 177/166/166 122/115/115 128/131/131
f 142/151/151 193/187/187 178/184/184
f 142/151/151 178/184/184 129/135/135
f 180/188/188 198/189/189 172/159/159
f 180/188/188 172/159/159 144/113/113
f 179/153/153 211/190/190 180/188/188
f 179/153/153 180/188/188 144/113/113
f 141/101/101 173/149/149 181/160/160
f 159/171/171 205/191/191 182/170/170
f 159/171/171 182/170/170 157/143/143
f 135/141/141 184/182/182 148/142/142
f 186/192/192 159/171/171 143/133/133
f 186/192/192 143/133/133 151/152/152
f 161/173/173 187/175/175 169/174/174
f 188/193/193 217/194/194 190/164/164
f 188/193/193 190/164/164 152/163/163
f 155/157/157 206/195/195 179/153/153
f 155/157/157 179/153/153 145/120/120
f 124/132/132 192/196/196 146/154/154
f 163/178/178 222/197/197 191/198/198
f 163/178/178 191/198/198 123/199/199
f 160/150/150 221/200/200 193/187/187
f 160/150/150 193/187/187 142/151/151
f 147/156/156 194/201/201 155/157/157
f 183/202/202 231/203/203 194/201/201
f 183/202/202 194/201/201 147/156/156
f 167/161/161 210/204/204 195/205/205
f 167/161/161 195/205/205 150/162/162
f 150/162/162 195/205/205 196/206/206
f 150/162/162 196/206/206 185/207/207
f 197/208/208 210/204/204 167/161/161
f 197/208/208 167/161/161 169/174/174
f 187/175/175 218/209/209 197/208/208
f 187/175/175 197/208/208 169/174/174
f 198/189/189 214/210/210 173/149/149
f 198/189/189 173/149/149 172/159/159
f 181/160/160 229/211/211 200/212/212
f 181/160/160 200/212/212 149/123/123
f 149/123/123 200/212/212 199/167/167
f 201/213/213 203/214/214 165/179/179
f 201/213/213 165/179/179 168/169/169
f 202/215/215 201/213/213 168/169/169
f 202/215/215 168/169/169 158/168/168
f 203/214/214 204/216/216 166/180/180
f 203/214/214 166/180/180 165/179/179
f 166/180/180 204/216/216 171/181/181
f 186/192/192 228/217/217 205/191/191
f 186/192/192 205/191/191 159/171/171
f 194/201/201 236/218/218 206/195/195
f 194/201/201 206/195/195 155/157/157
f 207/219/219 218/209/209 187/175/175
f 207/219/219 187/175/175 162/147/147
f 162/147/147 177/166/166 207/219/219
f 199/167/167 230/220/220 208/177/177
f 199/167/167 208/177/177 156/127/127
f 192/196/196 248/221/221 209/172/172
f 192/196/196 209/172/172 146/154/154
f 182/170/170 233/222/222 202/215/215
f 182/170/170 202/215/215 158/168/168
f 206/195/195 238/223/223 211/190/190
f 206/195/195 211/190/190 179/153/153
f 174/137/137 176/186/186 213/224/224
f 174/137/137 213/224/224 189/183/183
f 214/210/210 229/211/211 181/160/160
f 214/210/210 181/160/160 173/149/149
f 215/225/225 207/219/219 177/166/166
f 215/225/225 177/166/166 154/165/165
f 216/226/226 215/225/225 154/165/165
f 216/226/226 154/165/165 190/164/164
f 188/193/193 212/227/227 217/194/194
f 219/228/228 231/203/203 183/202/202
f 219/228/228 183/202/202 170/229/229
f 204/216/216 256/230/230 220/231/231
f 204/216/216 220/231/231 171/181/181
f 211/190/190 240/232/232 198/189/189
f 211/190/190 198/189/189 180/188/188
f 209/172/172 269/233/233 221/200/200
f 209/172/172 221/200/200 160/150/150
f 208/177/177 266/234/234 224/235/235
f 208/177/177 224/235/235 163/178/178
f 163/178/178 224/235/235 222/197/197
f 225/236/236 226/237/237 175/185/185
f 225/236/236 175/185/185 178/184/184
f 226/237/237 268/238/238 176/186/186
f 226/237/237 176/186/186 175/185/185
f 185/207/207 196/206/206 227/239/239
f 200/212/212 251/240/240 230/220/220
f 200/212/212 230/220/220 199/167/167
f 232/241/241 225/236/236 178/184/184
f 232/241/241 178/184/184 193/187/187
f 205/191/191 258/242/242 233/222/222
f 205/191/191 233/222/222 182/170/170
f 195/205/205 235/243/243 234/244/244
f 195/205/205 234/244/244 196/206/206
f 210/204/204 242/245/245 235/243/243
f 210/204/204 235/243/243 195/205/205
f 231/203/203 262/246/246 237/247/247
f 231/203/203 237/247/247 194/201/201
f 194/201/201 237/247/247 236/218/218
f 206/195/195 236/218/218 238/223/223
f 190/164/164 217/194/194 239/248/248
f 190/164/164 239/248/248 216/226/226
f 198/189/189 240/232/232 241/249/249
f 198/189/189 241/249/249 214/210/210
f 234/244/244 273/250/250 227/239/239
f 234/244/244 227/239/239 196/206/206
f 197/208/208 243/251/251 242/245/245
f 197/208/208 242/245/245 210/204/204
f 197/208/208 218/209/209 243/251/251
f 203/214/214 201/213/213 244/252/252
f 246/253/253 256/230/230 204/216/216
f 246/253/253 204/216/216 203/214/214
f 244/252/252 290/254/254 246/253/253
f 244/252/252 246/253/253 203/214/214
f 211/190/190 238/223/223 240/232/232
f 214/210/210 241/249/249 229/211/211
f 250/255/255 248/221/221 192/196/196
f 250/255/255 192/196/196 223/256/256
f 229/211/211 263/257/257 251/240/240
f 229/211/211 251/240/240 200/212/212
f 218/209/209 207/219/219 252/258/258
f 252/258/258 317/259/259 243/251/251
f 252/258/258 243/251/251 218/209/209
f 201/213/213 202/215/215 253/260/260
f 201/213/213 253/260/260 254/261/261
f 201/213/213 254/261/261 244/252/252
f 228/217/217 275/262/262 258/242/242
f 228/217/217 258/242/242 205/191/191
f 259/263/263 232/241/241 193/187/187
f 259/263/263 193/187/187 221/200/200
f 260/264/264 253/260/260 202/215/215
f 260/264/264 202/215/215 233/222/222
f 261/265/265 262/246/246 231/203/203
f 261/265/265 231/203/203 219/228/228
f 241/249/249 282/266/266 263/257/257
f 241/249/249 263/257/257 229/211/211
f 264/267/267 267/268/268 207/219/219
f 264/267/267 207/219/219 215/225/225
f 265/269/269 264/267/267 215/225/225
f 265/269/269 215/225/225 216/226/226
f 219/228/228 255/270/270 261/265/265
f 230/220/220 270/271/271 266/234/234
f 230/220/220 266/234/234 208/177/177
f 267/268/268 319/272/272 252/258/258
f 267/268/268 252/258/258 207/219/219
f 268/238/238 272/273/273 213/224/224
f 268/238/238 213/224/224 176/186/186
f 248/221/221 311/274/274 269/233/233
f 248/221/221 269/233/233 209/172/172
f 230/220/220 251/240/240 270/271/271
f 224/235/235 299/275/275 249/276/276
f 224/235/235 249/276/276 222/197/197
f 271/277/277 286/278/278 217/194/194
f 271/277/277 217/194/194 212/227/227
f 227/239/239 273/250/250 274/279/279
f 234/244/244 235/243/243 276/280/280
f 276/280/280 300/281/281 273/250/250
f 276/280/280 273/250/250 234/244/244
f 277/282/282 278/283/283 236/218/218
f 277/282/282 236/218/218 237/247/247
f 278/283/283 279/284/284 238/223/223
f 278/283/283 238/223/223 236/218/218
f 262/246/246 313/285/285 277/282/282
f 262/246/246 277/282/282 237/247/247
f 279/284/284 281/286/286 240/232/232
f 279/284/284 240/232/232 238/223/223
f 216/226/226 239/248/248 280/287/287
f 216/226/226 280/287/287 265/269/269
f 281/286/286 282/266/266 241/249/249
f 281/286/286 241/249/249 240/232/232
f 251/240/240 263/257/257 283/288/288
f 283/288/288 312/289/289 270/271/271
f 283/288/288 270/271/271 251/240/240
f 285/290/290 260/264/264 233/222/222
f 285/290/290 233/222/222 258/242/242
f 286/278/278 321/291/291 239/248/248
f 286/278/278 239/248/248 217/194/194
f 287/292/292 259/263/263 221/200/200
f 287/292/292 221/200/200 269/233/233
f 225/236/236 292/293/293 288/294/294
f 225/236/236 288/294/294 226/237/237
f 226/237/237 288/294/294 289/295/295
f 226/237/237 289/295/295 268/238/238
f 254/261/261 306/296/296 290/254/254
f 254/261/261 290/254/254 244/252/252
f 282/266/266 318/297/297 283/288/288
f 282/266/266 283/288/288 263/257/257
f 291/298/298 267/268/268 264/267/267
f 291/298/298 264/267/267 265/269/269
f 232/241/241 303/299/299 292/293/293
f 232/241/241 292/293/293 225/236/236
f 293/300/300 304/301/301 254/261/261
f 293/300/300 254/261/261 253/260/260
f 260/264/264 327/302/302 293/300/300
f 260/264/264 293/300/300 253/260/260
f 294/303/303 296/304/304 255/270/270
f 294/303/303 255/270/270 245/305/305
f 290/254/254 338/306/306 295/307/307
f 290/254/254 295/307/307 246/253/253
f 296/304/304 297/308/308 261/265/265
f 296/304/304 261/265/265 255/270/270
f 261/265/265 297/308/308 262/246/246
f 235/243/243 242/245/245 298/309/309
f 298/309/309 356/310/310 276/280/280
f 298/309/309 276/280/280 235/243/243
f 266/234/234 309/311/311 299/275/275
f 266/234/234 299/275/275 224/235/235
f 300/281/281 315/312/312 274/279/279
f 300/281/281 274/279/279 273/250/250
f 265/269/269 280/287/287 301/313/313
f 265/269/269 301/313/313 291/298/298
f 302/314/314 303/299/299 232/241/241
f 302/314/314 232/241/241 259/263/263
f 254/261/261 304/301/301 306/296/296
f 274/279/279 314/315/315 307/316/316
f 274/279/279 307/316/316 257/317/317
f 258/242/242 308/318/318 285/290/290
f 266/234/234 270/271/271 309/311/311
f 249/276/276 328/319/319 310/320/320
f 249/276/276 310/320/320 247/321/321
f 312/289/289 341/322/322 309/311/311
f 312/289/289 309/311/311 270/271/271
f 297/308/308 339/323/323 313/285/285
f 297/308/308 313/285/285 262/246/246
f 315/312/312 373/324/324 314/315/315
f 315/312/312 314/315/315 274/279/279
f 243/251/251 317/259/259 316/325/325
f 243/251/251 316/325/325 242/245/245
f 316/325/325 360/326/326 298/309/309
f 316/325/325 298/309/309 242/245/245
f 318/297/297 347/327/327 312/289/289
f 318/297/297 312/289/289 283/288/288
f 289/295/295 325/328/328 272/273/273
f 289/295/295 272/273/273 268/238/238
f 319/272/272 371/329/329 317/259/259
f 319/272/272 317/259/259 252/258/258
f 320/330/330 319/272/272 267/268/268
f 320/330/330 267/268/268 291/298/298
f 239/248/248 321/291/291 280/287/287
f 271/277/277 324/331/331 322/332/332
f 271/277/277 322/332/332 286/278/278
f 326/333/333 318/297/297 282/266/266
f 326/333/333 282/266/266 281/286/286
f 285/290/290 352/334/334 327/302/302
f 285/290/290 327/302/302 260/264/264
f 311/274/274 365/335/335 287/292/292
f 311/274/274 287/292/292 269/233/233
f 277/282/282 313/285/285 278/283/283
f 299/275/275 340/336/336 328/319/319
f 299/275/275 328/319/319 249/276/276
f 293/300/300 327/302/302 329/337/337
f 293/300/300 329/337/337 304/301/301
f 296/304/304 294/303/303 330/338/338
f 331/339/339 339/323/323 297/308/308
f 331/339/339 297/308/308 296/304/304
f 332/340/340 331/339/339 296/304/304
f 332/340/340 296/304/304 330/338/338
f 333/341/341 342/342/342 279/284/284
f 333/341/341 279/284/284 278/283/283
f 334/343/343 333/341/341 278/283/283
f 334/343/343 278/283/283 313/285/285
f 335/344/344 320/330/330 291/298/298
f 335/344/344 291/298/298 301/313/313
f 336/345/345 302/314/314 259/263/263
f 336/345/345 259/263/263 287/292/292
f 306/296/296 350/346/346 338/306/306
f 306/296/296 338/306/306 290/254/254
f 337/347/347 368/348/348 330/338/338
f 337/347/347 330/338/338 294/303/303
f 309/311/311 341/322/322 340/336/336
f 309/311/311 340/336/336 299/275/275
f 342/342/342 326/333/333 281/286/286
f 342/342/342 281/286/286 279/284/284
f 304/301/301 346/349/349 344/350/350
f 304/301/301 344/350/350 306/296/296
f 304/301/301 329/337/337 346/349/349
f 347/327/327 379/351/351 341/322/322
f 347/327/327 341/322/322 312/289/289
f 280/287/287 321/291/291 348/352/352
f 280/287/287 348/352/352 301/313/313
f 343/353/353 391/354/354 349/355/355
f 343/353/353 349/355/355 305/356/356
f 307/316/316 358/357/357 351/358/358
f 307/316/316 351/358/358 284/359/359
f 353/360/360 354/361/361 288/294/294
f 353/360/360 288/294/294 292/293/293
f 354/361/361 377/362/362 289/295/295
f 354/361/361 289/295/295 288/294/294
f 355/363/363 353/360/360 292/293/293
f 355/363/363 292/293/293 303/299/299
f 276/280/280 356/310/310 357/364/364
f 276/280/280 357/364/364 300/281/281
f 307/316/316 314/315/315 358/357/357
f 286/278/278 322/332/332 359/365/365
f 286/278/278 359/365/365 321/291/291
f 298/309/309 360/326/326 356/310/310
f 327/302/302 361/366/366 329/337/337
f 352/334/334 383/367/367 361/366/366
f 352/334/334 361/366/366 327/302/302
f 362/368/368 363/369/369 318/297/297
f 362/368/368 318/297/297 326/333/333
f 363/369/369 397/370/370 347/327/327
f 363/369/369 347/327/327 318/297/297
f 366/371/371 415/372/372 336/345/345
f 366/371/371 336/345/345 287/292/292
f 365/335/335 446/373/373 366/371/371
f 365/335/335 366/371/371 287/292/292
f 367/374/374 355/363/363 303/299/299
f 367/374/374 303/299/299 302/314/314
f 368/348/348 406/375/375 369/376/376
f 368/348/348 369/376/376 330/338/338
f 369/376/376 417/377/377 332/340/340
f 369/376/376 332/340/340 330/338/338
f 313/285/285 339/323/323 334/343/343
f 317/259/259 371/329/329 370/378/378
f 317/259/259 370/378/378 316/325/325
f 316/325/325 370/378/378 360/326/326
f 342/342/342 422/379/379 362/368/368
f 342/342/342 362/368/368 326/333/333
f 301/313/313 348/352/352 372/380/380
f 301/313/313 372/380/380 335/344/344
f 314/315/315 373/324/324 374/381/381
f 314/315/315 374/381/381 358/357/357
f 375/382/382 346/349/349 329/337/337
f 375/382/382 329/337/337 361/366/366
f 337/347/347 349/355/355 368/348/348
f 357/364/364 392/383/383 315/312/312
f 357/364/364 315/312/312 300/281/281
f 376/384/384 371/329/329 319/272/272
f 376/384/384 319/272/272 320/330/330
f 289/295/295 377/362/362 325/328/328
f 341/322/322 379/351/351 378/385/385
f 341/322/322 378/385/385 340/336/336
f 325/328/328 377/362/362 381/386/386
f 325/328/328 381/386/386 323/387/387
f 340/336/336 378/385/385 382/388/388
f 340/336/336 382/388/388 328/319/319
f 336/345/345 415/372/372 367/374/374
f 336/345/345 367/374/374 302/314/314
f 384/389/389 375/382/382 361/366/366
f 384/389/389 361/366/366 383/367/367
f 352/334/334 386/390/390 383/367/367
f 358/357/357 400/391/391 385/392/392
f 358/357/357 385/392/392 351/358/358
f 387/393/393 391/354/354 343/353/353
f 387/393/393 343/353/353 345/394/394
f 390/395/395 388/396/396 346/349/349
f 390/395/395 346/349/349 375/382/382
f 315/312/312 392/383/383 373/324/324
f 393/397/397 432/398/398 376/384/384
f 393/397/397 376/384/384 320/330/330
f 320/330/330 335/344/344 393/397/397
f 328/319/319 364/399/399 310/320/320
f 328/319/319 382/388/388 394/400/400
f 328/319/319 394/400/400 364/399/399
f 349/355/355 391/354/354 395/401/401
f 349/355/355 395/401/401 368/348/348
f 396/402/402 404/403/403 339/323/323
f 396/402/402 339/323/323 331/339/339
f 332/340/340 417/377/377 396/402/402
f 332/340/340 396/402/402 331/339/339
f 397/370/370 444/404/404 379/351/351
f 397/370/370 379/351/351 347/327/327
f 321/291/291 359/365/365 398/405/405
f 321/291/291 398/405/405 348/352/352
f 399/406/406 403/407/407 384/389/389
f 399/406/406 384/389/389 383/367/367
f 386/390/390 408/408/408 399/406/406
f 386/390/390 399/406/406 383/367/367
f 374/381/381 429/409/409 400/391/391
f 374/381/381 400/391/391 358/357/357
f 322/332/332 380/410/410 401/411/411
f 322/332/332 401/411/411 359/365/365
f 384/389/389 403/407/407 402/412/412
f 384/389/389 402/412/412 375/382/382
f 402/412/412 420/413/413 390/395/395
f 402/412/412 390/395/395 375/382/382
f 404/403/403 411/414/414 334/343/343
f 404/403/403 334/343/343 339/323/323
f 360/326/326 413/415/415 405/416/416
f 360/326/326 405/416/416 356/310/310
f 356/310/310 405/416/416 357/364/364
f 368/348/348 395/401/401 406/375/375
f 409/417/417 407/418/418 385/392/392
f 409/417/417 385/392/392 400/391/391
f 411/414/414 412/419/419 333/341/341
f 411/414/414 333/341/341 334/343/343
f 412/419/419 422/379/379 342/342/342
f 412/419/419 342/342/342 333/341/341
f 370/378/378 414/420/420 413/415/415
f 370/378/378 413/415/415 360/326/326
f 371/329/329 418/421/421 414/420/420
f 371/329/329 414/420/420 370/378/378
f 416/422/422 421/423/423 403/407/407
f 416/422/422 403/407/407 399/406/406
f 399/406/406 408/408/408 416/422/422
f 376/384/384 432/398/398 418/421/421
f 376/384/384 418/421/421 371/329/329
f 403/407/407 421/423/423 419/424/424
f 403/407/407 419/424/424 402/412/412
f 419/424/424 456/425/425 420/413/413
f 419/424/424 420/413/413 402/412/412
f 353/360/360 424/426/426 423/427/427
f 353/360/360 423/427/427 354/361/361
f 355/363/363 435/428/428 424/426/426
f 355/363/363 424/426/426 353/360/360
f 354/361/361 423/427/427 425/429/429
f 354/361/361 425/429/429 377/362/362
f 387/393/393 427/430/430 426/431/431
f 387/393/393 426/431/431 391/354/354
f 387/393/393 389/432/432 427/430/430
f 391/354/354 426/431/431 395/401/401
f 400/391/391 429/409/409 409/417/417
f 431/433/433 416/422/422 408/408/408
f 431/433/433 408/408/408 410/434/434
f 422/379/379 453/435/435 363/369/369
f 422/379/379 363/369/369 362/368/368
f 433/436/436 393/397/397 335/344/344
f 433/436/436 335/344/344 372/380/380
f 348/352/352 398/405/405 434/437/437
f 348/352/352 434/437/437 372/380/380
f 367/374/374 466/438/438 435/428/428
f 367/374/374 435/428/428 355/363/363
f 436/439/439 448/440/440 374/381/381
f 436/439/439 374/381/381 373/324/324
f 437/441/441 436/439/439 373/324/324
f 437/441/441 373/324/324 392/383/383
f 405/416/416 482/442/442 438/443/443
f 405/416/416 438/443/443 357/364/364
f 357/364/364 438/443/443 392/383/383
f 359/365/365 401/411/411 439/444/444
f 359/365/365 439/444/444 398/405/405
f 379/351/351 444/404/404 440/445/445
f 379/351/351 440/445/445 378/385/385
f 378/385/385 440/445/445 441/446/446
f 378/385/385 441/446/446 382/388/388
f 443/447/447 428/448/448 390/395/395
f 443/447/447 390/395/395 420/413/413
f 446/373/373 510/449/449 415/372/372
f 446/373/373 415/372/372 366/371/371
f 395/401/401 426/431/431 447/450/450
f 395/401/401 447/450/450 406/375/375
f 374/381/381 448/440/440 429/409/409
f 425/429/429 474/451/451 381/386/386
f 425/429/429 381/386/386 377/362/362
f 449/452/452 450/453/453 409/417/417
f 449/452/452 409/417/417 429/409/409
f 450/453/453 496/454/454 430/455/455
f 450/453/453 430/455/455 409/417/417
f 363/369/369 453/435/435 452/456/456
f 363/369/369 452/456/456 397/370/370
f 419/424/424 421/423/423 455/457/457
f 455/457/457 477/458/458 456/425/425
f 455/457/457 456/425/425 419/424/424
f 421/423/423 416/422/422 457/459/459
f 421/423/423 457/459/459 459/460/460
f 421/423/423 459/460/460 455/457/457
f 364/399/399 394/400/400 445/461/461
f 460/462/462 443/447/447 420/413/413
f 460/462/462 420/413/413 456/425/425
f 416/422/422 431/433/433 462/463/463
f 416/422/422 462/463/463 457/459/459
f 414/420/420 464/464/464 463/465/465
f 414/420/420 463/465/465 413/415/415
f 418/421/421 469/466/466 464/464/464
f 418/421/421 464/464/464 414/420/420
f 465/467/467 466/438/438 367/374/374
f 465/467/467 367/374/374 415/372/372
f 406/375/375 447/450/450 467/468/468
f 406/375/375 467/468/468 369/376/376
f 467/468/468 479/469/469 417/377/377
f 467/468/468 417/377/377 369/376/376
f 417/377/377 479/469/469 468/470/470
f 417/377/377 468/470/470 396/402/402
f 468/470/470 504/471/471 404/403/403
f 468/470/470 404/403/403 396/402/402
f 463/465/465 482/442/442 405/416/416
f 463/465/465 405/416/416 413/415/415
f 418/421/421 432/398/398 469/466/466
f 470/472/472 514/473/473 394/400/400
f 470/472/472 394/400/400 382/388/388
f 441/446/446 634/474/474 470/472/472
f 441/446/446 470/472/472 382/388/388
f 380/410/410 473/475/475 471/476/476
f 380/410/410 471/476/476 401/411/411
f 475/477/477 449/452/452 429/409/409
f 475/477/477 429/409/409 448/440/440
f 458/478/478 483/479/479 478/480/480
f 458/478/478 478/480/480 454/481/481
f 454/481/481 478/480/480 476/482/482
f 461/483/483 483/479/479 458/478/478
f 462/463/463 459/460/460 457/459/459
f 452/456/456 542/484/484 444/404/404
f 452/456/456 444/404/404 397/370/370
f 481/485/485 460/462/462 456/425/425
f 481/485/485 456/425/425 477/458/458
f 438/443/443 527/486/486 437/441/441
f 438/443/443 437/441/441 392/383/383
f 484/487/487 502/488/488 476/482/482
f 484/487/487 476/482/482 478/480/480
f 486/489/489 484/487/487 478/480/480
f 486/489/489 478/480/480 483/479/479
f 442/490/490 488/491/491 427/430/430
f 443/447/447 460/462/462 492/492/492
f 443/447/447 492/492/492 489/493/493
f 488/491/491 499/494/494 426/431/431
f 488/491/491 426/431/431 427/430/430
f 493/495/495 486/489/489 483/479/479
f 493/495/495 483/479/479 461/483/483
f 498/496/496 495/497/497 462/463/463
f 498/496/496 462/463/463 431/433/433
f 426/431/431 499/494/494 447/450/450
f 500/498/498 433/436/436 372/380/380
f 500/498/498 372/380/380 434/437/437
f 398/405/405 439/444/444 501/499/499
f 398/405/405 501/499/499 434/437/437
f 503/500/500 522/501/501 481/485/485
f 503/500/500 481/485/485 477/458/458
f 504/471/471 506/502/502 411/414/414
f 504/471/471 411/414/414 404/403/403
f 505/503/503 475/477/477 448/440/440
f 505/503/503 448/440/440 436/439/439
f 437/441/441 527/486/486 505/503/503
f 437/441/441 505/503/503 436/439/439
f 506/502/502 508/504/504 412/419/419
f 506/502/502 412/419/419 411/414/414
f 401/411/411 471/476/476 507/505/505
f 401/411/411 507/505/505 439/444/444
f 508/504/504 453/435/435 422/379/379
f 508/504/504 422/379/379 412/419/419
f 511/506/506 602/507/507 465/467/467
f 511/506/506 465/467/467 415/372/372
f 510/449/449 652/508/508 511/506/506
f 510/449/449 511/506/506 415/372/372
f 513/509/509 522/501/501 503/500/500
f 513/509/509 503/500/500 485/510/510
f 485/510/510 487/511/511 513/509/509
f 514/473/473 509/512/512 445/461/461
f 514/473/473 445/461/461 394/400/400
f 499/494/494 523/513/513 515/514/514
f 499/494/494 515/514/514 447/450/450
f 447/450/450 515/514/514 517/515/515
f 447/450/450 517/515/515 467/468/468
f 519/516/516 520/517/517 423/427/427
f 519/516/516 423/427/427 424/426/426
f 520/517/517 564/518/518 425/429/429
f 520/517/517 425/429/429 423/427/427
f 488/491/491 525/519/519 523/513/513
f 488/491/491 523/513/513 499/494/494
f 488/491/491 490/520/520 525/519/519
f 517/515/515 553/521/521 479/469/469
f 517/515/515 479/469/469 467/468/468
f 482/442/442 559/522/522 528/523/523
f 482/442/442 528/523/523 438/443/443
f 438/443/443 528/523/523 527/486/486
f 529/524/524 519/516/516 424/426/426
f 529/524/524 424/426/426 435/428/428
f 460/462/462 481/485/485 531/525/525
f 460/462/462 531/525/525 492/492/492
f 534/526/526 513/509/509 487/511/511
f 534/526/526 487/511/511 495/497/497
f 475/477/477 545/527/527 450/453/453
f 475/477/477 450/453/453 449/452/452
f 535/528/528 563/529/529 469/466/466
f 535/528/528 469/466/466 432/398/398
f 536/530/530 535/528/528 432/398/398
f 536/530/530 432/398/398 393/397/397
f 538/531/531 533/532/532 494/533/533
f 538/531/531 494/533/533 497/534/534
f 540/535/535 541/536/536 497/534/534
f 540/535/535 497/534/534 451/537/537
f 497/534/534 541/536/536 538/531/531
f 444/404/404 542/484/484 543/538/538
f 543/538/538 646/539/539 440/445/445
f 543/538/538 440/445/445 444/404/404
f 546/540/540 592/541/541 540/535/535
f 545/527/527 539/542/542 450/453/453
f 524/543/543 548/544/544 547/545/545
f 524/543/543 547/545/545 516/546/546
f 526/547/547 562/548/548 548/544/544
f 526/547/547 548/544/544 524/543/543
f 516/546/546 547/545/545 549/549/549
f 516/546/546 549/549/549 518/550/550
f 550/551/551 529/524/524 435/428/428
f 550/551/551 435/428/428 466/438/438
f 530/552/552 562/548/548 526/547/547
f 530/552/552 526/547/547 491/553/553
f 479/469/469 553/521/521 551/554/554
f 479/469/469 551/554/554 468/470/470
f 551/554/554 567/555/555 504/471/471
f 551/554/554 504/471/471 468/470/470
f 555/556/556 500/498/498 434/437/437
f 555/556/556 434/437/437 501/499/499
f 532/557/557 537/558/557 556/559/557
f 533/532/558 557/560/559 512/561/560
f 557/560/559 565/562/561 521/563/562
f 557/560/559 521/563/562 512/561/560
f 518/550/550 558/564/563 554/565/564
f 549/549/549 578/566/565 558/564/563
f 549/549/549 558/564/563 518/550/550
f 463/465/465 560/567/566 559/522/522
f 463/465/465 559/522/522 482/442/442
f 464/464/464 561/568/567 560/567/566
f 464/464/464 560/567/566 463/465/465
f 469/466/466 563/529/529 561/568/567
f 469/466/466 561/568/567 464/464/464
f 425/429/429 564/518/518 474/451/451
f 565/562/561 566/569/568 480/570/569
f 565/562/561 480/570/569 521/563/562
f 566/569/568 562/548/548 530/552/552
f 566/569/568 530/552/552 480/570/569
f 567/555/555 581/571/570 506/502/502
f 567/555/555 506/502/502 504/471/471
f 554/565/564 558/564/563 569/572/571
f 554/565/564 569/572/571 552/573/572
f 474/451/451 564/518/518 571/574/573
f 474/451/451 571/574/573 472/575/574
f 572/576/575 575/577/576 475/477/477
f 572/576/575 475/477/477 505/503/503
f 475/477/477 575/577/576 545/527/527
f 527/486/486 596/578/577 572/576/575
f 527/486/486 572/576/575 505/503/503
f 569/572/571 583/579/578 568/580/579
f 569/572/571 568/580/579 552/573/572
f 465/467/467 602/507/507 550/551/551
f 465/467/467 550/551/551 466/438/438
f 548/544/544 562/548/548 577/581/580
f 577/581/580 588/582/581 547/545/545
f 577/581/580 547/545/545 548/544/544
f 578/566/565 601/583/582 569/572/571
f 578/566/565 569/572/571 558/564/563
f 439/444/444 507/505/505 579/584/583
f 439/444/444 579/584/583 501/499/499
f 557/560/559 580/585/584 566/569/568
f 557/560/559 566/569/568 565/562/561
f 538/531/531 541/536/536 580/585/584
f 538/531/531 580/585/584 557/560/559
f 568/580/579 583/579/578 582/586/585
f 506/502/502 581/571/570 584/587/586
f 506/502/502 584/587/586 508/504/504
f 566/569/568 580/585/584 585/588/587
f 566/569/568 585/588/587 562/548/548
f 562/548/548 585/588/587 586/589/588
f 562/548/548 586/589/588 577/581/580
f 547/545/545 587/590/589 549/549/549
f 588/582/581 611/591/590 587/590/589
f 588/582/581 587/590/589 547/545/545
f 587/590/589 610/592/591 578/566/565
f 587/590/589 578/566/565 549/549/549
f 508/504/504 584/587/586 589/593/592
f 508/504/504 589/593/592 453/435/435
f 589/593/592 598/594/593 452/456/456
f 589/593/592 452/456/456 453/435/435
f 393/397/397 433/436/436 500/498/498
f 393/397/397 500/498/498 590/595/594
f 393/397/397 590/595/594 536/530/530
f 574/596/595 594/597/596 591/598/597
f 574/596/595 591/598/597 544/599/598
f 593/600/599 595/601/600 576/602/601
f 593/600/599 576/602/601 573/603/602
f 597/604/603 604/605/604 593/600/599
f 597/604/603 593/600/599 573/603/602
f 598/594/593 625/606/605 542/484/484
f 598/594/593 542/484/484 452/456/456
f 592/541/541 609/607/606 541/536/536
f 592/541/541 541/536/536 540/535/535
f 528/523/523 618/608/607 596/578/577
f 528/523/523 596/578/577 527/486/486
f 471/476/476 570/609/608 600/610/609
f 471/476/476 600/610/609 507/505/505
f 601/583/582 631/611/610 583/579/578
f 601/583/582 583/579/578 569/572/571
f 593/600/599 605/612/611 603/613/612
f 593/600/599 603/613/612 595/601/600
f 604/605/604 639/614/613 605/612/611
f 604/605/604 605/612/611 593/600/599
f 606/615/614 608/616/615 591/598/597
f 606/615/614 591/598/597 594/597/596
f 603/613/612 624/617/616 607/618/617
f 603/613/612 607/618/617 595/601/600
f 587/590/589 612/619/618 610/592/591
f 611/591/590 677/620/619 612/619/618
f 611/591/590 612/619/618 587/590/589
f 589/593/592 584/587/586 613/621/620
f 613/621/620 627/622/621 598/594/593
f 613/621/620 598/594/593 589/593/592
f 577/581/580 586/589/588 615/623/622
f 577/581/580 615/623/622 588/582/581
f 610/592/591 632/624/623 601/583/582
f 610/592/591 601/583/582 578/566/565
f 616/625/624 613/621/620 584/587/586
f 616/625/624 584/587/586 581/571/570
f 597/604/603 619/626/625 620/627/626
f 597/604/603 620/627/626 604/605/604
f 559/522/522 641/628/627 618/608/607
f 559/522/522 618/608/607 528/523/523
f 621/629/628 617/630/629 582/586/585
f 621/629/628 582/586/585 583/579/578
f 535/528/528 622/631/630 563/529/529
f 623/632/631 622/631/630 535/528/528
f 623/632/631 535/528/528 536/530/530
f 605/612/611 643/633/632 624/617/616
f 605/612/611 624/617/616 603/613/612
f 628/634/633 664/635/634 626/636/635
f 628/634/633 626/636/635 599/637/636
f 541/536/536 609/607/606 580/585/584
f 629/638/637 543/538/538 542/484/484
f 629/638/637 542/484/484 625/606/605
f 601/583/582 632/624/623 631/611/610
f 440/445/445 646/539/539 633/639/638
f 440/445/445 633/639/638 441/446/446
f 441/446/446 633/639/638 635/640/639
f 441/446/446 635/640/639 634/474/474
f 636/641/640 555/556/556 501/499/499
f 636/641/640 501/499/499 579/584/583
f 624/617/616 656/642/641 638/643/642
f 624/617/616 638/643/642 607/618/617
f 637/644/643 658/645/644 608/616/615
f 637/644/643 608/616/615 606/615/614
f 620/627/626 668/646/645 640/647/646
f 620/627/626 640/647/646 604/605/604
f 604/605/604 640/647/646 639/614/613
f 560/567/566 644/648/647 641/628/627
f 560/567/566 641/628/627 559/522/522
f 609/607/606 659/649/648 585/588/587
f 609/607/606 585/588/587 580/585/584
f 639/614/613 665/650/649 643/633/632
f 639/614/613 643/633/632 605/612/611
f 631/611/610 686/651/650 621/629/628
f 631/611/610 621/629/628 583/579/578
f 615/623/622 678/652/651 611/591/590
f 615/623/622 611/591/590 588/582/581
f 642/653/652 667/654/653 620/627/626
f 642/653/652 620/627/626 619/626/625
f 561/568/567 647/655/654 644/648/647
f 561/568/567 644/648/647 560/567/566
f 649/656/655 647/655/654 561/568/567
f 649/656/655 561/568/567 563/529/529
f 653/657/656 651/658/657 509/512/512
f 653/657/656 509/512/512 514/473/473
f 652/508/508 727/659/658 602/507/507
f 652/508/508 602/507/507 511/506/506
f 519/516/516 657/660/659 654/661/660
f 519/516/516 654/661/660 520/517/517
f 520/517/517 654/661/660 655/662/661
f 520/517/517 655/662/661 564/518/518
f 643/633/632 666/663/662 656/642/641
f 643/633/632 656/642/641 624/617/616
f 529/524/524 676/664/663 657/660/659
f 529/524/524 657/660/659 519/516/516
f 585/588/587 659/649/648 586/589/588
f 507/505/505 600/610/609 660/665/664
f 507/505/505 660/665/664 579/584/583
f 612/619/618 677/620/619 661/666/665
f 612/619/618 661/666/665 610/592/591
f 610/592/591 661/666/665 632/624/623
f 626/636/635 664/635/634 663/667/666
f 626/636/635 663/667/666 630/668/667
f 659/649/648 670/669/668 615/623/622
f 659/649/648 615/623/622 586/589/588
f 643/633/632 665/650/649 666/663/662
f 667/654/653 697/670/669 668/646/645
f 667/654/653 668/646/645 620/627/626
f 669/671/670 667/654/653 642/653/652
f 669/671/670 642/653/652 645/672/671
f 638/643/642 656/642/641 670/669/668
f 638/643/642 670/669/668 659/649/648
f 671/673/672 665/650/649 639/614/613
f 671/673/672 639/614/613 640/647/646
f 629/638/637 662/674/673 672/675/674
f 629/638/637 672/675/674 543/538/538
f 672/675/674 708/676/675 674/677/676
f 672/675/674 674/677/676 543/538/538
f 543/538/538 674/677/676 675/678/677
f 543/538/538 675/678/677 646/539/539
f 550/551/551 695/679/678 676/664/663
f 550/551/551 676/664/663 529/524/524
f 611/591/590 678/652/651 677/620/619
f 668/646/645 701/680/679 671/673/672
f 668/646/645 671/673/672 640/647/646
f 648/681/680 684/682/681 669/671/670
f 648/681/680 669/671/670 645/672/671
f 563/529/529 681/683/682 679/684/683
f 563/529/529 679/684/683 649/656/655
f 622/631/630 724/685/684 681/683/682
f 622/631/630 681/683/682 563/529/529
f 615/623/622 670/669/668 678/652/651
f 666/663/662 678/652/651 670/669/668
f 666/663/662 670/669/668 656/642/641
f 683/686/685 684/682/681 648/681/680
f 683/686/685 648/681/680 650/687/686
f 470/472/472 634/474/474 653/657/656
f 470/472/472 653/657/656 514/473/473
f 685/688/687 686/651/650 631/611/610
f 685/688/687 631/611/610 632/624/623
f 564/518/518 655/662/661 688/689/688
f 564/518/518 688/689/688 571/574/573
f 689/690/689 692/691/690 666/663/662
f 689/690/689 666/663/662 665/650/649
f 665/650/649 671/673/672 689/690/689
f 614/692/691 617/630/629 690/693/692
f 690/693/692 700/694/693 628/634/633
f 690/693/692 628/634/633 614/692/691
f 680/695/694 705/696/695 683/686/685
f 680/695/694 683/686/685 650/687/686
f 691/697/696 690/693/692 617/630/629
f 691/697/696 617/630/629 621/629/628
f 678/652/651 666/663/662 692/691/690
f 678/652/651 692/691/690 677/620/619
f 677/620/619 692/691/690 693/698/697
f 677/620/619 693/698/697 661/666/665
f 661/666/665 693/698/697 685/688/687
f 661/666/665 685/688/687 632/624/623
f 686/651/650 729/699/698 691/697/696
f 686/651/650 691/697/696 621/629/628
f 694/700/699 695/679/678 550/551/551
f 694/700/699 550/551/551 602/507/507
f 669/671/670 702/701/700 696/702/701
f 669/671/670 696/702/701 667/654/653
f 667/654/653 696/702/701 697/670/669
f 536/530/530 590/595/594 698/703/702
f 536/530/530 698/703/702 623/632/631
f 570/609/608 687/704/703 699/705/704
f 570/609/608 699/705/704 600/610/609
f 700/694/693 719/706/705 664/635/634
f 700/694/693 664/635/634 628/634/633
f 701/680/679 716/707/706 689/690/689
f 701/680/679 689/690/689 671/673/672
f 684/682/681 704/708/707 702/701/700
f 684/682/681 702/701/700 669/671/670
f 697/670/669 722/709/708 701/680/679
f 697/670/669 701/680/679 668/646/645
f 579/584/583 660/665/664 703/710/709
f 579/584/583 703/710/709 636/641/640
f 683/686/685 715/711/710 704/708/707
f 683/686/685 704/708/707 684/682/681
f 680/695/694 682/712/711 707/713/712
f 680/695/694 707/713/712 705/696/695
f 673/714/713 663/667/666 710/715/714
f 710/715/714 761/716/715 709/717/716
f 710/715/714 709/717/716 673/714/713
f 711/718/717 590/595/594 500/498/498
f 711/718/717 500/498/498 555/556/556
f 712/719/718 713/720/719 692/691/690
f 712/719/718 692/691/690 689/690/689
f 692/691/690 713/720/719 693/698/697
f 714/721/720 715/711/710 683/686/685
f 714/721/720 683/686/685 705/696/695
f 689/690/689 716/707/706 712/719/718
f 717/722/721 719/706/705 700/694/693
f 717/722/721 700/694/693 690/693/692
f 718/723/722 717/722/721 690/693/692
f 718/723/722 690/693/692 691/697/696
f 664/635/634 719/706/705 720/724/723
f 664/635/634 720/724/723 663/667/666
f 721/725/724 729/699/698 686/651/650
f 721/725/724 686/651/650 685/688/687
f 693/698/697 730/726/725 721/725/724
f 693/698/697 721/725/724 685/688/687
f 696/702/701 731/727/726 722/709/708
f 696/702/701 722/709/708 697/670/669
f 600/610/609 699/705/704 723/728/727
f 600/610/609 723/728/727 660/665/664
f 622/631/630 623/632/631 725/729/728
f 622/631/630 725/729/728 724/685/684
f 602/507/507 727/659/658 728/730/729
f 602/507/507 728/730/729 694/700/699
f 713/720/719 736/731/730 730/726/725
f 713/720/719 730/726/725 693/698/697
f 702/701/700 742/732/731 731/727/726
f 702/701/700 731/727/726 696/702/701
f 732/733/732 714/721/720 705/696/695
f 732/733/732 705/696/695 707/713/712
f 681/683/682 724/685/684 733/734/733
f 681/683/682 733/734/733 706/735/734
f 701/680/679 722/709/708 716/707/706
f 735/736/735 711/718/717 555/556/556
f 735/736/735 555/556/556 636/641/640
f 712/719/718 736/731/730 713/720/719
f 737/737/736 736/731/730 712/719/718
f 737/737/736 712/719/718 716/707/706
f 675/678/677 787/738/737 738/739/738
f 675/678/677 738/739/738 646/539/539
f 738/739/738 847/740/739 739/741/740
f 738/739/738 739/741/740 646/539/539
f 646/539/539 739/741/740 740/742/741
f 646/539/539 740/742/741 633/639/638
f 741/743/742 718/723/722 691/697/696
f 741/743/742 691/697/696 729/699/698
f 704/708/707 746/744/743 742/732/731
f 704/708/707 742/732/731 702/701/700
f 651/658/657 653/657/656 726/745/744
f 743/746/745 735/736/735 636/641/640
f 743/746/745 636/641/640 703/710/709
f 744/747/746 675/678/677 674/677/676
f 744/747/746 674/677/676 708/676/675
f 715/711/710 748/748/747 746/744/743
f 715/711/710 746/744/743 704/708/707
f 747/749/748 748/748/747 715/711/710
f 747/749/748 715/711/710 714/721/720
f 720/724/723 804/750/749 710/715/714
f 720/724/723 710/715/714 663/667/666
f 721/725/724 730/726/725 749/751/750
f 721/725/724 749/751/750 729/699/698
f 707/713/712 734/752/751 732/733/732
f 750/753/752 737/737/736 716/707/706
f 750/753/752 716/707/706 722/709/708
f 722/709/708 731/727/726 750/753/752
f 751/754/753 752/755/754 654/661/660
f 751/754/753 654/661/660 657/660/659
f 752/755/754 768/756/755 655/662/661
f 752/755/754 655/662/661 654/661/660
f 749/751/750 763/757/756 741/743/742
f 749/751/750 741/743/742 729/699/698
f 753/758/757 751/754/753 657/660/659
f 753/758/757 657/660/659 676/664/663
f 754/759/758 749/751/750 730/726/725
f 754/759/758 730/726/725 736/731/730
f 755/760/759 756/761/760 714/721/720
f 755/760/759 714/721/720 732/733/732
f 714/721/720 756/761/760 747/749/748
f 736/731/730 737/737/736 754/759/758
f 742/732/731 765/762/761 750/753/752
f 742/732/731 750/753/752 731/727/726
f 757/763/762 754/759/758 737/737/736
f 757/763/762 737/737/736 750/753/752
f 758/764/763 809/765/764 726/745/744
f 758/764/763 726/745/744 653/657/656
f 653/657/656 634/474/474 758/764/763
f 741/743/742 763/757/756 759/766/765
f 741/743/742 759/766/765 718/723/722
f 759/766/765 766/767/766 717/722/721
f 759/766/765 717/722/721 718/723/722
f 709/717/716 761/716/715 760/768/767
f 709/717/716 760/768/767 745/769/768
f 762/770/769 753/758/757 676/664/663
f 762/770/769 676/664/663 695/679/678
f 764/771/770 763/757/756 749/751/750
f 764/771/770 749/751/750 754/759/758
f 765/762/761 775/772/771 757/763/762
f 765/762/761 757/763/762 750/753/752
f 766/767/766 790/773/772 719/706/705
f 766/767/766 719/706/705 717/722/721
f 725/729/728 785/774/773 733/734/733
f 725/729/728 733/734/733 724/685/684
f 767/775/774 773/776/775 688/689/688
f 767/775/774 688/689/688 655/662/661
f 655/662/661 768/756/755 767/775/774
f 754/759/758 757/763/762 764/771/770
f 769/777/776 765/762/761 742/732/731
f 769/777/776 742/732/731 746/744/743
f 770/778/777 755/760/759 732/733/732
f 770/778/777 732/733/732 734/752/751
f 660/665/664 723/728/727 771/779/778
f 660/665/664 771/779/778 703/710/709
f 772/780/779 793/781/780 699/705/704
f 772/780/779 699/705/704 687/704/703
f 774/782/781 759/766/765 763/757/756
f 774/782/781 763/757/756 764/771/770
f 748/748/747 777/783/782 769/777/776
f 748/748/747 769/777/776 746/744/743
f 775/772/771 774/782/781 764/771/770
f 775/772/771 764/771/770 757/763/762
f 776/784/783 777/783/782 748/748/747
f 776/784/783 748/748/747 747/749/748
f 778/785/784 785/774/773 725/729/728
f 778/785/784 725/729/728 623/632/631
f 623/632/631 698/703/702 780/786/785
f 623/632/631 780/786/785 778/785/784
f 781/787/786 766/767/766 759/766/765
f 781/787/786 759/766/765 774/782/781
f 695/679/678 694/700/699 762/770/769
f 765/762/761 769/777/776 782/788/787
f 765/762/761 782/788/787 775/772/771
f 783/789/788 776/784/783 747/749/748
f 783/789/788 747/749/748 756/761/760
f 784/790/789 812/791/790 770/778/777
f 784/790/789 770/778/777 734/752/751
f 734/752/751 786/792/791 784/790/789
f 744/747/746 787/738/737 675/678/677
f 760/768/767 816/793/792 788/794/793
f 760/768/767 788/794/793 745/769/768
f 775/772/771 782/788/787 781/787/786
f 775/772/771 781/787/786 774/782/781
f 789/795/794 790/773/772 766/767/766
f 789/795/794 766/767/766 781/787/786
f 769/777/776 777/783/782 791/796/795
f 791/796/795 794/797/796 782/788/787
f 791/796/795 782/788/787 769/777/776
f 699/705/704 793/781/780 792/798/797
f 699/705/704 792/798/797 723/728/727
f 794/797/796 789/795/794 781/787/786
f 794/797/796 781/787/786 782/788/787
f 777/783/782 776/784/783 795/799/798
f 777/783/782 795/799/798 791/796/795
f 719/706/705 790/773/772 720/724/723
f 756/761/760 755/760/759 796/800/799
f 796/800/799 806/801/800 783/789/788
f 796/800/799 783/789/788 756/761/760
f 703/710/709 771/779/778 797/802/801
f 703/710/709 797/802/801 743/746/745
f 755/760/759 770/778/777 798/803/802
f 755/760/759 798/803/802 796/800/799
f 791/796/795 795/799/798 799/804/803
f 791/796/795 799/804/803 794/797/796
f 776/784/783 783/789/788 800/805/804
f 776/784/783 800/805/804 795/799/798
f 801/806/805 762/770/769 694/700/699
f 801/806/805 694/700/699 728/730/729
f 794/797/796 799/804/803 789/795/794
f 790/773/772 789/795/794 802/807/806
f 790/773/772 802/807/806 720/724/723
f 795/799/798 800/805/804 803/808/807
f 795/799/798 803/808/807 799/804/803
f 802/807/806 811/809/808 804/750/749
f 802/807/806 804/750/749 720/724/723
f 803/808/807 802/807/806 789/795/794
f 803/808/807 789/795/794 799/804/803
f 783/789/788 806/801/800 805/810/809
f 783/789/788 805/810/809 800/805/804
f 807/811/810 698/703/702 590/595/594
f 807/811/810 590/595/594 711/718/717
f 800/805/804 805/810/809 808/812/811
f 800/805/804 808/812/811 803/808/807
f 798/803/802 821/813/812 806/801/800
f 798/803/802 806/801/800 796/800/799
f 727/659/658 810/814/813 728/730/729
f 803/808/807 808/812/811 811/809/808
f 803/808/807 811/809/808 802/807/806
f 770/778/777 812/791/790 813/815/814
f 770/778/777 813/815/814 798/803/802
f 814/816/815 845/817/816 738/739/738
f 814/816/815 738/739/738 787/738/737
f 816/793/792 848/818/817 815/819/818
f 816/793/792 815/819/818 788/794/793
f 804/750/749 811/809/808 817/820/819
f 804/750/749 817/820/819 710/715/714
f 710/715/714 817/820/819 761/716/715
f 818/821/820 807/811/810 711/718/717
f 818/821/820 711/718/717 735/736/735
f 810/814/813 852/822/821 801/806/805
f 810/814/813 801/806/805 728/730/729
f 743/746/745 797/802/801 819/823/822
f 743/746/745 819/823/822 735/736/735
f 723/728/727 792/798/797 820/824/823
f 723/728/727 820/824/823 771/779/778
f 821/813/812 823/825/824 805/810/809
f 821/813/812 805/810/809 806/801/800
f 822/826/825 812/791/790 784/790/789
f 822/826/825 784/790/789 786/792/791
f 823/825/824 826/827/826 808/812/811
f 823/825/824 808/812/811 805/810/809
f 751/754/753 825/828/827 824/829/828
f 751/754/753 824/829/828 752/755/754
f 753/758/757 830/830/829 825/828/827
f 753/758/757 825/828/827 751/754/753
f 824/829/828 831/831/830 768/756/755
f 824/829/828 768/756/755 752/755/754
f 826/827/826 827/832/831 811/809/808
f 826/827/826 811/809/808 808/812/811
f 811/809/808 827/832/831 817/820/819
f 813/815/814 834/833/832 821/813/812
f 813/815/814 821/813/812 798/803/802
f 735/736/735 819/823/822 818/821/820
f 786/792/791 779/834/833 829/835/834
f 786/792/791 829/835/834 822/826/825
f 762/770/769 842/836/835 830/830/829
f 762/770/769 830/830/829 753/758/757
f 831/831/830 833/837/836 767/775/774
f 831/831/830 767/775/774 768/756/755
f 817/820/819 827/832/831 832/838/837
f 817/820/819 832/838/837 761/716/715
f 833/837/836 837/839/838 773/776/775
f 833/837/836 773/776/775 767/775/774
f 761/716/715 832/838/837 760/768/767
f 834/833/832 839/840/839 823/825/824
f 834/833/832 823/825/824 821/813/812
f 772/780/779 836/841/840 835/842/841
f 772/780/779 835/842/841 793/781/780
f 771/779/778 820/824/823 838/843/842
f 771/779/778 838/843/842 797/802/801
f 839/840/839 843/844/843 826/827/826
f 839/840/839 826/827/826 823/825/824
f 812/791/790 822/826/825 840/845/844
f 812/791/790 840/845/844 813/815/814
f 841/846/845 842/836/835 762/770/769
f 841/846/845 762/770/769 801/806/805
f 843/844/843 844/847/846 827/832/831
f 843/844/843 827/832/831 826/827/826
f 827/832/831 844/847/846 832/838/837
f 835/842/841 850/848/847 792/798/797
f 835/842/841 792/798/797 793/781/780
f 845/817/816 875/849/848 847/740/739
f 845/817/816 847/740/739 738/739/738
f 848/818/817 874/850/849 846/851/850
f 848/818/817 846/851/850 815/819/818
f 840/845/844 855/852/851 834/833/832
f 840/845/844 834/833/832 813/815/814
f 797/802/801 838/843/842 849/853/852
f 797/802/801 849/853/852 819/823/822
f 792/798/797 850/848/847 820/824/823
f 852/822/821 892/854/853 853/855/854
f 852/822/821 853/855/854 801/806/805
f 801/806/805 853/855/854 841/846/845
f 832/838/837 844/847/846 854/856/855
f 832/838/837 854/856/855 760/768/767
f 854/856/855 869/857/856 816/793/792
f 854/856/855 816/793/792 760/768/767
f 855/852/851 857/858/857 839/840/839
f 855/852/851 839/840/839 834/833/832
f 822/826/825 829/835/834 856/859/858
f 822/826/825 856/859/858 840/845/844
f 809/765/764 758/764/763 851/860/859
f 857/858/857 862/861/860 843/844/843
f 857/858/857 843/844/843 839/840/839
f 778/785/784 860/862/861 858/863/862
f 778/785/784 858/863/862 828/864/863
f 778/785/784 780/786/785 860/862/861
f 861/865/864 780/786/785 698/703/702
f 861/865/864 698/703/702 807/811/810
f 862/861/860 863/866/865 844/847/846
f 862/861/860 844/847/846 843/844/843
f 863/866/865 869/857/856 854/856/855
f 863/866/865 854/856/855 844/847/846
f 864/867/866 861/865/864 807/811/810
f 864/867/866 807/811/810 818/821/820
f 820/824/823 850/848/847 865/868/867
f 820/824/823 865/868/867 838/843/842
f 866/869/868 864/867/866 818/821/820
f 866/869/868 818/821/820 819/823/822
f 634/474/474 635/640/639 867/870/869
f 634/474/474 867/870/869 758/764/763
f 758/764/763 867/870/869 868/871/870
f 758/764/763 868/871/870 851/860/859
f 869/857/856 882/872/871 848/818/817
f 869/857/856 848/818/817 816/793/792
f 840/845/844 856/859/858 870/873/872
f 840/845/844 870/873/872 855/852/851
f 859/874/873 888/875/874 856/859/858
f 859/874/873 856/859/858 829/835/834
f 871/876/875 873/877/876 824/829/828
f 871/876/875 824/829/828 825/828/827
f 872/878/877 871/876/875 825/828/827
f 872/878/877 825/828/827 830/830/829
f 873/877/876 880/879/878 831/831/830
f 873/877/876 831/831/830 824/829/828
f 874/850/849 909/880/879 876/881/880
f 874/850/849 876/881/880 846/851/850
f 855/852/851 870/873/872 877/882/881
f 855/852/851 877/882/881 857/858/857
f 878/883/882 866/869/868 819/823/822
f 878/883/882 819/823/822 849/853/852
f 865/868/867 894/884/883 849/853/852
f 865/868/867 849/853/852 838/843/842
f 879/885/884 872/878/877 830/830/829
f 879/885/884 830/830/829 842/836/835
f 880/879/878 883/886/885 833/837/836
f 880/879/878 833/837/836 831/831/830
f 857/858/857 877/882/881 881/887/886
f 857/858/857 881/887/886 862/861/860
f 863/866/865 884/888/887 882/872/871
f 863/866/865 882/872/871 869/857/856
f 881/887/886 884/888/887 863/866/865
f 881/887/886 863/866/865 862/861/860
f 883/886/885 886/889/888 837/839/838
f 883/886/885 837/839/838 833/837/836
f 836/841/840 885/890/889 835/842/841
f 633/639/638 890/891/890 887/892/891
f 633/639/638 887/892/891 635/640/639
f 887/892/891 919/893/892 867/870/869
f 887/892/891 867/870/869 635/640/639
f 856/859/858 888/875/874 870/873/872
f 842/836/835 841/846/845 879/885/884
f 835/842/841 885/890/889 889/894/893
f 835/842/841 889/894/893 850/848/847
f 740/742/741 896/895/894 890/891/890
f 740/742/741 890/891/890 633/639/638
f 851/860/859 868/871/870 891/896/895
f 848/818/817 882/872/871 884/888/887
f 893/897/896 874/850/849 848/818/817
f 893/897/896 848/818/817 884/888/887
f 849/853/852 894/884/883 878/883/882
f 895/898/897 879/885/884 841/846/845
f 895/898/897 841/846/845 853/855/854
f 739/741/740 898/899/898 896/895/894
f 739/741/740 896/895/894 740/742/741
f 870/873/872 888/875/874 897/900/899
f 870/873/872 897/900/899 877/882/881
f 739/741/740 847/740/739 898/899/898
f 899/901/900 918/902/901 865/868/867
f 899/901/900 865/868/867 850/848/847
f 850/848/847 889/894/893 899/901/900
f 875/849/848 910/903/902 898/899/898
f 875/849/848 898/899/898 847/740/739
f 900/904/903 906/905/904 881/887/886
f 900/904/903 881/887/886 877/882/881
f 877/882/881 897/900/899 900/904/903
f 892/854/853 927/906/905 901/907/906
f 892/854/853 901/907/906 853/855/854
f 853/855/854 901/907/906 895/898/897
f 902/908/907 913/909/908 861/865/864
f 902/908/907 861/865/864 864/867/866
f 903/910/909 902/908/907 864/867/866
f 903/910/909 864/867/866 866/869/868
f 904/911/910 893/897/896 884/888/887
f 904/911/910 884/888/887 881/887/886
f 881/887/886 906/905/904 905/912/911
f 881/887/886 905/912/911 904/911/910
f 858/863/862 860/862/861 907/913/912
f 908/914/913 921/915/914 888/875/874
f 908/914/913 888/875/874 859/874/873
f 909/880/879 942/916/915 911/917/916
f 909/880/879 911/917/916 876/881/880
f 780/786/785 913/909/908 912/918/917
f 780/786/785 912/918/917 860/862/861
f 780/786/785 861/865/864 913/909/908
f 914/919/918 903/910/909 866/869/868
f 914/919/918 866/869/868 878/883/882
f 915/920/919 914/919/918 878/883/882
f 915/920/919 878/883/882 894/884/883
f 912/918/917 939/921/920 907/913/912
f 912/918/917 907/913/912 860/862/861
f 916/922/921 917/923/922 868/871/870
f 916/922/921 868/871/870 867/870/869
f 917/923/922 926/924/923 891/896/895
f 917/923/922 891/896/895 868/871/870
f 865/868/867 918/902/901 894/884/883
f 893/897/896 920/925/924 909/880/879
f 893/897/896 909/880/879 874/850/849
f 867/870/869 919/893/892 916/922/921
f 904/911/910 905/912/911 920/925/924
f 904/911/910 920/925/924 893/897/896
f 888/875/874 921/915/914 897/900/899
f 871/876/875 922/926/925 873/877/876
f 923/927/926 922/926/925 871/876/875
f 923/927/926 871/876/875 872/878/877
f 873/877/876 922/926/925 924/928/927
f 873/877/876 924/928/927 880/879/878
f 925/929/928 923/927/926 872/878/877
f 925/929/928 872/878/877 879/885/884
f 928/930/929 931/931/930 883/886/885
f 928/930/929 883/886/885 880/879/878
f 880/879/878 924/928/927 928/930/929
f 921/915/914 934/932/931 900/904/903
f 921/915/914 900/904/903 897/900/899
f 894/884/883 918/902/901 929/933/932
f 894/884/883 929/933/932 915/920/919
f 883/886/885 931/931/930 886/889/888
f 885/890/889 930/934/933 932/935/934
f 885/890/889 932/935/934 889/894/893
f 933/936/935 925/929/928 879/885/884
f 933/936/935 879/885/884 895/898/897
f 934/932/931 935/937/936 906/905/904
f 934/932/931 906/905/904 900/904/903
f 935/937/936 936/938/937 905/912/911
f 935/937/936 905/912/911 906/905/904
f 932/935/934 950/939/938 899/901/900
f 932/935/934 899/901/900 889/894/893
f 936/938/937 909/880/879 920/925/924
f 936/938/937 920/925/924 905/912/911
f 901/907/906 948/940/939 933/936/935
f 901/907/906 933/936/935 895/898/897
f 910/903/902 945/941/940 937/942/941
f 910/903/902 937/942/941 898/899/898
f 898/899/898 937/942/941 938/943/942
f 898/899/898 938/943/942 896/895/894
f 940/944/943 960/945/944 921/915/914
f 940/944/943 921/915/914 908/914/913
f 903/910/909 951/946/945 941/947/946
f 903/910/909 941/947/946 902/908/907
f 941/947/946 955/948/947 913/909/908
f 941/947/946 913/909/908 902/908/907
f 909/880/879 936/938/937 942/916/915
f 943/949/948 944/950/949 914/919/918
f 943/949/948 914/919/918 915/920/919
f 944/950/949 951/946/945 903/910/909
f 944/950/949 903/910/909 914/919/918
f 915/920/919 929/933/932 943/949/948
f 942/916/915 985/951/950 946/952/951
f 942/916/915 946/952/951 911/917/916
f 927/906/905 972/953/952 948/940/939
f 927/906/905 948/940/939 901/907/906
f 949/954/953 952/955/954 918/902/901
f 949/954/953 918/902/901 899/901/900
f 899/901/900 950/939/938 949/954/953
f 918/902/901 952/955/954 929/933/932
f 913/909/908 955/948/947 953/956/955
f 913/909/908 953/956/955 912/918/917
f 890/891/890 957/957/956 956/958/957
f 890/891/890 956/958/957 887/892/891
f 896/895/894 938/943/942 957/957/956
f 896/895/894 957/957/956 890/891/890
f 887/892/891 956/958/957 958/959/958
f 887/892/891 958/959/958 919/893/892
f 921/915/914 960/945/944 959/960/959
f 921/915/914 959/960/959 934/932/931
f 961/961/960 942/916/915 936/938/937
f 961/961/960 936/938/937 935/937/936
f 919/893/892 958/959/958 962/962/961
f 919/893/892 962/962/961 916/922/921
f 963/963/962 965/964/963 922/926/925
f 963/963/962 922/926/925 923/927/926
f 922/926/925 965/964/963 964/965/964
f 922/926/925 964/965/964 924/928/927
f 966/966/965 963/963/962 923/927/926
f 966/966/965 923/927/926 925/929/928
f 967/967/966 970/968/967 928/930/929
f 967/967/966 928/930/929 924/928/927
f 924/928/927 964/965/964 967/967/966
f 959/960/959 977/969/968 935/937/936
f 959/960/959 935/937/936 934/932/931
f 929/933/932 952/955/954 968/970/969
f 929/933/932 968/970/969 943/949/948
f 969/971/970 971/972/971 926/924/923
f 969/971/970 926/924/923 917/923/922
f 917/923/922 916/922/921 969/971/970
f 970/968/967 974/973/972 931/931/930
f 970/968/967 931/931/930 928/930/929
f 933/936/935 982/974/973 966/966/965
f 933/936/935 966/966/965 925/929/928
f 973/975/974 980/976/975 932/935/934
f 973/975/974 932/935/934 930/934/933
f 975/977/976 942/916/915 961/961/960
f 975/977/976 961/961/960 935/937/936
f 935/937/936 977/969/968 976/978/977
f 935/937/936 976/978/977 975/977/976
f 916/922/921 962/962/961 978/979/978
f 916/922/921 978/979/978 969/971/970
f 932/935/934 980/976/975 979/980/979
f 932/935/934 979/980/979 950/939/938
f 943/949/948 968/970/969 981/981/980
f 943/949/948 981/981/980 944/950/949
f 953/956/955 987/982/981 939/921/920
f 953/956/955 939/921/920 912/918/917
f 984/983/982 982/974/973 933/936/935
f 984/983/982 933/936/935 948/940/939
f 976/978/977 985/951/950 942/916/915
f 976/978/977 942/916/915 975/977/976
f 986/984/983 1004/985/984 960/945/944
f 986/984/983 960/945/944 940/944/943
f 940/944/943 988/986/985 986/984/983
f 941/947/946 951/946/945 989/987/986
f 989/987/986 1023/988/987 955/948/947
f 989/987/986 955/948/947 941/947/946
f 944/950/949 981/981/980 990/989/988
f 944/950/949 990/989/988 951/946/945
f 991/990/989 992/991/990 965/964/963
f 991/990/989 965/964/963 963/963/962
f 965/964/963 992/991/990 964/965/964
f 993/992/991 991/990/989 963/963/962
f 993/992/991 963/963/962 966/966/965
f 964/965/964 992/991/990 994/993/992
f 964/965/964 994/993/992 967/967/966
f 979/980/979 1003/994/993 949/954/953
f 979/980/979 949/954/953 950/939/938
f 994/993/992 999/995/994 970/968/967
f 994/993/992 970/968/967 967/967/966
f 995/996/995 957/957/956 938/943/942
f 995/996/995 938/943/942 937/942/941
f 996/997/996 993/992/991 966/966/965
f 996/997/996 966/966/965 982/974/973
f 947/998/997 971/972/971 997/999/998
f 997/999/998 1017/1000/999 983/1001/1000
f 997/999/998 983/1001/1000 947/998/997
f 970/968/967 999/995/994 974/973/972
f 998/1002/1001 1009/1003/1002 980/976/975
f 998/1002/1001 980/976/975 973/975/974
f 1000/1004/1003 995/996/995 937/942/941
f 1000/1004/1003 937/942/941 945/941/940
f 1002/1005/1004 1005/1006/1005 952/955/954
f 1002/1005/1004 952/955/954 949/954/953
f 949/954/953 1003/994/993 1002/1005/1004
f 960/945/944 1004/985/984 959/960/959
f 985/951/950 1025/1007/1006 1001/1008/1007
f 985/951/950 1001/1008/1007 946/952/951
f 952/955/954 1005/1006/1005 968/970/969
f 990/989/988 1040/1009/1008 989/987/986
f 990/989/988 989/987/986 951/946/945
f 1006/1010/1009 997/999/998 971/972/971
f 1006/1010/1009 971/972/971 969/971/970
f 1007/1011/1010 996/997/996 982/974/973
f 1007/1011/1010 982/974/973 984/983/982
f 980/976/975 1009/1003/1002 1008/1012/1011
f 980/976/975 1008/1012/1011 979/980/979
f 1010/1013/1012 1006/1010/1009 969/971/970
f 1010/1013/1012 969/971/970 978/979/978
f 959/960/959 1004/985/984 1011/1014/1013
f 959/960/959 1011/1014/1013 977/969/968
f 991/990/989 993/992/991 1012/1015/1014
f 991/990/989 1012/1015/1014 992/991/990
f 992/991/990 1012/1015/1014 1013/1016/1015
f 992/991/990 1013/1016/1015 994/993/992
f 996/997/996 1007/1011/1010 1014/1017/1016
f 996/997/996 1014/1017/1016 993/992/991
f 993/992/991 1014/1017/1016 1015/1018/1017
f 993/992/991 1015/1018/1017 1012/1015/1014
f 1013/1016/1015 1021/1019/1018 999/995/994
f 1013/1016/1015 999/995/994 994/993/992
f 968/970/969 1005/1006/1005 1016/1020/1019
f 968/970/969 1016/1020/1019 981/981/980
f 1018/1021/1020 1027/1022/1021 1007/1011/1010
f 1018/1021/1020 1007/1011/1010 984/983/982
f 1008/1012/1011 1032/1023/1022 1003/994/993
f 1008/1012/1011 1003/994/993 979/980/979
f 998/1002/1001 1019/1024/1023 1009/1003/1002
f 977/969/968 1011/1014/1013 1022/1025/1024
f 977/969/968 1022/1025/1024 976/978/977
f 1022/1025/1024 1025/1007/1006 985/951/950
f 1022/1025/1024 985/951/950 976/978/977
f 1023/988/987 1035/1026/1025 953/956/955
f 1023/988/987 953/956/955 955/948/947
f 997/999/998 1006/1010/1009 1024/1027/1026
f 997/999/998 1024/1027/1026 1017/1000/999
f 1027/1022/1021 1033/1028/1027 1014/1017/1016
f 1027/1022/1021 1014/1017/1016 1007/1011/1010
f 1028/1029/1028 1037/1030/1029 978/979/978
f 1028/1029/1028 978/979/978 962/962/961
f 958/959/958 1039/1031/1030 1028/1029/1028
f 958/959/958 1028/1029/1028 962/962/961
f 1030/1032/1031 1054/1033/1032 1013/1016/1015
f 1030/1032/1031 1013/1016/1015 1012/1015/1014
f 1012/1015/1014 1015/1018/1017 1030/1032/1031
f 1031/1034/1033 1040/1009/1008 990/989/988
f 1031/1034/1033 990/989/988 981/981/980
f 981/981/980 1016/1020/1019 1031/1034/1033
f 1032/1023/1022 1042/1035/1034 1002/1005/1004
f 1032/1023/1022 1002/1005/1004 1003/994/993
f 1033/1028/1027 1059/1036/1035 1015/1018/1017
f 1033/1028/1027 1015/1018/1017 1014/1017/1016
f 988/986/985 1036/1037/1036 1034/1038/1037
f 988/986/985 1034/1038/1037 986/984/983
f 988/986/985 954/1039/1038 1036/1037/1036
f 978/979/978 1037/1030/1029 1010/1013/1012
f 986/984/983 1034/1038/1037 1038/1040/1039
f 986/984/983 1038/1040/1039 1004/985/984
f 956/958/957 1046/1041/1040 1039/1031/1030
f 956/958/957 1039/1031/1030 958/959/958
f 1002/1005/1004 1042/1035/1034 1041/1042/1041
f 1002/1005/1004 1041/1042/1041 1005/1006/1005
f 1009/1003/1002 1019/1024/1023 1043/1043/1042
f 1009/1003/1002 1043/1043/1042 1008/1012/1011
f 1045/1044/1043 1046/1041/1040 956/958/957
f 1045/1044/1043 956/958/957 957/957/956
f 995/996/995 1066/1045/1044 1045/1044/1043
f 995/996/995 1045/1044/1043 957/957/956
f 1017/1000/999 1024/1027/1026 1047/1046/1045
f 1017/1000/999 1047/1046/1045 1026/1047/1046
f 1008/1012/1011 1043/1043/1042 1050/1048/1047
f 1008/1012/1011 1050/1048/1047 1032/1023/1022
f 1013/1016/1015 1054/1033/1032 1052/1049/1048
f 1013/1016/1015 1052/1049/1048 1021/1019/1018
f 1005/1006/1005 1041/1042/1041 1055/1050/1049
f 1005/1006/1005 1055/1050/1049 1016/1020/1019
f 1057/1051/1050 1044/1052/1051 1020/1053/1052
f 1057/1051/1050 1020/1053/1052 1051/1054/1053
f 1015/1018/1017 1059/1036/1035 1061/1055/1054
f 1015/1018/1017 1061/1055/1054 1030/1032/1031
f 1062/1056/1055 1024/1027/1026 1006/1010/1009
f 1062/1056/1055 1006/1010/1009 1010/1013/1012
f 1004/985/984 1063/1057/1056 1011/1014/1013
f 1038/1040/1039 1115/1058/1057 1063/1057/1056
f 1038/1040/1039 1063/1057/1056 1004/985/984
f 1064/1059/1058 1066/1045/1044 995/996/995
f 1064/1059/1058 995/996/995 1000/1004/1003
f 1069/1060/1059 1071/1061/1060 1033/1028/1027
f 1069/1060/1059 1033/1028/1027 1027/1022/1021
f 1027/1022/1021 1049/1062/1061 1069/1060/1059
f 1025/1007/1006 1094/1063/1062 1065/1064/1063
f 1025/1007/1006 1065/1064/1063 1001/1008/1007
f 1033/1028/1027 1071/1061/1060 1059/1036/1035
f 1072/1065/1064 1062/1056/1055 1010/1013/1012
f 1072/1065/1064 1010/1013/1012 1037/1030/1029
f 1073/1066/1065 1086/1067/1066 1047/1046/1045
f 1073/1066/1065 1047/1046/1045 1024/1027/1026
f 1062/1056/1055 1089/1068/1067 1073/1066/1065
f 1062/1056/1055 1073/1066/1065 1024/1027/1026
f 1032/1023/1022 1050/1048/1047 1074/1069/1068
f 1032/1023/1022 1074/1069/1068 1042/1035/1034
f 1051/1054/1053 1053/1070/1069 1075/1071/1070
f 1051/1054/1053 1075/1071/1070 1057/1051/1050
f 1011/1014/1013 1063/1057/1056 1076/1072/1071
f 1011/1014/1013 1076/1072/1071 1022/1025/1024
f 1077/1073/1072 1050/1048/1047 1043/1043/1042
f 1077/1073/1072 1043/1043/1042 1056/1074/1073
f 1039/1031/1030 1085/1075/1074 1079/1076/1075
f 1039/1031/1030 1079/1076/1075 1028/1029/1028
f 1028/1029/1028 1079/1076/1075 1037/1030/1029
f 1016/1020/1019 1055/1050/1049 1080/1077/1076
f 1016/1020/1019 1080/1077/1076 1031/1034/1033
f 1045/1044/1043 1066/1045/1044 1081/1078/1077
f 1045/1044/1043 1081/1078/1077 1046/1041/1040
f 1029/1079/1078 1060/1080/1079 1082/1081/1080
f 1029/1079/1078 1082/1081/1080 1053/1070/1069
f 1076/1072/1071 1094/1063/1062 1025/1007/1006
f 1076/1072/1071 1025/1007/1006 1022/1025/1024
f 1048/1082/1081 1087/1083/1082 1083/1084/1083
f 1048/1082/1081 1083/1084/1083 1068/1085/1084
f 1083/1084/1083 1101/1086/1085 1070/1087/1086
f 1083/1084/1083 1070/1087/1086 1068/1085/1084
f 1084/1088/1087 1060/1080/1079 1058/1089/1088
f 1084/1088/1087 1058/1089/1088 1070/1087/1086
f 1046/1041/1040 1081/1078/1077 1085/1075/1074
f 1046/1041/1040 1085/1075/1074 1039/1031/1030
f 1079/1076/1075 1111/1090/1089 1088/1091/1090
f 1079/1076/1075 1088/1091/1090 1037/1030/1029
f 1037/1030/1029 1088/1091/1090 1072/1065/1064
f 1062/1056/1055 1072/1065/1064 1090/1092/1091
f 1062/1056/1055 1090/1092/1091 1089/1068/1067
f 1091/1093/1092 1041/1042/1041 1042/1035/1034
f 1091/1093/1092 1042/1035/1034 1074/1069/1068
f 1092/1094/1093 1078/1095/1094 1057/1051/1050
f 1092/1094/1093 1057/1051/1050 1075/1071/1070
f 1053/1070/1069 1082/1081/1080 1093/1096/1095
f 1053/1070/1069 1093/1096/1095 1075/1071/1070
f 1065/1064/1063 1096/1097/1096 1067/1098/1097
f 1094/1063/1062 1126/1099/1098 1096/1097/1096
f 1094/1063/1062 1096/1097/1096 1065/1064/1063
f 1097/1100/1099 1102/1101/1100 1023/988/987
f 1097/1100/1099 1023/988/987 989/987/986
f 989/987/986 1040/1009/1008 1097/1100/1099
f 1050/1048/1047 1077/1073/1072 1098/1102/1101
f 1050/1048/1047 1098/1102/1101 1074/1069/1068
f 1066/1045/1044 1095/1103/1102 1100/1104/1103
f 1066/1045/1044 1100/1104/1103 1081/1078/1077
f 1101/1086/1085 1121/1105/1104 1084/1088/1087
f 1101/1086/1085 1084/1088/1087 1070/1087/1086
f 1102/1101/1100 1108/1106/1105 1035/1026/1025
f 1102/1101/1100 1035/1026/1025 1023/988/987
f 1103/1107/1106 1097/1100/1099 1040/1009/1008
f 1103/1107/1106 1040/1009/1008 1031/1034/1033
f 1031/1034/1033 1080/1077/1076 1103/1107/1106
f 1104/1108/1107 1086/1067/1066 1073/1066/1065
f 1104/1108/1107 1073/1066/1065 1089/1068/1067
f 1075/1071/1070 1093/1096/1095 1105/1109/1108
f 1075/1071/1070 1105/1109/1108 1092/1094/1093
f 1060/1080/1079 1107/1110/1109 1106/1111/1110
f 1060/1080/1079 1106/1111/1110 1082/1081/1080
f 1084/1088/1087 1121/1105/1104 1107/1110/1109
f 1084/1088/1087 1107/1110/1109 1060/1080/1079
f 1036/1037/1036 1109/1112/1111 1034/1038/1037
f 1034/1038/1037 1109/1112/1111 1110/1113/1112
f 1034/1038/1037 1110/1113/1112 1038/1040/1039
f 1085/1075/1074 1118/1114/1113 1111/1090/1089
f 1085/1075/1074 1111/1090/1089 1079/1076/1075
f 1112/1115/1114 1091/1093/1092 1074/1069/1068
f 1112/1115/1114 1074/1069/1068 1098/1102/1101
f 1092/1094/1093 1124/1116/1115 1114/1117/1116
f 1092/1094/1093 1114/1117/1116 1078/1095/1094
f 1078/1095/1094 1114/1117/1116 1099/1118/1117
f 1110/1113/1112 1139/1119/1118 1115/1058/1057
f 1110/1113/1112 1115/1058/1057 1038/1040/1039
f 1041/1042/1041 1091/1093/1092 1116/1120/1119
f 1041/1042/1041 1116/1120/1119 1055/1050/1049
f 1117/1121/1120 1134/1122/1121 1076/1072/1071
f 1117/1121/1120 1076/1072/1071 1063/1057/1056
f 1115/1058/1057 1140/1123/1122 1117/1121/1120
f 1115/1058/1057 1117/1121/1120 1063/1057/1056
f 1081/1078/1077 1100/1104/1103 1118/1114/1113
f 1081/1078/1077 1118/1114/1113 1085/1075/1074
f 1106/1111/1110 1129/1124/1123 1093/1096/1095
f 1106/1111/1110 1093/1096/1095 1082/1081/1080
f 1086/1067/1066 1104/1108/1107 1119/1125/1124
f 1087/1083/1082 1120/1126/1125 1083/1084/1083
f 1120/1126/1125 1135/1127/1126 1101/1086/1085
f 1120/1126/1125 1101/1086/1085 1083/1084/1083
f 1089/1068/1067 1090/1092/1091 1122/1128/1127
f 1089/1068/1067 1122/1128/1127 1104/1108/1107
f 1072/1065/1064 1088/1091/1090 1123/1129/1128
f 1072/1065/1064 1123/1129/1128 1090/1092/1091
f 1105/1109/1108 1146/1130/1129 1124/1116/1115
f 1105/1109/1108 1124/1116/1115 1092/1094/1093
f 1055/1050/1049 1116/1120/1119 1125/1131/1130
f 1055/1050/1049 1125/1131/1130 1080/1077/1076
f 1076/1072/1071 1134/1122/1121 1126/1099/1098
f 1076/1072/1071 1126/1099/1098 1094/1063/1062
f 1095/1103/1102 1127/1132/1131 1100/1104/1103
f 1126/1099/1098 1163/1133/1132 1128/1134/1133
f 1126/1099/1098 1128/1134/1133 1096/1097/1096
f 1129/1124/1123 1146/1130/1129 1105/1109/1108
f 1129/1124/1123 1105/1109/1108 1093/1096/1095
f 1104/1108/1107 1122/1128/1127 1130/1135/1134
f 1104/1108/1107 1130/1135/1134 1119/1125/1124
f 1099/1118/1117 1114/1117/1116 1133/1136/1135
f 1099/1118/1117 1133/1136/1135 1113/1137/1136
f 1123/1129/1128 1160/1138/1137 1122/1128/1127
f 1123/1129/1128 1122/1128/1127 1090/1092/1091
f 1101/1086/1085 1135/1127/1126 1136/1139/1138
f 1101/1086/1085 1136/1139/1138 1121/1105/1104
f 1118/1114/1113 1141/1140/1139 1137/1141/1140
f 1118/1114/1113 1137/1141/1140 1111/1090/1089
f 1137/1141/1140 1147/1142/1141 1088/1091/1090
f 1137/1141/1140 1088/1091/1090 1111/1090/1089
f 1107/1110/1109 1145/1143/1142 1138/1144/1143
f 1107/1110/1109 1138/1144/1143 1106/1111/1110
f 1138/1144/1143 1161/1145/1144 1129/1124/1123
f 1138/1144/1143 1129/1124/1123 1106/1111/1110
f 1115/1058/1057 1139/1119/1118 1140/1123/1122
f 1100/1104/1103 1155/1146/1145 1141/1140/1139
f 1100/1104/1103 1141/1140/1139 1118/1114/1113
f 1120/1126/1125 1131/1147/1146 1142/1148/1147
f 1120/1126/1125 1142/1148/1147 1135/1127/1126
f 1112/1115/1114 1132/1149/1148 1143/1150/1149
f 1112/1115/1114 1143/1150/1149 1091/1093/1092
f 1121/1105/1104 1136/1139/1138 1145/1143/1142
f 1121/1105/1104 1145/1143/1142 1107/1110/1109
f 1088/1091/1090 1147/1142/1141 1123/1129/1128
f 1091/1093/1092 1143/1150/1149 1148/1151/1150
f 1091/1093/1092 1148/1151/1150 1116/1120/1119
f 1109/1112/1111 1152/1152/1151 1150/1153/1152
f 1109/1112/1111 1150/1153/1152 1110/1113/1112
f 1108/1106/1105 1102/1101/1100 1151/1154/1153
f 1153/1155/1154 1155/1146/1145 1100/1104/1103
f 1153/1155/1154 1100/1104/1103 1127/1132/1131
f 1156/1156/1155 1159/1157/1156 1103/1107/1106
f 1156/1156/1155 1103/1107/1106 1080/1077/1076
f 1125/1131/1130 1189/1158/1157 1156/1156/1155
f 1125/1131/1130 1156/1156/1155 1080/1077/1076
f 1124/1116/1115 1146/1130/1129 1157/1159/1158
f 1124/1116/1115 1157/1159/1158 1114/1117/1116
f 1114/1117/1116 1157/1159/1158 1133/1136/1135
f 1110/1113/1112 1150/1153/1152 1139/1119/1118
f 1158/1160/1159 1151/1154/1153 1102/1101/1100
f 1158/1160/1159 1102/1101/1100 1097/1100/1099
f 1159/1157/1156 1158/1160/1159 1097/1100/1099
f 1159/1157/1156 1097/1100/1099 1103/1107/1106
f 1117/1121/1120 1140/1123/1122 1134/1122/1121
f 1160/1138/1137 1171/1161/1160 1130/1135/1134
f 1160/1138/1137 1130/1135/1134 1122/1128/1127
f 1138/1144/1143 1145/1143/1142 1161/1145/1144
f 1129/1124/1123 1161/1145/1144 1162/1162/1161
f 1129/1124/1123 1162/1162/1161 1146/1130/1129
f 1134/1122/1121 1178/1163/1162 1163/1133/1132
f 1134/1122/1121 1163/1133/1132 1126/1099/1098
f 1164/1164/1163 1173/1165/1164 1136/1139/1138
f 1164/1164/1163 1136/1139/1138 1135/1127/1126
f 1142/1148/1147 1187/1166/1165 1164/1164/1163
f 1142/1148/1147 1164/1164/1163 1135/1127/1126
f 1133/1136/1135 1157/1159/1158 1165/1167/1166
f 1133/1136/1135 1165/1167/1166 1144/1168/1167
f 1166/1169/1168 1184/1170/1169 1154/1171/1170
f 1166/1169/1168 1154/1171/1170 1128/1134/1133
f 1163/1133/1132 1198/1172/1171 1166/1169/1168
f 1163/1133/1132 1166/1169/1168 1128/1134/1133
f 1141/1140/1139 1170/1173/1172 1167/1174/1173
f 1141/1140/1139 1167/1174/1173 1137/1141/1140
f 1167/1174/1173 1188/1175/1174 1147/1142/1141
f 1167/1174/1173 1147/1142/1141 1137/1141/1140
f 1168/1176/1175 1160/1138/1137 1123/1129/1128
f 1168/1176/1175 1123/1129/1128 1147/1142/1141
f 1148/1151/1150 1185/1177/1176 1125/1131/1130
f 1148/1151/1150 1125/1131/1130 1116/1120/1119
f 1146/1130/1129 1162/1162/1161 1169/1178/1177
f 1146/1130/1129 1169/1178/1177 1157/1159/1158
f 1155/1146/1145 1181/1179/1178 1170/1173/1172
f 1155/1146/1145 1170/1173/1172 1141/1140/1139
f 1172/1180/1179 1187/1166/1165 1142/1148/1147
f 1172/1180/1179 1142/1148/1147 1131/1147/1146
f 1136/1139/1138 1173/1165/1164 1145/1143/1142
f 1145/1143/1142 1173/1165/1164 1174/1181/1180
f 1145/1143/1142 1174/1181/1180 1161/1145/1144
f 1175/1182/1181 1178/1163/1162 1134/1122/1121
f 1175/1182/1181 1134/1122/1121 1140/1123/1122
f 1139/1119/1118 1179/1183/1182 1175/1182/1181
f 1139/1119/1118 1175/1182/1181 1140/1123/1122
f 1144/1168/1167 1165/1167/1166 1177/1184/1183
f 1144/1168/1167 1177/1184/1183 1149/1185/1184
f 1150/1153/1152 1197/1186/1185 1179/1183/1182
f 1150/1153/1152 1179/1183/1182 1139/1119/1118
f 1157/1159/1158 1169/1178/1177 1180/1187/1186
f 1157/1159/1158 1180/1187/1186 1165/1167/1166
f 1153/1155/1154 1183/1188/1187 1181/1179/1178
f 1153/1155/1154 1181/1179/1178 1155/1146/1145
f 1177/1184/1183 1218/1189/1188 1186/1190/1189
f 1176/1191/1190 1185/1177/1176 1148/1151/1150
f 1188/1175/1174 1204/1192/1191 1168/1176/1175
f 1188/1175/1174 1168/1176/1175 1147/1142/1141
f 1185/1177/1176 1217/1193/1192 1189/1158/1157
f 1185/1177/1176 1189/1158/1157 1125/1131/1130
f 1161/1145/1144 1174/1181/1180 1190/1194/1193
f 1161/1145/1144 1190/1194/1193 1162/1162/1161
f 1167/1174/1173 1170/1173/1172 1188/1175/1174
f 1191/1195/1194 1171/1161/1160 1160/1138/1137
f 1191/1195/1194 1160/1138/1137 1168/1176/1175
f 1194/1196/1195 1197/1186/1185 1150/1153/1152
f 1194/1196/1195 1150/1153/1152 1152/1152/1151
f 1195/1197/1196 1193/1198/1197 1151/1154/1153
f 1195/1197/1196 1151/1154/1153 1158/1160/1159
f 1178/1163/1162 1209/1199/1198 1199/1200/1199
f 1178/1163/1162 1199/1200/1199 1163/1133/1132
f 1199/1200/1199 1241/1201/1200 1198/1172/1171
f 1199/1200/1199 1198/1172/1171 1163/1133/1132
f 1164/1164/1163 1200/1202/1201 1173/1165/1164
f 1187/1166/1165 1220/1203/1202 1200/1202/1201
f 1187/1166/1165 1200/1202/1201 1164/1164/1163
f 1201/1204/1203 1195/1197/1196 1158/1160/1159
f 1201/1204/1203 1158/1160/1159 1159/1157/1156
f 1165/1167/1166 1180/1187/1186 1202/1205/1204
f 1165/1167/1166 1202/1205/1204 1177/1184/1183
f 1203/1206/1205 1201/1204/1203 1159/1157/1156
f 1203/1206/1205 1159/1157/1156 1156/1156/1155
f 1156/1156/1155 1189/1158/1157 1203/1206/1205
f 1168/1176/1175 1204/1192/1191 1191/1195/1194
f 1200/1202/1201 1216/1207/1206 1174/1181/1180
f 1200/1202/1201 1174/1181/1180 1173/1165/1164
f 1162/1162/1161 1190/1194/1193 1205/1208/1207
f 1162/1162/1161 1205/1208/1207 1169/1178/1177
f 1181/1179/1178 1211/1209/1208 1206/1210/1209
f 1181/1179/1178 1206/1210/1209 1170/1173/1172
f 1206/1210/1209 1213/1211/1210 1188/1175/1174
f 1206/1210/1209 1188/1175/1174 1170/1173/1172
f 1208/1212/1211 1187/1166/1165 1172/1180/1179
f 1208/1212/1211 1172/1180/1179 1192/1213/1212
f 1198/1172/1171 1224/1214/1213 1184/1170/1169
f 1198/1172/1171 1184/1170/1169 1166/1169/1168
f 1205/1208/1207 1225/1215/1214 1180/1187/1186
f 1205/1208/1207 1180/1187/1186 1169/1178/1177
f 1175/1182/1181 1210/1216/1215 1209/1199/1198
f 1175/1182/1181 1209/1199/1198 1178/1163/1162
f 1179/1183/1182 1197/1186/1185 1210/1216/1215
f 1179/1183/1182 1210/1216/1215 1175/1182/1181
f 1184/1170/1169 1224/1214/1213 1212/1217/1216
f 1184/1170/1169 1212/1217/1216 1182/1218/1217
f 1213/1211/1210 1229/1219/1218 1204/1192/1191
f 1213/1211/1210 1204/1192/1191 1188/1175/1174
f 1191/1195/1194 1204/1192/1191 1214/1220/1219
f 1191/1195/1194 1214/1220/1219 1207/1221/1220
f 1216/1207/1206 1205/1208/1207 1190/1194/1193
f 1216/1207/1206 1190/1194/1193 1174/1181/1180
f 1219/1222/1221 1220/1203/1202 1187/1166/1165
f 1219/1222/1221 1187/1166/1165 1208/1212/1211
f 1177/1184/1183 1202/1205/1204 1222/1223/1222
f 1177/1184/1183 1222/1223/1222 1218/1189/1188
f 1225/1215/1214 1244/1224/1223 1202/1205/1204
f 1225/1215/1214 1202/1205/1204 1180/1187/1186
f 1226/1225/1224 1238/1226/1225 1203/1206/1205
f 1226/1225/1224 1203/1206/1205 1189/1158/1157
f 1217/1193/1192 1221/1227/1226 1226/1225/1224
f 1217/1193/1192 1226/1225/1224 1189/1158/1157
f 1228/1228/1227 1219/1222/1221 1208/1212/1211
f 1228/1228/1227 1208/1212/1211 1215/1229/1228
f 1204/1192/1191 1229/1219/1218 1230/1230/1229
f 1204/1192/1191 1230/1230/1229 1214/1220/1219
f 1220/1203/1202 1232/1231/1230 1216/1207/1206
f 1220/1203/1202 1216/1207/1206 1200/1202/1201
f 1232/1231/1230 1233/1232/1231 1205/1208/1207
f 1232/1231/1230 1205/1208/1207 1216/1207/1206
f 1233/1232/1231 1244/1224/1223 1225/1215/1214
f 1233/1232/1231 1225/1215/1214 1205/1208/1207
f 1234/1233/1232 1236/1234/1233 1195/1197/1196
f 1234/1233/1232 1195/1197/1196 1201/1204/1203
f 1237/1235/1234 1253/1236/1235 1194/1196/1195
f 1237/1235/1234 1194/1196/1195 1196/1237/1236
f 1238/1226/1225 1234/1233/1232 1201/1204/1203
f 1238/1226/1225 1201/1204/1203 1203/1206/1205
f 1241/1201/1200 1249/1238/1237 1224/1214/1213
f 1241/1201/1200 1224/1214/1213 1198/1172/1171
f 1242/1239/1238 1243/1240/1239 1213/1211/1210
f 1242/1239/1238 1213/1211/1210 1206/1210/1209
f 1211/1209/1208 1247/1241/1240 1242/1239/1238
f 1211/1209/1208 1242/1239/1238 1206/1210/1209
f 1213/1211/1210 1243/1240/1239 1229/1219/1218
f 1202/1205/1204 1244/1224/1223 1245/1242/1241
f 1202/1205/1204 1245/1242/1241 1222/1223/1222
f 1246/1243/1242 1241/1201/1200 1199/1200/1199
f 1246/1243/1242 1199/1200/1199 1209/1199/1198
f 1223/1244/1243 1247/1241/1240 1211/1209/1208
f 1249/1238/1237 1263/1245/1244 1248/1246/1245
f 1249/1238/1237 1248/1246/1245 1224/1214/1213
f 1210/1216/1215 1250/1247/1246 1246/1243/1242
f 1210/1216/1215 1246/1243/1242 1209/1199/1198
f 1197/1186/1185 1256/1248/1247 1250/1247/1246
f 1197/1186/1185 1250/1247/1246 1210/1216/1215
f 1231/1249/1248 1268/1250/1249 1228/1228/1227
f 1231/1249/1248 1228/1228/1227 1215/1229/1228
f 1219/1222/1221 1228/1228/1227 1251/1251/1250
f 1219/1222/1221 1251/1251/1250 1220/1203/1202
f 1220/1203/1202 1251/1251/1250 1252/1252/1251
f 1220/1203/1202 1252/1252/1251 1232/1231/1230
f 1233/1232/1231 1232/1231/1230 1252/1252/1251
f 1252/1252/1251 1261/1253/1252 1244/1224/1223
f 1252/1252/1251 1244/1224/1223 1233/1232/1231
f 1253/1236/1235 1256/1248/1247 1197/1186/1185
f 1253/1236/1235 1197/1186/1185 1194/1196/1195
f 1229/1219/1218 1243/1240/1239 1254/1254/1253
f 1229/1219/1218 1254/1254/1253 1230/1230/1229
f 1222/1223/1222 1245/1242/1241 1257/1255/1254
f 1222/1223/1222 1257/1255/1254 1227/1256/1255
f 1227/1256/1255 1257/1255/1254 1239/1257/1256
f 1235/1258/1257 1240/1259/1258 1259/1260/1259
f 1235/1258/1257 1259/1260/1259 1237/1235/1234
f 1259/1260/1259 1281/1261/1260 1253/1236/1235
f 1259/1260/1259 1253/1236/1235 1237/1235/1234
f 1244/1224/1223 1261/1253/1252 1260/1262/1261
f 1244/1224/1223 1260/1262/1261 1245/1242/1241
f 1241/1201/1200 1265/1263/1262 1263/1245/1244
f 1241/1201/1200 1263/1245/1244 1249/1238/1237
f 1246/1243/1242 1269/1264/1263 1265/1263/1262
f 1246/1243/1242 1265/1263/1262 1241/1201/1200
f 1257/1255/1254 1273/1265/1264 1258/1266/1265
f 1257/1255/1254 1258/1266/1265 1239/1257/1256
f 1247/1241/1240 1266/1267/1266 1242/1239/1238
f 1262/1268/1267 1287/1269/1268 1266/1267/1266
f 1262/1268/1267 1266/1267/1266 1247/1241/1240
f 1231/1249/1248 1255/1270/1269 1268/1250/1249
f 1268/1250/1249 1280/1271/1270 1251/1251/1250
f 1268/1250/1249 1251/1251/1250 1228/1228/1227
f 1250/1247/1246 1271/1272/1271 1269/1264/1263
f 1250/1247/1246 1269/1264/1263 1246/1243/1242
f 1260/1262/1261 1276/1273/1272 1257/1255/1254
f 1260/1262/1261 1257/1255/1254 1245/1242/1241
f 1270/1274/1273 1271/1272/1271 1250/1247/1246
f 1270/1274/1273 1250/1247/1246 1256/1248/1247
f 1242/1239/1238 1266/1267/1266 1272/1275/1274
f 1242/1239/1238 1272/1275/1274 1243/1240/1239
f 1257/1255/1254 1276/1273/1272 1273/1265/1264
f 1253/1236/1235 1281/1261/1260 1270/1274/1273
f 1253/1236/1235 1270/1274/1273 1256/1248/1247
f 1278/1276/1275 1282/1277/1276 1254/1254/1253
f 1278/1276/1275 1254/1254/1253 1243/1240/1239
f 1243/1240/1239 1272/1275/1274 1278/1276/1275
f 1251/1251/1250 1280/1271/1270 1279/1278/1277
f 1251/1251/1250 1279/1278/1277 1252/1252/1251
f 1275/1279/1278 1299/1280/1279 1281/1261/1260
f 1275/1279/1278 1281/1261/1260 1259/1260/1259
f 1282/1277/1276 1290/1281/1280 1267/1282/1281
f 1282/1277/1276 1267/1282/1281 1254/1254/1253
f 1252/1252/1251 1279/1278/1277 1283/1283/1282
f 1252/1252/1251 1283/1283/1282 1261/1253/1252
f 1284/1284/1283 1287/1269/1268 1262/1268/1267
f 1284/1284/1283 1262/1268/1267 1264/1285/1284
f 1289/1286/1285 1286/1287/1286 1265/1263/1262
f 1289/1286/1285 1265/1263/1262 1269/1264/1263
f 1291/1288/1287 1303/1289/1288 1280/1271/1270
f 1291/1288/1287 1280/1271/1270 1268/1250/1249
f 1261/1253/1252 1283/1283/1282 1260/1262/1261
f 1271/1272/1271 1301/1290/1289 1292/1291/1290
f 1271/1272/1271 1292/1291/1290 1269/1264/1263
f 1292/1291/1290 1317/1292/1291 1289/1286/1285
f 1292/1291/1290 1289/1286/1285 1269/1264/1263
f 1266/1267/1266 1293/1293/1292 1272/1275/1274
f 1287/1269/1268 1318/1294/1293 1293/1293/1292
f 1287/1269/1268 1293/1293/1292 1266/1267/1266
f 1260/1262/1261 1296/1295/1294 1294/1296/1295
f 1260/1262/1261 1294/1296/1295 1276/1273/1272
f 1283/1283/1282 1305/1297/1296 1296/1295/1294
f 1283/1283/1282 1296/1295/1294 1260/1262/1261
f 1277/1298/1297 1295/1299/1298 1298/1300/1299
f 1277/1298/1297 1298/1300/1299 1274/1301/1300
f 1274/1301/1300 1298/1300/1299 1300/1302/1301
f 1270/1274/1273 1281/1261/1260 1299/1280/1279
f 1270/1274/1273 1299/1280/1279 1301/1290/1289
f 1270/1274/1273 1301/1290/1289 1271/1272/1271
f 1303/1289/1288 1304/1303/1302 1279/1278/1277
f 1303/1289/1288 1279/1278/1277 1280/1271/1270
f 1293/1293/1292 1307/1304/1303 1278/1276/1275
f 1293/1293/1292 1278/1276/1275 1272/1275/1274
f 1304/1303/1302 1305/1297/1296 1283/1283/1282
f 1304/1303/1302 1283/1283/1282 1279/1278/1277
f 1278/1276/1275 1306/1305/1304 1282/1277/1276
f 1308/1306/1305 1306/1305/1304 1278/1276/1275
f 1308/1306/1305 1278/1276/1275 1307/1304/1303
f 1282/1277/1276 1306/1305/1304 1309/1307/1306
f 1282/1277/1276 1309/1307/1306 1290/1281/1280
f 1310/1308/1307 1329/1309/1308 1303/1289/1288
f 1310/1308/1307 1303/1289/1288 1291/1288/1287
f 1284/1284/1283 1314/1310/1309 1312/1311/1310
f 1284/1284/1283 1312/1311/1310 1287/1269/1268
f 1285/1312/1311 1288/1313/1312 1315/1314/1313
f 1301/1290/1289 1335/1315/1314 1317/1292/1291
f 1301/1290/1289 1317/1292/1291 1292/1291/1290
f 1312/1311/1310 1338/1316/1315 1318/1294/1293
f 1312/1311/1310 1318/1294/1293 1287/1269/1268
f 1298/1300/1299 1321/1317/1316 1320/1318/1317
f 1298/1300/1299 1320/1318/1317 1300/1302/1301
f 1299/1280/1279 1319/1319/1318 1301/1290/1289
f 1298/1300/1299 1295/1299/1298 1321/1317/1316
f 1293/1293/1292 1318/1294/1293 1307/1304/1303
f 1297/1320/1319 1324/1321/1320 1322/1322/1321
f 1297/1320/1319 1322/1322/1321 1295/1299/1298
f 1322/1322/1321 1336/1323/1322 1321/1317/1316
f 1322/1322/1321 1321/1317/1316 1295/1299/1298
f 1305/1297/1296 1326/1324/1323 1323/1325/1324
f 1305/1297/1296 1323/1325/1324 1296/1295/1294
f 1305/1297/1296 1304/1303/1302 1325/1326/1325
f 1325/1326/1325 1351/1327/1326 1326/1324/1323
f 1325/1326/1325 1326/1324/1323 1305/1297/1296
f 1329/1309/1308 1325/1326/1325 1304/1303/1302
f 1329/1309/1308 1304/1303/1302 1303/1289/1288
f 1331/1328/1327 1315/1314/1313 1288/1313/1312
f 1331/1328/1327 1288/1313/1312 1316/1329/1328
f 1332/1330/1329 1334/1331/1330 1302/1332/1331
f 1332/1330/1329 1302/1332/1331 1320/1318/1317
f 1336/1323/1322 1332/1330/1329 1320/1318/1317
f 1336/1323/1322 1320/1318/1317 1321/1317/1316
f 1333/1333/1332 1353/1334/1333 1331/1328/1327
f 1333/1333/1332 1331/1328/1327 1316/1329/1328
f 1337/1335/1334 1308/1306/1305 1307/1304/1303
f 1337/1335/1334 1307/1304/1303 1318/1294/1293
f 1318/1294/1293 1338/1316/1315 1337/1335/1334
f 1339/1336/1335 1343/1337/1336 1309/1307/1306
f 1339/1336/1335 1309/1307/1306 1306/1305/1304
f 1306/1305/1304 1308/1306/1305 1339/1336/1335
f 1311/1338/1337 1344/1339/1338 1342/1340/1339
f 1311/1338/1337 1342/1340/1339 1330/1341/1340
f 1315/1314/1313 1347/1342/1341 1346/1343/1342
f 1315/1314/1313 1346/1343/1342 1313/1344/1343
f 1331/1328/1327 1372/1345/1344 1347/1342/1341
f 1331/1328/1327 1347/1342/1341 1315/1314/1313
f 1312/1311/1310 1345/1346/1345 1338/1316/1315
f 1324/1321/1320 1328/1347/1346 1348/1348/1347
f 1324/1321/1320 1348/1348/1347 1322/1322/1321
f 1349/1349/1348 1351/1327/1326 1325/1326/1325
f 1349/1349/1348 1325/1326/1325 1329/1309/1308
f 1342/1340/1339 1371/1350/1349 1350/1351/1350
f 1341/1352/1351 1349/1349/1348 1329/1309/1308
f 1332/1330/1329 1356/1353/1352 1354/1354/1353
f 1332/1330/1329 1354/1354/1353 1334/1331/1330
f 1355/1355/1354 1356/1353/1352 1332/1330/1329
f 1355/1355/1354 1332/1330/1329 1336/1323/1322
f 1336/1323/1322 1322/1322/1321 1355/1355/1354
f 1322/1322/1321 1348/1348/1347 1357/1356/1355
f 1322/1322/1321 1357/1356/1355 1355/1355/1354
f 1308/1306/1305 1337/1335/1334 1358/1357/1356
f 1308/1306/1305 1358/1357/1356 1359/1358/1357
f 1308/1306/1305 1359/1358/1357 1339/1336/1335
f 1352/1359/1358 1370/1360/1359 1360/1361/1360
f 1352/1359/1358 1360/1361/1360 1327/1362/1361
f 1328/1347/1346 1361/1363/1362 1363/1364/1363
f 1328/1347/1346 1363/1364/1363 1348/1348/1347
f 1364/1365/1364 1366/1366/1365 1338/1316/1315
f 1364/1365/1364 1338/1316/1315 1345/1346/1345
f 1338/1316/1315 1366/1366/1365 1358/1357/1356
f 1338/1316/1315 1358/1357/1356 1337/1335/1334
f 1346/1343/1342 1347/1342/1341 1365/1367/1366
f 1368/1368/1367 1369/1369/1368 1344/1339/1338
f 1368/1368/1367 1344/1339/1338 1340/1370/1369
f 1339/1336/1335 1359/1358/1357 1367/1371/1370
f 1369/1369/1368 1371/1350/1349 1342/1340/1339
f 1369/1369/1368 1342/1340/1339 1344/1339/1338
f 1350/1351/1350 1371/1350/1349 1370/1360/1359
f 1350/1351/1350 1370/1360/1359 1352/1359/1358
f 1353/1334/1333 1373/1372/1371 1372/1345/1344
f 1353/1334/1333 1372/1345/1344 1331/1328/1327
f 1354/1354/1353 1356/1353/1352 1374/1373/1372
f 1355/1355/1354 1357/1356/1355 1356/1353/1352
f 1348/1348/1347 1363/1364/1363 1375/1374/1373
f 1348/1348/1347 1375/1374/1373 1357/1356/1355
f 1372/1345/1344 1373/1372/1371 1376/1375/1374
f 1372/1345/1344 1376/1375/1374 1347/1342/1341
f 1347/1342/1341 1376/1375/1374 1377/1376/1375
f 1347/1342/1341 1377/1376/1375 1365/1367/1366
f 1378/1377/1376 1382/1378/1377 1358/1357/1356
f 1378/1377/1376 1358/1357/1356 1366/1366/1365
f 1380/1379/1378 1378/1377/1376 1366/1366/1365
f 1380/1379/1378 1366/1366/1365 1364/1365/1364
f 1382/1378/1377 1383/1380/1379 1359/1358/1357
f 1382/1378/1377 1359/1358/1357 1358/1357/1356
f 1365/1367/1366 1377/1376/1375 1381/1381/1380
f 1383/1380/1379 1385/1382/1381 1367/1371/1370
f 1383/1380/1379 1367/1371/1370 1359/1358/1357
f 1386/1383/1382 1387/1384/1383 1369/1369/1368
f 1386/1383/1382 1369/1369/1368 1368/1368/1367
f 1387/1384/1383 1392/1385/1384 1371/1350/1349
f 1387/1384/1383 1371/1350/1349 1369/1369/1368
f 1388/1386/1385 1362/1387/1386 1360/1361/1360
f 1388/1386/1385 1360/1361/1360 1370/1360/1359
f 1371/1350/1349 1392/1385/1384 1390/1388/1387
f 1371/1350/1349 1390/1388/1387 1370/1360/1359
f 1391/1389/1388 1388/1386/1385 1370/1360/1359
f 1391/1389/1388 1370/1360/1359 1390/1388/1387
f 1357/1356/1355 1394/1390/1389 1393/1391/1390
f 1357/1356/1355 1393/1391/1390 1356/1353/1352
f 1393/1391/1390 1408/1392/1391 1374/1373/1372
f 1393/1391/1390 1374/1373/1372 1356/1353/1352
f 1357/1356/1355 1375/1374/1373 1394/1390/1389
f 1395/1393/1392 1400/1394/1393 1383/1380/1379
f 1395/1393/1392 1383/1380/1379 1382/1378/1377
f 1396/1395/1394 1395/1393/1392 1382/1378/1377
f 1396/1395/1394 1382/1378/1377 1378/1377/1376
f 1399/1396/1395 1401/1397/1396 1386/1383/1382
f 1399/1396/1395 1386/1383/1382 1384/1398/1397
f 1383/1380/1379 1400/1394/1393 1398/1399/1398
f 1401/1397/1396 1409/1400/1399 1387/1384/1383
f 1401/1397/1396 1387/1384/1383 1386/1383/1382
f 1363/1364/1363 1389/1401/1400 1403/1402/1401
f 1363/1364/1363 1403/1402/1401 1375/1374/1373
f 1381/1381/1380 1406/1403/1402 1405/1404/1403
f 1381/1381/1380 1405/1404/1403 1379/1405/1404
f 1377/1376/1375 1410/1406/1405 1406/1403/1402
f 1377/1376/1375 1406/1403/1402 1381/1381/1380
f 1407/1407/1406 1411/1408/1407 1376/1375/1374
f 1407/1407/1406 1376/1375/1374 1373/1372/1371
f 1378/1377/1376 1404/1409/1408 1396/1395/1394
f 1409/1400/1399 1412/1410/1409 1392/1385/1384
f 1409/1400/1399 1392/1385/1384 1387/1384/1383
f 1376/1375/1374 1411/1408/1407 1410/1406/1405
f 1376/1375/1374 1410/1406/1405 1377/1376/1375
f 1412/1410/1409 1391/1389/1388 1390/1388/1387
f 1412/1410/1409 1390/1388/1387 1392/1385/1384
f 1375/1374/1373 1403/1402/1401 1413/1411/1410
f 1375/1374/1373 1413/1411/1410 1394/1390/1389
f 1414/1412/1411 1411/1408/1407 1407/1407/1406
f 1415/1413/1412 1408/1392/1391 1393/1391/1390
f 1416/1414/1413 1417/1415/1414 1393/1391/1390
f 1416/1414/1413 1393/1391/1390 1394/1390/1389
f 1393/1391/1390 1417/1415/1414 1415/1413/1412
f 1418/1416/1415 1402/1417/1416 1388/1386/1385
f 1418/1416/1415 1388/1386/1385 1391/1389/1388
f 1421/1418/1417 1423/1419/1418 1401/1397/1396
f 1421/1418/1417 1401/1397/1396 1399/1396/1395
f 1400/1394/1393 1432/1420/1419 1420/1421/1420
f 1400/1394/1393 1420/1421/1420 1398/1399/1398
f 1401/1397/1396 1423/1419/1418 1422/1422/1421
f 1401/1397/1396 1422/1422/1421 1409/1400/1399
f 1422/1422/1421 1431/1423/1422 1412/1410/1409
f 1422/1422/1421 1412/1410/1409 1409/1400/1399
f 1406/1403/1402 1428/1424/1423 1424/1425/1424
f 1406/1403/1402 1424/1425/1424 1405/1404/1403
f 1405/1404/1403 1424/1425/1424 1426/1426/1425
f 1405/1404/1403 1426/1426/1425 1397/1427/1426
f 1410/1406/1405 1429/1428/1427 1427/1429/1428
f 1410/1406/1405 1427/1429/1428 1406/1403/1402
f 1427/1429/1428 1441/1430/1429 1428/1424/1423
f 1427/1429/1428 1428/1424/1423 1406/1403/1402
f 1410/1406/1405 1411/1408/1407 1429/1428/1427
f 1394/1390/1389 1413/1411/1410 1416/1414/1413
f 1412/1410/1409 1431/1423/1422 1430/1431/1430
f 1412/1410/1409 1430/1431/1430 1391/1389/1388
f 1391/1389/1388 1430/1431/1430 1418/1416/1415
f 1395/1393/1392 1432/1420/1419 1400/1394/1393
f 1433/1432/1431 1432/1420/1419 1395/1393/1392
f 1433/1432/1431 1395/1393/1392 1396/1395/1394
f 1434/1433/1432 1433/1432/1431 1396/1395/1394
f 1434/1433/1432 1396/1395/1394 1425/1434/1433
f 1436/1435/1434 1440/1436/1435 1429/1428/1427
f 1436/1435/1434 1429/1428/1427 1411/1408/1407
f 1437/1437/1436 1436/1435/1434 1411/1408/1407
f 1437/1437/1436 1411/1408/1407 1414/1412/1411
f 1439/1438/1437 1413/1411/1410 1403/1402/1401
f 1439/1438/1437 1403/1402/1401 1419/1439/1438
f 1440/1436/1435 1441/1430/1429 1427/1429/1428
f 1440/1436/1435 1427/1429/1428 1429/1428/1427
f 1417/1415/1414 1461/1440/1439 1438/1441/1440
f 1417/1415/1414 1438/1441/1440 1415/1413/1412
f 1421/1418/1417 1445/1442/1441 1443/1443/1442
f 1421/1418/1417 1443/1443/1442 1423/1419/1418
f 1432/1420/1419 1454/1444/1443 1444/1445/1444
f 1432/1420/1419 1444/1445/1444 1420/1421/1420
f 1443/1443/1442 1449/1446/1445 1422/1422/1421
f 1443/1443/1442 1422/1422/1421 1423/1419/1418
f 1430/1431/1430 1451/1447/1446 1446/1448/1447
f 1430/1431/1430 1446/1448/1447 1418/1416/1415
f 1419/1439/1438 1447/1449/1448 1439/1438/1437
f 1448/1450/1449 1450/1451/1450 1431/1423/1422
f 1448/1450/1449 1431/1423/1422 1422/1422/1421
f 1449/1446/1445 1465/1452/1451 1448/1450/1449
f 1449/1446/1445 1448/1450/1449 1422/1422/1421
f 1450/1451/1450 1451/1447/1446 1430/1431/1430
f 1450/1451/1450 1430/1431/1430 1431/1423/1422
f 1452/1453/1452 1453/1454/1453 1416/1414/1413
f 1452/1453/1452 1416/1414/1413 1413/1411/1410
f 1416/1414/1413 1453/1454/1453 1417/1415/1414
f 1413/1411/1410 1439/1438/1437 1452/1453/1452
f 1433/1432/1431 1462/1455/1454 1454/1444/1443
f 1433/1432/1431 1454/1444/1443 1432/1420/1419
f 1424/1425/1424 1458/1456/1455 1456/1457/1456
f 1424/1425/1424 1456/1457/1456 1426/1426/1425
f 1426/1426/1425 1456/1457/1456 1435/1458/1457
f 1428/1424/1423 1459/1459/1458 1458/1456/1455
f 1428/1424/1423 1458/1456/1455 1424/1425/1424
f 1441/1430/1429 1472/1460/1459 1459/1459/1458
f 1441/1430/1429 1459/1459/1458 1428/1424/1423
f 1453/1454/1453 1478/1461/1460 1461/1440/1439
f 1453/1454/1453 1461/1440/1439 1417/1415/1414
f 1433/1432/1431 1434/1433/1432 1462/1455/1454
f 1464/1462/1461 1452/1453/1452 1439/1438/1437
f 1464/1462/1461 1439/1438/1437 1447/1449/1448
f 1448/1450/1449 1465/1452/1451 1450/1451/1450
f 1450/1451/1450 1466/1463/1462 1451/1447/1446
f 1467/1464/1463 1466/1463/1462 1450/1451/1450
f 1467/1464/1463 1450/1451/1450 1465/1452/1451
f 1451/1447/1446 1466/1463/1462 1468/1465/1464
f 1451/1447/1446 1468/1465/1464 1446/1448/1447
f 1446/1448/1447 1468/1465/1464 1469/1466/1465
f 1446/1448/1447 1469/1466/1465 1463/1467/1466
f 1471/1468/1467 1472/1460/1459 1441/1430/1429
f 1471/1468/1467 1441/1430/1429 1440/1436/1435
f 1473/1469/1468 1471/1468/1467 1440/1436/1435
f 1473/1469/1468 1440/1436/1435 1436/1435/1434
f 1437/1437/1436 1474/1470/1469 1473/1469/1468
f 1437/1437/1436 1473/1469/1468 1436/1435/1434
f 1460/1471/1470 1500/1472/1471 1474/1470/1469
f 1461/1440/1439 1475/1473/1472 1438/1441/1440
f 1477/1474/1473 1478/1461/1460 1453/1454/1453
f 1477/1474/1473 1453/1454/1453 1452/1453/1452
f 1452/1453/1452 1464/1462/1461 1477/1474/1473
f 1479/1475/1474 1487/1476/1475 1462/1455/1454
f 1479/1475/1474 1462/1455/1454 1434/1433/1432
f 1455/1477/1476 1488/1478/1477 1479/1475/1474
f 1455/1477/1476 1479/1475/1474 1434/1433/1432
f 1454/1444/1443 1462/1455/1454 1480/1479/1478
f 1454/1444/1443 1480/1479/1478 1444/1445/1444
f 1444/1445/1444 1481/1480/1479 1442/1481/1480
f 1480/1479/1478 1490/1482/1481 1481/1480/1479
f 1480/1479/1478 1481/1480/1479 1444/1445/1444
f 1470/1483/1482 1505/1484/1483 1477/1474/1473
f 1470/1483/1482 1477/1474/1473 1464/1462/1461
f 1442/1481/1480 1485/1485/1484 1482/1486/1485
f 1443/1443/1442 1483/1487/1486 1449/1446/1445
f 1481/1480/1479 1491/1488/1487 1485/1485/1484
f 1481/1480/1479 1485/1485/1484 1442/1481/1480
f 1483/1487/1486 1492/1489/1488 1465/1452/1451
f 1483/1487/1486 1465/1452/1451 1449/1446/1445
f 1487/1476/1475 1490/1482/1481 1480/1479/1478
f 1487/1476/1475 1480/1479/1478 1462/1455/1454
f 1456/1457/1456 1458/1456/1455 1489/1490/1489
f 1490/1482/1481 1516/1491/1490 1491/1488/1487
f 1490/1482/1481 1491/1488/1487 1481/1480/1479
f 1483/1487/1486 1494/1492/1491 1492/1489/1488
f 1486/1493/1492 1518/1494/1493 1495/1495/1494
f 1486/1493/1492 1495/1495/1494 1484/1496/1495
f 1492/1489/1488 1512/1497/1496 1496/1498/1497
f 1492/1489/1488 1496/1498/1497 1465/1452/1451
f 1496/1498/1497 1514/1499/1498 1467/1464/1463
f 1496/1498/1497 1467/1464/1463 1465/1452/1451
f 1466/1463/1462 1499/1500/1499 1498/1501/1500
f 1466/1463/1462 1498/1501/1500 1468/1465/1464
f 1467/1464/1463 1514/1499/1498 1499/1500/1499
f 1467/1464/1463 1499/1500/1499 1466/1463/1462
f 1478/1461/1460 1502/1502/1501 1501/1503/1502
f 1478/1461/1460 1501/1503/1502 1461/1440/1439
f 1477/1474/1473 1507/1504/1503 1502/1502/1501
f 1477/1474/1473 1502/1502/1501 1478/1461/1460
f 1476/1505/1504 1504/1506/1504 1506/1507/1504
f 1468/1465/1464 1498/1501/1500 1469/1466/1465
f 1498/1501/1500 1536/1508/1505 1503/1509/1506
f 1498/1501/1500 1503/1509/1506 1469/1466/1465
f 1459/1459/1458 1509/1510/1507 1458/1456/1455
f 1472/1460/1459 1523/1511/1508 1509/1510/1507
f 1472/1460/1459 1509/1510/1507 1459/1459/1458
f 1510/1512/1509 1511/1513/1510 1487/1476/1475
f 1510/1512/1509 1487/1476/1475 1479/1475/1474
f 1479/1475/1474 1488/1478/1477 1510/1512/1509
f 1487/1476/1475 1511/1513/1510 1490/1482/1481
f 1495/1495/1494 1539/1514/1511 1513/1515/1512
f 1495/1495/1494 1513/1515/1512 1493/1516/1513
f 1511/1513/1510 1545/1517/1514 1516/1491/1490
f 1511/1513/1510 1516/1491/1490 1490/1482/1481
f 1513/1515/1512 1543/1518/1515 1515/1519/1516
f 1513/1515/1512 1515/1519/1516 1497/1520/1517
f 1519/1521/1518 1517/1522/1519 1485/1485/1484
f 1519/1521/1518 1485/1485/1484 1491/1488/1487
f 1508/1523/1520 1538/1524/1521 1488/1478/1477
f 1508/1523/1520 1488/1478/1477 1457/1525/1522
f 1471/1468/1467 1525/1526/1523 1521/1527/1524
f 1471/1468/1467 1521/1527/1524 1472/1460/1459
f 1472/1460/1459 1521/1527/1524 1523/1511/1508
f 1524/1528/1525 1525/1526/1523 1471/1468/1467
f 1524/1528/1525 1471/1468/1467 1473/1469/1468
f 1500/1472/1471 1529/1529/1526 1526/1530/1527
f 1500/1472/1471 1526/1530/1527 1474/1470/1469
f 1474/1470/1469 1526/1530/1527 1524/1528/1525
f 1474/1470/1469 1524/1528/1525 1473/1469/1468
f 1502/1502/1501 1531/1531/1528 1528/1532/1529
f 1502/1502/1501 1528/1532/1529 1501/1503/1502
f 1528/1532/1529 1544/1533/1530 1530/1534/1531
f 1528/1532/1529 1530/1534/1531 1501/1503/1502
f 1507/1504/1503 1535/1535/1532 1531/1531/1528
f 1507/1504/1503 1531/1531/1528 1502/1502/1501
f 1533/1536/1533 1535/1535/1532 1507/1504/1503
f 1533/1536/1533 1507/1504/1503 1505/1484/1483
f 1498/1501/1500 1499/1500/1499 1536/1508/1505
f 1538/1524/1521 1542/1537/1534 1510/1512/1509
f 1538/1524/1521 1510/1512/1509 1488/1478/1477
f 1537/1538/1535 1552/1539/1536 1533/1536/1533
f 1537/1538/1535 1533/1536/1533 1505/1484/1483
f 1518/1494/1493 1563/1540/1537 1539/1514/1511
f 1518/1494/1493 1539/1514/1511 1495/1495/1494
f 1515/1519/1516 1548/1541/1538 1541/1542/1539
f 1514/1499/1498 1540/1543/1540 1499/1500/1499
f 1540/1543/1540 1554/1544/1541 1536/1508/1505
f 1540/1543/1540 1536/1508/1505 1499/1500/1499
f 1542/1537/1534 1545/1517/1514 1511/1513/1510
f 1542/1537/1534 1511/1513/1510 1510/1512/1509
f 1513/1515/1512 1539/1514/1511 1543/1518/1515
f 1531/1531/1528 1547/1545/1542 1544/1533/1530
f 1531/1531/1528 1544/1533/1530 1528/1532/1529
f 1531/1531/1528 1535/1535/1532 1547/1545/1542
f 1491/1488/1487 1516/1491/1490 1519/1521/1518
f 1543/1518/1515 1565/1546/1543 1548/1541/1538
f 1543/1518/1515 1548/1541/1538 1515/1519/1516
f 1549/1547/1544 1546/1548/1545 1534/1549/1546
f 1549/1547/1544 1534/1549/1546 1532/1550/1547
f 1552/1539/1536 1561/1551/1548 1550/1552/1549
f 1552/1539/1536 1550/1552/1549 1533/1536/1533
f 1555/1553/1550 1562/1554/1551 1553/1555/1552
f 1554/1544/1541 1551/1556/1553 1536/1508/1505
f 1541/1542/1539 1548/1541/1538 1555/1553/1550
f 1556/1557/1554 1558/1558/1555 1530/1534/1531
f 1556/1557/1554 1530/1534/1531 1544/1533/1530
f 1557/1559/1556 1568/1560/1557 1526/1530/1527
f 1558/1558/1555 1527/1561/1558 1530/1534/1531
f 1544/1533/1530 1547/1545/1542 1559/1562/1559
f 1559/1562/1559 1585/1563/1560 1556/1557/1554
f 1559/1562/1559 1556/1557/1554 1544/1533/1530
f 1547/1545/1542 1550/1552/1549 1560/1564/1561
f 1560/1564/1561 1583/1565/1562 1559/1562/1559
f 1560/1564/1561 1559/1562/1559 1547/1545/1542
f 1561/1551/1548 1582/1566/1563 1560/1564/1561
f 1561/1551/1548 1560/1564/1561 1550/1552/1549
f 1520/1567/1564 1571/1568/1565 1563/1540/1537
f 1520/1567/1564 1563/1540/1537 1518/1494/1493
f 1539/1514/1511 1563/1540/1537 1564/1569/1566
f 1539/1514/1511 1564/1569/1566 1543/1518/1515
f 1543/1518/1515 1564/1569/1566 1565/1546/1543
f 1525/1526/1523 1524/1528/1525 1566/1570/1567
f 1525/1526/1523 1566/1570/1567 1567/1571/1568
f 1525/1526/1523 1567/1571/1568 1521/1527/1524
f 1568/1560/1557 1576/1572/1569 1524/1528/1525
f 1568/1560/1557 1524/1528/1525 1526/1530/1527
f 1548/1541/1538 1565/1546/1543 1569/1573/1570
f 1548/1541/1538 1569/1573/1570 1555/1553/1550
f 1516/1491/1490 1572/1574/1571 1570/1575/1572
f 1516/1491/1490 1570/1575/1572 1519/1521/1518
f 1545/1517/1514 1587/1576/1573 1572/1574/1571
f 1545/1517/1514 1572/1574/1571 1516/1491/1490
f 1555/1553/1550 1569/1573/1570 1574/1577/1574
f 1555/1553/1550 1574/1577/1574 1562/1554/1551
f 1508/1523/1520 1522/1578/1575 1575/1579/1576
f 1508/1523/1520 1575/1579/1576 1538/1524/1521
f 1576/1572/1569 1588/1580/1577 1566/1570/1567
f 1576/1572/1569 1566/1570/1567 1524/1528/1525
f 1575/1579/1576 1591/1581/1578 1542/1537/1534
f 1575/1579/1576 1542/1537/1534 1538/1524/1521
f 1577/1582/1579 1579/1583/1580 1521/1527/1524
f 1577/1582/1579 1521/1527/1524 1567/1571/1568
f 1578/1584/1581 1592/1585/1582 1522/1578/1575
f 1579/1583/1580 1523/1511/1508 1521/1527/1524
f 1580/1586/1583 1576/1572/1569 1568/1560/1557
f 1580/1586/1583 1568/1560/1557 1557/1559/1556
f 1560/1564/1561 1584/1587/1584 1583/1565/1562
f 1582/1566/1563 1599/1588/1585 1584/1587/1584
f 1582/1566/1563 1584/1587/1584 1560/1564/1561
f 1573/1589/1586 1599/1588/1585 1582/1566/1563
f 1573/1589/1586 1582/1566/1563 1561/1551/1548
f 1556/1557/1554 1585/1563/1560 1586/1590/1587
f 1556/1557/1554 1586/1590/1587 1558/1558/1555
f 1559/1562/1559 1583/1565/1562 1585/1563/1560
f 1542/1537/1534 1591/1581/1578 1587/1576/1573
f 1542/1537/1534 1587/1576/1573 1545/1517/1514
f 1588/1580/1577 1590/1591/1588 1567/1571/1568
f 1588/1580/1577 1567/1571/1568 1566/1570/1567
f 1589/1592/1589 1581/1593/1590 1558/1558/1555
f 1589/1592/1589 1558/1558/1555 1586/1590/1587
f 1567/1571/1568 1590/1591/1588 1577/1582/1579
f 1592/1585/1582 1591/1581/1578 1575/1579/1576
f 1592/1585/1582 1575/1579/1576 1522/1578/1575
f 1563/1540/1537 1571/1568/1565 1594/1594/1591
f 1563/1540/1537 1594/1594/1591 1595/1595/1592
f 1563/1540/1537 1595/1595/1592 1564/1569/1566
f 1583/1565/1562 1598/1596/1593 1596/1597/1594
f 1583/1565/1562 1596/1597/1594 1585/1563/1560
f 1585/1563/1560 1596/1597/1594 1597/1598/1595
f 1585/1563/1560 1597/1598/1595 1586/1590/1587
f 1584/1587/1584 1600/1599/1596 1598/1596/1593
f 1584/1587/1584 1598/1596/1593 1583/1565/1562
f 1599/1588/1585 1611/1600/1597 1600/1599/1596
f 1599/1588/1585 1600/1599/1596 1584/1587/1584
f 1586/1590/1587 1597/1598/1595 1589/1592/1589
f 1601/1601/1598 1603/1602/1599 1572/1574/1571
f 1601/1601/1598 1572/1574/1571 1587/1576/1573
f 1602/1603/1600 1601/1601/1598 1587/1576/1573
f 1602/1603/1600 1587/1576/1573 1591/1581/1578
f 1603/1602/1599 1593/1604/1601 1570/1575/1572
f 1603/1602/1599 1570/1575/1572 1572/1574/1571
f 1605/1605/1602 1606/1606/1603 1588/1580/1577
f 1605/1605/1602 1588/1580/1577 1576/1572/1569
f 1580/1586/1583 1609/1607/1604 1605/1605/1602
f 1580/1586/1583 1605/1605/1602 1576/1572/1569
f 1606/1606/1603 1614/1608/1605 1590/1591/1588
f 1606/1606/1603 1590/1591/1588 1588/1580/1577
f 1565/1546/1543 1607/1609/1606 1569/1573/1570
f 1564/1569/1566 1595/1595/1592 1607/1609/1606
f 1564/1569/1566 1607/1609/1606 1565/1546/1543
f 1589/1592/1589 1597/1598/1595 1608/1610/1607
f 1589/1592/1589 1608/1610/1607 1581/1593/1590
f 1608/1610/1607 1626/1611/1608 1610/1612/1609
f 1608/1610/1607 1610/1612/1609 1581/1593/1590
f 1607/1609/1606 1613/1613/1610 1574/1577/1574
f 1607/1609/1606 1574/1577/1574 1569/1573/1570
f 1573/1589/1586 1612/1614/1611 1611/1600/1597
f 1573/1589/1586 1611/1600/1597 1599/1588/1585
f 1614/1608/1605 1620/1615/1612 1577/1582/1579
f 1614/1608/1605 1577/1582/1579 1590/1591/1588
f 1591/1581/1578 1592/1585/1582 1615/1616/1613
f 1615/1616/1613 1631/1617/1614 1602/1603/1600
f 1615/1616/1613 1602/1603/1600 1591/1581/1578
f 1616/1618/1615 1615/1616/1613 1592/1585/1582
f 1616/1618/1615 1592/1585/1582 1578/1584/1581
f 1606/1606/1603 1617/1619/1616 1614/1608/1605
f 1605/1605/1602 1630/1620/1617 1618/1621/1618
f 1605/1605/1602 1618/1621/1618 1606/1606/1603
f 1618/1621/1618 1646/1622/1619 1617/1619/1616
f 1618/1621/1618 1617/1619/1616 1606/1606/1603
f 1579/1583/1580 1577/1582/1579 1620/1615/1612
f 1578/1584/1581 1619/1623/1620 1621/1624/1621
f 1578/1584/1581 1621/1624/1621 1616/1618/1615
f 1596/1597/1594 1624/1625/1622 1623/1626/1623
f 1596/1597/1594 1623/1626/1623 1597/1598/1595
f 1623/1626/1623 1626/1611/1608 1608/1610/1607
f 1623/1626/1623 1608/1610/1607 1597/1598/1595
f 1596/1597/1594 1598/1596/1593 1624/1625/1622
f 1625/1627/1624 1624/1625/1622 1598/1596/1593
f 1625/1627/1624 1598/1596/1593 1600/1599/1596
f 1600/1599/1596 1611/1600/1597 1625/1627/1624
f 1617/1619/1616 1636/1628/1625 1620/1615/1612
f 1617/1619/1616 1620/1615/1612 1614/1608/1605
f 1627/1629/1626 1630/1620/1617 1605/1605/1602
f 1627/1629/1626 1605/1605/1602 1609/1607/1604
f 1629/1630/1627 1628/1631/1628 1610/1612/1609
f 1629/1630/1627 1610/1612/1609 1626/1611/1608
f 1632/1632/1629 1633/1633/1630 1615/1616/1613
f 1632/1632/1629 1615/1616/1613 1616/1618/1615
f 1615/1616/1613 1633/1633/1630 1631/1617/1614
f 1634/1634/1631 1603/1602/1599 1601/1601/1598
f 1634/1634/1631 1601/1601/1598 1602/1603/1600
f 1602/1603/1600 1631/1617/1614 1634/1634/1631
f 1611/1600/1597 1612/1614/1611 1635/1635/1632
f 1611/1600/1597 1635/1635/1632 1625/1627/1624
f 1616/1618/1615 1621/1624/1621 1632/1632/1629
f 1620/1615/1612 1636/1628/1625 1638/1636/1633
f 1620/1615/1612 1638/1636/1633 1622/1637/1634
f 1640/1638/1635 1645/1639/1636 1595/1595/1592
f 1640/1638/1635 1595/1595/1592 1594/1594/1591
f 1594/1594/1591 1604/1640/1637 1640/1638/1635
f 1595/1595/1592 1645/1639/1636 1641/1641/1638
f 1595/1595/1592 1641/1641/1638 1607/1609/1606
f 1641/1641/1638 1648/1642/1639 1613/1613/1610
f 1641/1641/1638 1613/1613/1610 1607/1609/1606
f 1623/1626/1623 1643/1643/1640 1642/1644/1641
f 1623/1626/1623 1642/1644/1641 1626/1611/1608
f 1642/1644/1641 1657/1645/1642 1629/1630/1627
f 1642/1644/1641 1629/1630/1627 1626/1611/1608
f 1624/1625/1622 1644/1646/1643 1643/1643/1640
f 1624/1625/1622 1643/1643/1640 1623/1626/1623
f 1635/1635/1632 1644/1646/1643 1624/1625/1622
f 1635/1635/1632 1624/1625/1622 1625/1627/1624
f 1646/1622/1619 1661/1647/1644 1636/1628/1625
f 1646/1622/1619 1636/1628/1625 1617/1619/1616
f 1647/1648/1645 1665/1649/1646 1635/1635/1632
f 1647/1648/1645 1635/1635/1632 1612/1614/1611
f 1649/1650/1647 1651/1651/1648 1632/1632/1629
f 1649/1650/1647 1632/1632/1629 1621/1624/1621
f 1637/1652/1649 1689/1653/1650 1649/1650/1647
f 1637/1652/1649 1649/1650/1647 1621/1624/1621
f 1632/1632/1629 1651/1651/1648 1650/1654/1651
f 1632/1632/1629 1650/1654/1651 1633/1633/1630
f 1650/1654/1651 1652/1655/1652 1631/1617/1614
f 1650/1654/1651 1631/1617/1614 1633/1633/1630
f 1652/1655/1652 1653/1656/1653 1634/1634/1631
f 1652/1655/1652 1634/1634/1631 1631/1617/1614
f 1653/1656/1653 1639/1657/1654 1603/1602/1599
f 1653/1656/1653 1603/1602/1599 1634/1634/1631
f 1628/1631/1628 1629/1630/1627 1656/1658/1655
f 1655/1659/1656 1664/1660/1657 1630/1620/1617
f 1655/1659/1656 1630/1620/1617 1627/1629/1626
f 1657/1645/1642 1681/1661/1658 1656/1658/1655
f 1657/1645/1642 1656/1658/1655 1629/1630/1627
f 1643/1643/1640 1658/1662/1659 1657/1645/1642
f 1643/1643/1640 1657/1645/1642 1642/1644/1641
f 1643/1643/1640 1644/1646/1643 1658/1662/1659
f 1660/1663/1660 1663/1664/1661 1646/1622/1619
f 1660/1663/1660 1646/1622/1619 1618/1621/1618
f 1663/1664/1661 1675/1665/1662 1661/1647/1644
f 1663/1664/1661 1661/1647/1644 1646/1622/1619
f 1618/1621/1618 1630/1620/1617 1664/1660/1657
f 1664/1660/1657 1677/1666/1663 1660/1663/1660
f 1664/1660/1657 1660/1663/1660 1618/1621/1618
f 1661/1647/1644 1688/1667/1664 1638/1636/1633
f 1661/1647/1644 1638/1636/1633 1636/1628/1625
f 1635/1635/1632 1665/1649/1646 1667/1668/1665
f 1635/1635/1632 1667/1668/1665 1644/1646/1643
f 1669/1669/1666 1671/1670/1667 1648/1642/1639
f 1669/1669/1666 1648/1642/1639 1641/1641/1638
f 1641/1641/1638 1645/1639/1636 1669/1669/1666
f 1670/1671/1668 1652/1655/1652 1650/1654/1651
f 1670/1671/1668 1650/1654/1651 1651/1651/1648
f 1648/1642/1639 1671/1670/1667 1666/1672/1669
f 1663/1664/1661 1660/1663/1660 1673/1673/1670
f 1672/1674/1671 1698/1675/1672 1674/1676/1673
f 1672/1674/1671 1674/1676/1673 1662/1677/1674
f 1676/1678/1675 1697/1679/1676 1672/1674/1671
f 1676/1678/1675 1672/1674/1671 1659/1680/1677
f 1655/1659/1656 1679/1681/1678 1677/1666/1663
f 1655/1659/1656 1677/1666/1663 1664/1660/1657
f 1681/1661/1658 1705/1682/1679 1680/1683/1680
f 1681/1661/1658 1680/1683/1680 1656/1658/1655
f 1667/1668/1665 1694/1684/1681 1658/1662/1659
f 1667/1668/1665 1658/1662/1659 1644/1646/1643
f 1666/1672/1669 1671/1670/1667 1682/1685/1682
f 1666/1672/1669 1682/1685/1682 1668/1686/1683
f 1683/1687/1684 1669/1669/1666 1645/1639/1636
f 1683/1687/1684 1645/1639/1636 1640/1638/1635
f 1685/1688/1685 1683/1687/1684 1640/1638/1635
f 1685/1688/1685 1640/1638/1635 1654/1689/1686
f 1674/1676/1673 1698/1675/1672 1686/1690/1687
f 1675/1665/1662 1688/1667/1664 1661/1647/1644
f 1687/1691/1688 1700/1692/1689 1689/1653/1650
f 1687/1691/1688 1689/1653/1650 1637/1652/1649
f 1649/1650/1647 1690/1693/1690 1670/1671/1668
f 1649/1650/1647 1670/1671/1668 1651/1651/1648
f 1649/1650/1647 1689/1653/1650 1690/1693/1690
f 1691/1694/1691 1684/1695/1692 1653/1656/1653
f 1691/1694/1691 1653/1656/1653 1652/1655/1652
f 1693/1696/1693 1691/1694/1691 1652/1655/1652
f 1693/1696/1693 1652/1655/1652 1670/1671/1668
f 1682/1685/1682 1713/1697/1694 1695/1698/1695
f 1682/1685/1682 1695/1698/1695 1668/1686/1683
f 1678/1699/1696 1704/1700/1697 1696/1701/1698
f 1678/1699/1696 1696/1701/1698 1676/1678/1675
f 1696/1701/1698 1720/1702/1699 1697/1679/1676
f 1696/1701/1698 1697/1679/1676 1676/1678/1675
f 1698/1675/1672 1719/1703/1700 1699/1704/1701
f 1698/1675/1672 1699/1704/1701 1686/1690/1687
f 1700/1692/1689 1718/1705/1702 1690/1693/1690
f 1700/1692/1689 1690/1693/1690 1689/1653/1650
f 1670/1671/1668 1690/1693/1690 1693/1696/1693
f 1657/1645/1642 1702/1706/1703 1701/1707/1704
f 1657/1645/1642 1701/1707/1704 1681/1661/1658
f 1658/1662/1659 1711/1708/1705 1702/1706/1703
f 1658/1662/1659 1702/1706/1703 1657/1645/1642
f 1707/1709/1706 1705/1682/1679 1681/1661/1658
f 1707/1709/1706 1681/1661/1658 1701/1707/1704
f 1672/1674/1671 1697/1679/1676 1708/1710/1707
f 1672/1674/1671 1708/1710/1707 1698/1675/1672
f 1710/1711/1708 1715/1712/1709 1685/1688/1685
f 1710/1711/1708 1685/1688/1685 1692/1713/1710
f 1693/1696/1693 1724/1714/1711 1709/1715/1712
f 1693/1696/1693 1709/1715/1712 1691/1694/1691
f 1658/1662/1659 1694/1684/1681 1711/1708/1705
f 1671/1670/1667 1716/1716/1713 1713/1697/1694
f 1671/1670/1667 1713/1697/1694 1682/1685/1682
f 1683/1687/1684 1714/1717/1714 1669/1669/1666
f 1715/1712/1709 1714/1717/1714 1683/1687/1684
f 1715/1712/1709 1683/1687/1684 1685/1688/1685
f 1669/1669/1666 1714/1717/1714 1716/1716/1713
f 1669/1669/1666 1716/1716/1713 1671/1670/1667
f 1718/1705/1702 1724/1714/1711 1693/1696/1693
f 1718/1705/1702 1693/1696/1693 1690/1693/1690
f 1708/1710/1707 1722/1718/1715 1719/1703/1700
f 1708/1710/1707 1719/1703/1700 1698/1675/1672
f 1704/1700/1697 1728/1719/1716 1720/1702/1699
f 1704/1700/1697 1720/1702/1699 1696/1701/1698
f 1702/1706/1703 1732/1720/1717 1707/1709/1706
f 1702/1706/1703 1707/1709/1706 1701/1707/1704
f 1695/1698/1695 1713/1697/1694 1721/1721/1718
f 1695/1698/1695 1721/1721/1718 1712/1722/1719
f 1697/1679/1676 1722/1718/1715 1708/1710/1707
f 1720/1702/1699 1736/1723/1720 1722/1718/1715
f 1720/1702/1699 1722/1718/1715 1697/1679/1676
f 1719/1703/1700 1727/1724/1721 1717/1725/1722
f 1719/1703/1700 1717/1725/1722 1699/1704/1701
f 1726/1726/1723 1716/1716/1713 1714/1717/1714
f 1726/1726/1723 1714/1717/1714 1715/1712/1709
f 1722/1718/1715 1736/1723/1720 1727/1724/1721
f 1722/1718/1715 1727/1724/1721 1719/1703/1700
f 1729/1727/1724 1728/1719/1716 1704/1700/1697
f 1729/1727/1724 1704/1700/1697 1706/1728/1725
f 1730/1729/1726 1733/1730/1727 1703/1731/1728
f 1730/1729/1726 1703/1731/1728 1712/1722/1719
f 1721/1721/1718 1743/1732/1729 1730/1729/1726
f 1721/1721/1718 1730/1729/1726 1712/1722/1719
f 1734/1733/1730 1726/1726/1723 1715/1712/1709
f 1734/1733/1730 1715/1712/1709 1710/1711/1708
f 1716/1716/1713 1726/1726/1723 1735/1734/1731
f 1716/1716/1713 1735/1734/1731 1713/1697/1694
f 1728/1719/1716 1739/1735/1732 1736/1723/1720
f 1728/1719/1716 1736/1723/1720 1720/1702/1699
f 1710/1711/1708 1725/1736/1733 1738/1737/1734
f 1738/1737/1734 1745/1738/1735 1734/1733/1730
f 1738/1737/1734 1734/1733/1730 1710/1711/1708
f 1717/1725/1722 1727/1724/1721 1723/1739/1736
f 1731/1740/1737 1740/1741/1738 1729/1727/1724
f 1731/1740/1737 1729/1727/1724 1706/1728/1725
f 1713/1697/1694 1735/1734/1731 1721/1721/1718
f 1728/1719/1716 1729/1727/1724 1740/1741/1738
f 1728/1719/1716 1740/1741/1738 1739/1735/1732
f 1736/1723/1720 1739/1735/1732 1742/1742/1739
f 1736/1723/1720 1742/1742/1739 1727/1724/1721
f 1727/1724/1721 1742/1742/1739 1737/1743/1740
f 1727/1724/1721 1737/1743/1740 1723/1739/1736
f 1734/1733/1730 1745/1738/1735 1735/1734/1731
f 1734/1733/1730 1735/1734/1731 1726/1726/1723
f 1735/1734/1731 1749/1744/1741 1743/1732/1729
f 1735/1734/1731 1743/1732/1729 1721/1721/1718
f 1742/1742/1739 1744/1745/1742 1737/1743/1740
f 1739/1735/1732 1740/1741/1738 1746/1746/1743
f 1739/1735/1732 1746/1746/1743 1742/1742/1739
f 1746/1746/1743 1748/1747/1744 1744/1745/1742
f 1746/1746/1743 1744/1745/1742 1742/1742/1739
f 1733/1730/1727 1730/1729/1726 1743/1732/1729
f 1743/1732/1729 1747/1748/1745 1741/1749/1746
f 1743/1732/1729 1741/1749/1746 1733/1730/1727
f 1745/1738/1735 1749/1744/1741 1735/1734/1731
f 1743/1732/1729 1749/1744/1741 1747/1748/1745
